date,tickers
2010-01-31,"A,AAPL,ABT,ADBE,ADI,ADM,ADP,ADSK,ADT,AEE,AEP,AES,AFL,AIG,AIZ,AKAM,ALL,AMAT,AMGN,AMP,AMT,AMZN,AON,APA,APD,APH,APTV,AVB,AVY,AXP,AZO,BA,BAC,BALL,BAX,BBY,BDX,BEN,BF-B,BIIB,BK,BKNG,BMY,BRK-B,BSX,BXP,C,CAG,CAH,CAT,CBRE,CCL,CF,CHRW,CI,CINF,CL,CLX,CMCSA,CME,CMI,CMS,CNP,COF,COP,COR,COST,CPAY,CPB,CRH,CRM,CSCO,CSRA,CSX,CTAS,CTRA,CTSH,CVS,CVX,D,DE,DGX,DHI,DHR,DIS,DOC,DOV,DRI,DTE,DUK,DVA,DVN,EA,EBAY,ECL,ED,EFX,EG,EIX,EL,ELV,EMR,EOG,EQR,ES,ETN,ETR,EXC,EXPD,EXPE,F,FAST,FCX,FDX,FE,FIS,FISV,FITB,GD,GE,GEN,GILD,GIS,GL,GLW,GOOG,GPC,GS,GWW,HAL,HAS,HBAN,HD,HIG,HON,HPQ,HRL,HST,HSY,HUM,IBM,ICE,IFF,INTC,INTU,IP,IQV,IRM,ISRG,ITW,IVZ,J,JCI,JNJ,JPM,KEY,KIM,KKR,KLAC,KMB,KO,KR,L,LEN,LH,LHX,LIN,LLY,LMT,LOW,LUV,MA,MAR,MAS,MCD,MCHP,MCK,MCO,MDT,MET,META,MKC,MMM,MO,MRK,MRSH,MS,MSCI,MSFT,MSI,MTB,MU,NDAQ,NEE,NEM,NI,NKE,NOC,NRG,NSC,NTAP,NTRS,NUE,NVDA,NVR,NXP,OKE,OMC,ORCL,ORLY,OXY,PAYX,PCAR,PEG,PEP,PFE,PFG,PG,PGR,PH,PHM,PLD,PM,PNC,PNW,PPG,PPL,PRU,PSA,PSKY,PTC,PVH,PWR,QCOM,RF,RL,ROK,ROP,ROST,RSG,RTX,RVTY,SBUX,SCHW,SHW,SJM,SLB,SNA,SO,SPG,SPGI,SRE,STT,STZ,SW,SWK,SYK,SYY,T,TAP,TFC,TGT,TJX,TMO,TPR,TROW,TRV,TSN,TT,TXN,TXT,UDR,UNH,UNP,UPS,USB,V,VLO,VMC,VRSN,VTR,VTRS,VZ,WAT,WDC,WEC,WELL,WFC,WM,WMB,WMT,WTW,WY,WYNN,XEL,XOM,YUM,ZBH"
2010-02-28,"A,AAPL,ABT,ADBE,ADI,ADM,ADP,ADSK,ADT,AEE,AEP,AES,AFL,AIG,AIZ,AKAM,ALL,AMAT,AMGN,AMP,AMT,AMZN,AON,APA,APD,APH,APTV,AVB,AVY,AXP,AZO,BA,BAC,BALL,BAX,BBY,BDX,BEN,BF-B,BIIB,BK,BKNG,BMY,BRK-B,BSX,BXP,C,CAG,CAH,CAT,CBRE,CCL,CF,CHRW,CI,CINF,CL,CLX,CMCSA,CME,CMI,CMS,CNP,COF,COP,COR,COST,CPAY,CPB,CRH,CRM,CSCO,CSRA,CSX,CTAS,CTRA,CTSH,CVS,CVX,D,DE,DGX,DHI,DHR,DIS,DOC,DOV,DRI,DTE,DUK,DVA,DVN,EA,EBAY,ECL,ED,EFX,EG,EIX,EL,ELV,EMR,EOG,EQR,ES,ETN,ETR,EXC,EXPD,EXPE,F,FAST,FCX,FDX,FE,FIS,FISV,FITB,GD,GE,GEN,GILD,GIS,GL,GLW,GOOG,GPC,GS,GWW,HAL,HAS,HBAN,HD,HIG,HON,HPQ,HRL,HST,HSY,HUM,IBM,ICE,IFF,INTC,INTU,IP,IQV,IRM,ISRG,ITW,IVZ,J,JCI,JNJ,JPM,KEY,KIM,KKR,KLAC,KMB,KO,KR,L,LEN,LH,LHX,LIN,LLY,LMT,LOW,LUV,MA,MAR,MAS,MCD,MCHP,MCK,MCO,MDT,MET,META,MKC,MMM,MO,MRK,MRSH,MS,MSCI,MSFT,MSI,MTB,MU,NDAQ,NEE,NEM,NI,NKE,NOC,NRG,NSC,NTAP,NTRS,NUE,NVDA,NVR,NXP,OKE,OMC,ORCL,ORLY,OXY,PAYX,PCAR,PEG,PEP,PFE,PFG,PG,PGR,PH,PHM,PLD,PM,PNC,PNW,PPG,PPL,PRU,PSA,PSKY,PTC,PVH,PWR,QCOM,RF,RL,ROK,ROP,ROST,RSG,RTX,RVTY,SBUX,SCHW,SHW,SJM,SLB,SNA,SO,SPG,SPGI,SRE,STT,STZ,SW,SWK,SYK,SYY,T,TAP,TFC,TGT,TJX,TMO,TPR,TROW,TRV,TSN,TT,TXN,TXT,UDR,UNH,UNP,UPS,USB,V,VLO,VMC,VRSN,VTR,VTRS,VZ,WAT,WDC,WEC,WELL,WFC,WM,WMB,WMT,WTW,WY,WYNN,XEL,XOM,YUM,ZBH"
2010-03-31,"A,AAPL,ABT,ADBE,ADI,ADM,ADP,ADSK,ADT,AEE,AEP,AES,AFL,AIG,AIZ,AKAM,ALL,AMAT,AMGN,AMP,AMT,AMZN,AON,APA,APD,APH,APTV,AVB,AVY,AXP,AZO,BA,BAC,BALL,BAX,BBY,BDX,BEN,BF-B,BIIB,BK,BKNG,BMY,BRK-B,BSX,BXP,C,CAG,CAH,CAT,CBRE,CCL,CF,CHRW,CI,CINF,CL,CLX,CMCSA,CME,CMI,CMS,CNP,COF,COP,COR,COST,CPAY,CPB,CRH,CRM,CSCO,CSRA,CSX,CTAS,CTRA,CTSH,CVS,CVX,D,DE,DGX,DHI,DHR,DIS,DOC,DOV,DRI,DTE,DUK,DVA,DVN,EA,EBAY,ECL,ED,EFX,EG,EIX,EL,ELV,EMR,EOG,EQR,ES,ETN,ETR,EXC,EXPD,EXPE,F,FAST,FCX,FDX,FE,FIS,FISV,FITB,GD,GE,GEN,GILD,GIS,GL,GLW,GOOG,GPC,GS,GWW,HAL,HAS,HBAN,HD,HIG,HON,HPQ,HRL,HST,HSY,HUM,IBM,ICE,IFF,INTC,INTU,IP,IQV,IRM,ISRG,ITW,IVZ,J,JCI,JNJ,JPM,KEY,KIM,KKR,KLAC,KMB,KO,KR,L,LEN,LH,LHX,LIN,LLY,LMT,LOW,LUV,MA,MAR,MAS,MCD,MCHP,MCK,MCO,MDT,MET,META,MKC,MMM,MO,MRK,MRSH,MS,MSCI,MSFT,MSI,MTB,MU,NDAQ,NEE,NEM,NI,NKE,NOC,NRG,NSC,NTAP,NTRS,NUE,NVDA,NVR,NXP,OKE,OMC,ORCL,ORLY,OXY,PAYX,PCAR,PEG,PEP,PFE,PFG,PG,PGR,PH,PHM,PLD,PM,PNC,PNW,PPG,PPL,PRU,PSA,PSKY,PTC,PVH,PWR,QCOM,RF,RL,ROK,ROP,ROST,RSG,RTX,RVTY,SBUX,SCHW,SHW,SJM,SLB,SNA,SO,SPG,SPGI,SRE,STT,STZ,SW,SWK,SYK,SYY,T,TAP,TFC,TGT,TJX,TMO,TPR,TROW,TRV,TSN,TT,TXN,TXT,UDR,UNH,UNP,UPS,USB,V,VLO,VMC,VRSN,VTR,VTRS,VZ,WAT,WDC,WEC,WELL,WFC,WM,WMB,WMT,WTW,WY,WYNN,XEL,XOM,YUM,ZBH"
2010-04-30,"A,AAPL,ABT,ADBE,ADI,ADM,ADP,ADSK,ADT,AEE,AEP,AES,AFL,AIG,AIZ,AKAM,ALL,AMAT,AMGN,AMP,AMT,AMZN,AON,APA,APD,APH,APTV,AVB,AVY,AXP,AZO,BA,BAC,BALL,BAX,BBY,BDX,BEN,BF-B,BIIB,BK,BKNG,BMY,BRK-B,BSX,BXP,C,CAG,CAH,CAT,CBRE,CCL,CF,CHRW,CI,CINF,CL,CLX,CMCSA,CME,CMI,CMS,CNP,COF,COP,COR,COST,CPAY,CPB,CRH,CRM,CSCO,CSRA,CSX,CTAS,CTRA,CTSH,CVS,CVX,D,DE,DGX,DHI,DHR,DIS,DOC,DOV,DRI,DTE,DUK,DVA,DVN,EA,EBAY,ECL,ED,EFX,EG,EIX,EL,ELV,EMR,EOG,EQR,ES,ETN,ETR,EXC,EXPD,EXPE,F,FAST,FCX,FDX,FE,FIS,FISV,FITB,GD,GE,GEN,GILD,GIS,GL,GLW,GOOG,GPC,GS,GWW,HAL,HAS,HBAN,HD,HIG,HON,HPQ,HRL,HST,HSY,HUM,IBM,ICE,IFF,INTC,INTU,IP,IQV,IRM,ISRG,ITW,IVZ,J,JCI,JNJ,JPM,KEY,KIM,KKR,KLAC,KMB,KO,KR,L,LEN,LH,LHX,LIN,LLY,LMT,LOW,LUV,MA,MAR,MAS,MCD,MCHP,MCK,MCO,MDT,MET,META,MKC,MMM,MO,MRK,MRSH,MS,MSCI,MSFT,MSI,MTB,MU,NDAQ,NEE,NEM,NI,NKE,NOC,NRG,NSC,NTAP,NTRS,NUE,NVDA,NVR,NXP,OKE,OMC,ORCL,ORLY,OXY,PAYX,PCAR,PEG,PEP,PFE,PFG,PG,PGR,PH,PHM,PLD,PM,PNC,PNW,PPG,PPL,PRU,PSA,PSKY,PTC,PVH,PWR,QCOM,RF,RL,ROK,ROP,ROST,RSG,RTX,RVTY,SBUX,SCHW,SHW,SJM,SLB,SNA,SO,SPG,SPGI,SRE,STT,STZ,SW,SWK,SYK,SYY,T,TAP,TFC,TGT,TJX,TMO,TPR,TROW,TRV,TSN,TT,TXN,TXT,UDR,UNH,UNP,UPS,USB,V,VLO,VMC,VRSN,VTR,VTRS,VZ,WAT,WDC,WEC,WELL,WFC,WM,WMB,WMT,WTW,WY,WYNN,XEL,XOM,YUM,ZBH"
2010-05-31,"A,AAPL,ABT,ADBE,ADI,ADM,ADP,ADSK,ADT,AEE,AEP,AES,AFL,AIG,AIZ,AKAM,ALL,AMAT,AMGN,AMP,AMT,AMZN,AON,APA,APD,APH,APTV,AVB,AVY,AXP,AZO,BA,BAC,BALL,BAX,BBY,BDX,BEN,BF-B,BIIB,BK,BKNG,BMY,BRK-B,BSX,BXP,C,CAG,CAH,CAT,CBRE,CCL,CF,CHRW,CI,CINF,CL,CLX,CMCSA,CME,CMI,CMS,CNP,COF,COP,COR,COST,CPAY,CPB,CRH,CRM,CSCO,CSRA,CSX,CTAS,CTRA,CTSH,CVS,CVX,D,DE,DGX,DHI,DHR,DIS,DOC,DOV,DRI,DTE,DUK,DVA,DVN,EA,EBAY,ECL,ED,EFX,EG,EIX,EL,ELV,EMR,EOG,EQR,ES,ETN,ETR,EXC,EXPD,EXPE,F,FAST,FCX,FDX,FE,FIS,FISV,FITB,GD,GE,GEN,GILD,GIS,GL,GLW,GOOG,GPC,GS,GWW,HAL,HAS,HBAN,HD,HIG,HON,HPQ,HRL,HST,HSY,HUM,IBM,ICE,IFF,INTC,INTU,IP,IQV,IRM,ISRG,ITW,IVZ,J,JCI,JNJ,JPM,KEY,KIM,KKR,KLAC,KMB,KO,KR,L,LEN,LH,LHX,LIN,LLY,LMT,LOW,LUV,MA,MAR,MAS,MCD,MCHP,MCK,MCO,MDT,MET,META,MKC,MMM,MO,MRK,MRSH,MS,MSCI,MSFT,MSI,MTB,MU,NDAQ,NEE,NEM,NI,NKE,NOC,NRG,NSC,NTAP,NTRS,NUE,NVDA,NVR,NXP,OKE,OMC,ORCL,ORLY,OXY,PAYX,PCAR,PEG,PEP,PFE,PFG,PG,PGR,PH,PHM,PLD,PM,PNC,PNW,PPG,PPL,PRU,PSA,PSKY,PTC,PVH,PWR,QCOM,RF,RL,ROK,ROP,ROST,RSG,RTX,RVTY,SBUX,SCHW,SHW,SJM,SLB,SNA,SO,SPG,SPGI,SRE,STT,STZ,SW,SWK,SYK,SYY,T,TAP,TFC,TGT,TJX,TMO,TPR,TROW,TRV,TSN,TT,TXN,TXT,UDR,UNH,UNP,UPS,USB,V,VLO,VMC,VRSN,VTR,VTRS,VZ,WAT,WDC,WEC,WELL,WFC,WM,WMB,WMT,WTW,WY,WYNN,XEL,XOM,YUM,ZBH"
2010-06-30,"A,AAPL,ABT,ADBE,ADI,ADM,ADP,ADSK,ADT,AEE,AEP,AES,AFL,AIG,AIZ,AKAM,ALL,AMAT,AMGN,AMP,AMT,AMZN,AON,APA,APD,APH,APTV,AVB,AVY,AXP,AZO,BA,BAC,BALL,BAX,BBY,BDX,BEN,BF-B,BIIB,BK,BKNG,BMY,BRK-B,BSX,BXP,C,CAG,CAH,CAT,CB,CBRE,CCL,CF,CHRW,CI,CINF,CL,CLX,CMCSA,CME,CMI,CMS,CNP,COF,COP,COR,COST,CPAY,CPB,CRH,CRM,CSCO,CSRA,CSX,CTAS,CTRA,CTSH,CVS,CVX,D,DE,DGX,DHI,DHR,DIS,DOC,DOV,DRI,DTE,DUK,DVA,DVN,EA,EBAY,ECL,ED,EFX,EG,EIX,EL,ELV,EMR,EOG,EQR,ES,ETN,ETR,EXC,EXPD,EXPE,F,FAST,FCX,FDX,FE,FIS,FISV,FITB,GD,GE,GEN,GILD,GIS,GL,GLW,GOOG,GPC,GS,GWW,HAL,HAS,HBAN,HD,HIG,HON,HPQ,HRL,HST,HSY,HUM,IBM,ICE,IFF,INTC,INTU,IP,IQV,IRM,ISRG,ITW,IVZ,J,JCI,JNJ,JPM,KEY,KIM,KKR,KLAC,KMB,KO,KR,L,LEN,LH,LHX,LIN,LLY,LMT,LOW,LUV,MA,MAR,MAS,MCD,MCHP,MCK,MCO,MDT,MET,META,MKC,MMM,MO,MRK,MRSH,MS,MSCI,MSFT,MSI,MTB,MU,NDAQ,NEE,NEM,NI,NKE,NOC,NRG,NSC,NTAP,NTRS,NUE,NVDA,NVR,NXP,OKE,OMC,ORCL,ORLY,OXY,PAYX,PCAR,PEG,PEP,PFE,PFG,PG,PGR,PH,PHM,PLD,PM,PNC,PNW,PPG,PPL,PRU,PSA,PSKY,PTC,PVH,PWR,QCOM,RF,RL,ROK,ROP,ROST,RSG,RTX,RVTY,SBUX,SCHW,SHW,SJM,SLB,SNA,SO,SPG,SPGI,SRE,STT,STZ,SW,SWK,SYK,SYY,T,TAP,TFC,TGT,TJX,TMO,TPR,TROW,TRV,TSN,TT,TXN,TXT,UDR,UNH,UNP,UPS,USB,V,VLO,VMC,VRSN,VTR,VTRS,VZ,WAT,WDC,WEC,WELL,WFC,WM,WMB,WMT,WTW,WY,WYNN,XEL,XOM,YUM,ZBH"
2010-07-31,"A,AAPL,ABT,ADBE,ADI,ADM,ADP,ADSK,ADT,AEE,AEP,AES,AFL,AIG,AIZ,AKAM,ALL,AMAT,AMGN,AMP,AMT,AMZN,AON,APA,APD,APH,APTV,AVB,AVY,AXP,AZO,BA,BAC,BALL,BAX,BBY,BDX,BEN,BF-B,BIIB,BK,BKNG,BMY,BRK-B,BSX,BXP,C,CAG,CAH,CAT,CB,CBRE,CCL,CF,CHRW,CI,CINF,CL,CLX,CMCSA,CME,CMI,CMS,CNP,COF,COP,COR,COST,CPAY,CPB,CRH,CRM,CSCO,CSRA,CSX,CTAS,CTRA,CTSH,CVS,CVX,D,DE,DGX,DHI,DHR,DIS,DOC,DOV,DRI,DTE,DUK,DVA,DVN,EA,EBAY,ECL,ED,EFX,EG,EIX,EL,ELV,EMR,EOG,EQR,ES,ETN,ETR,EXC,EXPD,EXPE,F,FAST,FCX,FDX,FE,FIS,FISV,FITB,GD,GE,GEN,GILD,GIS,GL,GLW,GOOG,GPC,GS,GWW,HAL,HAS,HBAN,HD,HIG,HON,HPQ,HRL,HST,HSY,HUM,IBM,ICE,IFF,INTC,INTU,IP,IQV,IRM,ISRG,ITW,IVZ,J,JCI,JNJ,JPM,KEY,KIM,KKR,KLAC,KMB,KO,KR,L,LEN,LH,LHX,LIN,LLY,LMT,LOW,LUV,MA,MAR,MAS,MCD,MCHP,MCK,MCO,MDT,MET,META,MKC,MMM,MO,MRK,MRSH,MS,MSCI,MSFT,MSI,MTB,MU,NDAQ,NEE,NEM,NI,NKE,NOC,NRG,NSC,NTAP,NTRS,NUE,NVDA,NVR,NXP,OKE,OMC,ORCL,ORLY,OXY,PAYX,PCAR,PEG,PEP,PFE,PFG,PG,PGR,PH,PHM,PLD,PM,PNC,PNW,PPG,PPL,PRU,PSA,PSKY,PTC,PVH,PWR,QCOM,RF,RL,ROK,ROP,ROST,RSG,RTX,RVTY,SBUX,SCHW,SHW,SJM,SLB,SNA,SO,SPG,SPGI,SRE,STT,STZ,SW,SWK,SYK,SYY,T,TAP,TFC,TGT,TJX,TMO,TPR,TROW,TRV,TSN,TT,TXN,TXT,UDR,UNH,UNP,UPS,USB,V,VLO,VMC,VRSN,VTR,VTRS,VZ,WAT,WDC,WEC,WELL,WFC,WM,WMB,WMT,WTW,WY,WYNN,XEL,XOM,YUM,ZBH"
2010-08-31,"A,AAPL,ABT,ADBE,ADI,ADM,ADP,ADSK,ADT,AEE,AEP,AES,AFL,AIG,AIZ,AKAM,ALL,AMAT,AMGN,AMP,AMT,AMZN,AON,APA,APD,APH,APTV,AVB,AVY,AXP,AZO,BA,BAC,BALL,BAX,BBY,BDX,BEN,BF-B,BIIB,BK,BKNG,BMY,BRK-B,BSX,BXP,C,CAG,CAH,CAT,CB,CBRE,CCL,CF,CHRW,CI,CINF,CL,CLX,CMCSA,CME,CMI,CMS,CNP,COF,COP,COR,COST,CPAY,CPB,CRH,CRM,CSCO,CSRA,CSX,CTAS,CTRA,CTSH,CVS,CVX,D,DE,DGX,DHI,DHR,DIS,DOC,DOV,DRI,DTE,DUK,DVA,DVN,EA,EBAY,ECL,ED,EFX,EG,EIX,EL,ELV,EMR,EOG,EQR,ES,ETN,ETR,EXC,EXPD,EXPE,F,FAST,FCX,FDX,FE,FIS,FISV,FITB,GD,GE,GEN,GILD,GIS,GL,GLW,GOOG,GPC,GS,GWW,HAL,HAS,HBAN,HD,HIG,HON,HPQ,HRL,HST,HSY,HUM,IBM,ICE,IFF,INTC,INTU,IP,IQV,IRM,ISRG,ITW,IVZ,J,JCI,JNJ,JPM,KEY,KIM,KKR,KLAC,KMB,KO,KR,L,LEN,LH,LHX,LIN,LLY,LMT,LOW,LUV,MA,MAR,MAS,MCD,MCHP,MCK,MCO,MDT,MET,META,MKC,MMM,MO,MRK,MRSH,MS,MSCI,MSFT,MSI,MTB,MU,NDAQ,NEE,NEM,NI,NKE,NOC,NRG,NSC,NTAP,NTRS,NUE,NVDA,NVR,NXP,OKE,OMC,ORCL,ORLY,OXY,PAYX,PCAR,PEG,PEP,PFE,PFG,PG,PGR,PH,PHM,PLD,PM,PNC,PNW,PPG,PPL,PRU,PSA,PSKY,PTC,PVH,PWR,QCOM,RF,RL,ROK,ROP,ROST,RSG,RTX,RVTY,SBUX,SCHW,SHW,SJM,SLB,SNA,SO,SPG,SPGI,SRE,STT,STZ,SW,SWK,SYK,SYY,T,TAP,TFC,TGT,TJX,TMO,TPR,TROW,TRV,TSN,TT,TXN,TXT,UDR,UNH,UNP,UPS,USB,V,VLO,VMC,VRSN,VTR,VTRS,VZ,WAT,WDC,WEC,WELL,WFC,WM,WMB,WMT,WTW,WY,WYNN,XEL,XOM,YUM,ZBH"
2010-09-30,"A,AAPL,ABT,ADBE,ADI,ADM,ADP,ADSK,ADT,AEE,AEP,AES,AFL,AIG,AIZ,AKAM,ALL,AMAT,AMGN,AMP,AMT,AMZN,AON,APA,APD,APH,APTV,AVB,AVY,AXP,AZO,BA,BAC,BALL,BAX,BBY,BDX,BEN,BF-B,BIIB,BK,BKNG,BMY,BRK-B,BSX,BXP,C,CAG,CAH,CAT,CB,CBRE,CCL,CF,CHRW,CI,CINF,CL,CLX,CMCSA,CME,CMI,CMS,CNP,COF,COP,COR,COST,CPAY,CPB,CRH,CRM,CSCO,CSRA,CSX,CTAS,CTRA,CTSH,CVS,CVX,D,DE,DGX,DHI,DHR,DIS,DOC,DOV,DRI,DTE,DUK,DVA,DVN,EA,EBAY,ECL,ED,EFX,EG,EIX,EL,ELV,EMR,EOG,EQR,ES,ETN,ETR,EXC,EXPD,EXPE,F,FAST,FCX,FDX,FE,FIS,FISV,FITB,GD,GE,GEN,GILD,GIS,GL,GLW,GOOG,GPC,GS,GWW,HAL,HAS,HBAN,HD,HIG,HON,HPQ,HRL,HST,HSY,HUM,IBM,ICE,IFF,INTC,INTU,IP,IQV,IRM,ISRG,ITW,IVZ,J,JCI,JNJ,JPM,KEY,KIM,KKR,KLAC,KMB,KO,KR,L,LEN,LH,LHX,LIN,LLY,LMT,LOW,LUV,MA,MAR,MAS,MCD,MCHP,MCK,MCO,MDT,MET,META,MKC,MMM,MO,MRK,MRSH,MS,MSCI,MSFT,MSI,MTB,MU,NDAQ,NEE,NEM,NI,NKE,NOC,NRG,NSC,NTAP,NTRS,NUE,NVDA,NVR,NXP,OKE,OMC,ORCL,ORLY,OXY,PAYX,PCAR,PEG,PEP,PFE,PFG,PG,PGR,PH,PHM,PLD,PM,PNC,PNW,PPG,PPL,PRU,PSA,PSKY,PTC,PVH,PWR,QCOM,RF,RL,ROK,ROP,ROST,RSG,RTX,RVTY,SBUX,SCHW,SHW,SJM,SLB,SNA,SO,SPG,SPGI,SRE,STT,STZ,SW,SWK,SYK,SYY,T,TAP,TFC,TGT,TJX,TMO,TPR,TROW,TRV,TSN,TT,TXN,TXT,UDR,UNH,UNP,UPS,USB,V,VLO,VMC,VRSN,VTR,VTRS,VZ,WAT,WDC,WEC,WELL,WFC,WM,WMB,WMT,WTW,WY,WYNN,XEL,XOM,YUM,ZBH"
2010-10-31,"A,AAPL,ABT,ADBE,ADI,ADM,ADP,ADSK,ADT,AEE,AEP,AES,AFL,AIG,AIZ,AKAM,ALL,AMAT,AMGN,AMP,AMT,AMZN,AON,APA,APD,APH,APTV,AVB,AVY,AXP,AZO,BA,BAC,BALL,BAX,BBY,BDX,BEN,BF-B,BIIB,BK,BKNG,BMY,BRK-B,BSX,BXP,C,CAG,CAH,CAT,CB,CBRE,CCL,CF,CHRW,CI,CINF,CL,CLX,CMCSA,CME,CMI,CMS,CNP,COF,COP,COR,COST,CPAY,CPB,CRH,CRM,CSCO,CSRA,CSX,CTAS,CTRA,CTSH,CVS,CVX,D,DE,DGX,DHI,DHR,DIS,DOC,DOV,DRI,DTE,DUK,DVA,DVN,EA,EBAY,ECL,ED,EFX,EG,EIX,EL,ELV,EMR,EOG,EQR,ES,ETN,ETR,EXC,EXPD,EXPE,F,FAST,FCX,FDX,FE,FIS,FISV,FITB,GD,GE,GEN,GILD,GIS,GL,GLW,GOOG,GPC,GS,GWW,HAL,HAS,HBAN,HD,HIG,HON,HPQ,HRL,HST,HSY,HUM,IBM,ICE,IFF,INTC,INTU,IP,IQV,IRM,ISRG,ITW,IVZ,J,JCI,JNJ,JPM,KEY,KIM,KKR,KLAC,KMB,KO,KR,L,LEN,LH,LHX,LIN,LLY,LMT,LOW,LUV,MA,MAR,MAS,MCD,MCHP,MCK,MCO,MDT,MET,META,MKC,MMM,MO,MRK,MRSH,MS,MSCI,MSFT,MSI,MTB,MU,NDAQ,NEE,NEM,NI,NKE,NOC,NRG,NSC,NTAP,NTRS,NUE,NVDA,NVR,NXP,OKE,OMC,ORCL,ORLY,OXY,PAYX,PCAR,PEG,PEP,PFE,PFG,PG,PGR,PH,PHM,PLD,PM,PNC,PNW,PPG,PPL,PRU,PSA,PSKY,PTC,PVH,PWR,QCOM,RF,RL,ROK,ROP,ROST,RSG,RTX,RVTY,SBUX,SCHW,SHW,SJM,SLB,SNA,SO,SPG,SPGI,SRE,STT,STZ,SW,SWK,SYK,SYY,T,TAP,TFC,TGT,TJX,TMO,TPR,TROW,TRV,TSN,TT,TXN,TXT,UDR,UNH,UNP,UPS,USB,V,VLO,VMC,VRSN,VTR,VTRS,VZ,WAT,WDC,WEC,WELL,WFC,WM,WMB,WMT,WTW,WY,WYNN,XEL,XOM,YUM,ZBH"
2010-11-30,"A,AAPL,ABT,ADBE,ADI,ADM,ADP,ADSK,ADT,AEE,AEP,AES,AFL,AIG,AIZ,AKAM,ALL,AMAT,AMGN,AMP,AMT,AMZN,AON,APA,APD,APH,APTV,AVB,AVY,AXP,AZO,BA,BAC,BALL,BAX,BBY,BDX,BEN,BF-B,BIIB,BK,BKNG,BMY,BRK-B,BSX,BXP,C,CAG,CAH,CAT,CB,CBRE,CCL,CF,CHRW,CI,CINF,CL,CLX,CMCSA,CME,CMI,CMS,CNP,COF,COP,COR,COST,CPAY,CPB,CRH,CRM,CSCO,CSRA,CSX,CTAS,CTRA,CTSH,CVS,CVX,D,DE,DGX,DHI,DHR,DIS,DOC,DOV,DRI,DTE,DUK,DVA,DVN,EA,EBAY,ECL,ED,EFX,EG,EIX,EL,ELV,EMR,EOG,EQR,ES,ETN,ETR,EXC,EXPD,EXPE,F,FAST,FCX,FDX,FE,FFIV,FIS,FISV,FITB,GD,GE,GEN,GILD,GIS,GL,GLW,GOOG,GPC,GS,GWW,HAL,HAS,HBAN,HD,HIG,HON,HPQ,HRL,HST,HSY,HUM,IBM,ICE,IFF,INTC,INTU,IP,IQV,IRM,ISRG,ITW,IVZ,J,JCI,JNJ,JPM,KEY,KIM,KKR,KLAC,KMB,KO,KR,L,LEN,LH,LHX,LIN,LLY,LMT,LOW,LUV,MA,MAR,MAS,MCD,MCHP,MCK,MCO,MDT,MET,META,MKC,MMM,MO,MRK,MRSH,MS,MSCI,MSFT,MSI,MTB,MU,NDAQ,NEE,NEM,NFLX,NI,NKE,NOC,NRG,NSC,NTAP,NTRS,NUE,NVDA,NVR,NXP,OKE,OMC,ORCL,ORLY,OXY,PAYX,PCAR,PEG,PEP,PFE,PFG,PG,PGR,PH,PHM,PLD,PM,PNC,PNW,PPG,PPL,PRU,PSA,PSKY,PTC,PVH,PWR,QCOM,RF,RL,ROK,ROP,ROST,RSG,RTX,RVTY,SBUX,SCHW,SHW,SJM,SLB,SNA,SO,SPG,SPGI,SRE,STT,STZ,SW,SWK,SYK,SYY,T,TAP,TFC,TGT,TJX,TMO,TPR,TROW,TRV,TSN,TT,TXN,TXT,UDR,UNH,UNP,UPS,USB,V,VLO,VMC,VRSN,VTR,VTRS,VZ,WAT,WDC,WEC,WELL,WFC,WM,WMB,WMT,WTW,WY,WYNN,XEL,XOM,YUM,ZBH"
2010-12-31,"A,AAPL,ABT,ADBE,ADI,ADM,ADP,ADSK,ADT,AEE,AEP,AES,AFL,AIG,AIZ,AKAM,ALL,AMAT,AMGN,AMP,AMT,AMZN,AON,APA,APD,APH,APTV,AVB,AVY,AXP,AZO,BA,BAC,BALL,BAX,BBY,BDX,BEN,BF-B,BIIB,BK,BKNG,BMY,BRK-B,BSX,BXP,C,CAG,CAH,CAT,CB,CBRE,CCL,CF,CHRW,CI,CINF,CL,CLX,CMCSA,CME,CMI,CMS,CNP,COF,COP,COR,COST,CPAY,CPB,CRH,CRM,CSCO,CSRA,CSX,CTAS,CTRA,CTSH,CVS,CVX,D,DE,DGX,DHI,DHR,DIS,DOC,DOV,DRI,DTE,DUK,DVA,DVN,EA,EBAY,ECL,ED,EFX,EG,EIX,EL,ELV,EMR,EOG,EQR,ES,ETN,ETR,EXC,EXPD,EXPE,F,FAST,FCX,FDX,FE,FFIV,FIS,FISV,FITB,GD,GE,GEN,GILD,GIS,GL,GLW,GOOG,GPC,GS,GWW,HAL,HAS,HBAN,HD,HIG,HON,HPQ,HRL,HST,HSY,HUM,IBM,ICE,IFF,INTC,INTU,IP,IQV,IRM,ISRG,ITW,IVZ,J,JCI,JNJ,JPM,KEY,KIM,KKR,KLAC,KMB,KO,KR,L,LEN,LH,LHX,LIN,LLY,LMT,LOW,LUV,MA,MAR,MAS,MCD,MCHP,MCK,MCO,MDT,MET,META,MKC,MMM,MO,MRK,MRSH,MS,MSCI,MSFT,MSI,MTB,MU,NDAQ,NEE,NEM,NFLX,NI,NKE,NOC,NRG,NSC,NTAP,NTRS,NUE,NVDA,NVR,NXP,OKE,OMC,ORCL,ORLY,OXY,PAYX,PCAR,PEG,PEP,PFE,PFG,PG,PGR,PH,PHM,PLD,PM,PNC,PNW,PPG,PPL,PRU,PSA,PSKY,PTC,PVH,PWR,QCOM,RF,RL,ROK,ROP,ROST,RSG,RTX,RVTY,SBUX,SCHW,SHW,SJM,SLB,SNA,SO,SPG,SPGI,SRE,STT,STZ,SW,SWK,SYK,SYY,T,TAP,TFC,TGT,TJX,TMO,TPR,TROW,TRV,TSN,TT,TXN,TXT,UDR,UNH,UNP,UPS,USB,V,VLO,VMC,VRSN,VTR,VTRS,VZ,WAT,WDC,WEC,WELL,WFC,WM,WMB,WMT,WTW,WY,WYNN,XEL,XOM,YUM,ZBH"
2011-01-31,"A,AAPL,ABT,ADBE,ADI,ADM,ADP,ADSK,ADT,AEE,AEP,AES,AFL,AIG,AIZ,AKAM,ALL,AMAT,AMGN,AMP,AMT,AMZN,AON,APA,APD,APH,APTV,AVB,AVY,AXP,AZO,BA,BAC,BALL,BAX,BBY,BDX,BEN,BF-B,BIIB,BK,BKNG,BMY,BRK-B,BSX,BXP,C,CAG,CAH,CAT,CB,CBRE,CCL,CF,CHRW,CI,CINF,CL,CLX,CMCSA,CME,CMI,CMS,CNP,COF,COP,COR,COST,CPAY,CPB,CRH,CRM,CSCO,CSRA,CSX,CTAS,CTRA,CTSH,CVS,CVX,D,DE,DGX,DHI,DHR,DIS,DOC,DOV,DRI,DTE,DUK,DVA,DVN,EA,EBAY,ECL,ED,EFX,EG,EIX,EL,ELV,EMR,EOG,EQR,ES,ETN,ETR,EXC,EXPD,EXPE,F,FAST,FCX,FDX,FE,FFIV,FIS,FISV,FITB,GD,GE,GEN,GILD,GIS,GL,GLW,GOOG,GPC,GS,GWW,HAL,HAS,HBAN,HD,HIG,HON,HPQ,HRL,HST,HSY,HUM,IBM,ICE,IFF,INTC,INTU,IP,IQV,IRM,ISRG,ITW,IVZ,J,JCI,JNJ,JPM,KEY,KIM,KKR,KLAC,KMB,KO,KR,L,LEN,LH,LHX,LIN,LLY,LMT,LOW,LUV,MA,MAR,MAS,MCD,MCHP,MCK,MCO,MDT,MET,META,MKC,MMM,MO,MRK,MRSH,MS,MSCI,MSFT,MSI,MTB,MU,NDAQ,NEE,NEM,NFLX,NI,NKE,NOC,NRG,NSC,NTAP,NTRS,NUE,NVDA,NVR,NXP,OKE,OMC,ORCL,ORLY,OXY,PAYX,PCAR,PEG,PEP,PFE,PFG,PG,PGR,PH,PHM,PLD,PM,PNC,PNW,PPG,PPL,PRU,PSA,PSKY,PTC,PVH,PWR,QCOM,RF,RL,ROK,ROP,ROST,RSG,RTX,RVTY,SBUX,SCHW,SHW,SJM,SLB,SNA,SO,SPG,SPGI,SRE,STT,STZ,SW,SWK,SYK,SYY,T,TAP,TFC,TGT,TJX,TMO,TPR,TROW,TRV,TSN,TT,TXN,TXT,UDR,UNH,UNP,UPS,USB,V,VLO,VMC,VRSN,VTR,VTRS,VZ,WAT,WDC,WEC,WELL,WFC,WM,WMB,WMT,WTW,WY,WYNN,XEL,XOM,YUM,ZBH"
2011-02-28,"A,AAPL,ABT,ADBE,ADI,ADM,ADP,ADSK,ADT,AEE,AEP,AES,AFL,AIG,AIZ,AKAM,ALL,AMAT,AMGN,AMP,AMT,AMZN,AON,APA,APD,APH,APTV,AVB,AVY,AXP,AZO,BA,BAC,BALL,BAX,BBY,BDX,BEN,BF-B,BIIB,BK,BKNG,BMY,BRK-B,BSX,BXP,C,CAG,CAH,CAT,CB,CBRE,CCL,CF,CHRW,CI,CINF,CL,CLX,CMCSA,CME,CMI,CMS,CNP,COF,COP,COR,COST,CPAY,CPB,CRH,CRM,CSCO,CSRA,CSX,CTAS,CTRA,CTSH,CVS,CVX,D,DE,DGX,DHI,DHR,DIS,DOC,DOV,DRI,DTE,DUK,DVA,DVN,EA,EBAY,ECL,ED,EFX,EG,EIX,EL,ELV,EMR,EOG,EQR,ES,ETN,ETR,EW,EXC,EXPD,EXPE,F,FAST,FCX,FDX,FE,FFIV,FIS,FISV,FITB,GD,GE,GEN,GILD,GIS,GL,GLW,GOOG,GPC,GS,GWW,HAL,HAS,HBAN,HD,HIG,HON,HPQ,HRL,HST,HSY,HUM,IBM,ICE,IFF,INTC,INTU,IP,IQV,IRM,ISRG,ITW,IVZ,J,JCI,JNJ,JPM,KEY,KIM,KKR,KLAC,KMB,KO,KR,L,LEN,LH,LHX,LIN,LLY,LMT,LOW,LUV,MA,MAR,MAS,MCD,MCHP,MCK,MCO,MDT,MET,META,MKC,MMM,MO,MRK,MRSH,MS,MSCI,MSFT,MSI,MTB,MU,NDAQ,NEE,NEM,NFLX,NI,NKE,NOC,NRG,NSC,NTAP,NTRS,NUE,NVDA,NVR,NXP,OKE,OMC,ORCL,ORLY,OXY,PAYX,PCAR,PEG,PEP,PFE,PFG,PG,PGR,PH,PHM,PLD,PM,PNC,PNW,PPG,PPL,PRU,PSA,PSKY,PTC,PVH,PWR,QCOM,RF,RL,ROK,ROP,ROST,RSG,RTX,RVTY,SBUX,SCHW,SHW,SJM,SLB,SNA,SO,SPG,SPGI,SRE,STT,STZ,SW,SWK,SYK,SYY,T,TAP,TFC,TGT,TJX,TMO,TPR,TROW,TRV,TSN,TT,TXN,TXT,UDR,UNH,UNP,UPS,USB,V,VLO,VMC,VRSN,VTR,VTRS,VZ,WAT,WDC,WEC,WELL,WFC,WM,WMB,WMT,WTW,WY,WYNN,XEL,XOM,YUM,ZBH"
2011-03-31,"A,AAPL,ABT,ADBE,ADI,ADM,ADP,ADSK,ADT,AEE,AEP,AES,AFL,AIG,AIZ,AKAM,ALL,AMAT,AMGN,AMP,AMT,AMZN,AON,APA,APD,APH,APTV,AVB,AVY,AXP,AZO,BA,BAC,BALL,BAX,BBY,BDX,BEN,BF-B,BIIB,BK,BKNG,BLK,BMY,BRK-B,BSX,BXP,C,CAG,CAH,CAT,CB,CBRE,CCL,CF,CHRW,CI,CINF,CL,CLX,CMCSA,CME,CMG,CMI,CMS,CNP,COF,COP,COR,COST,CPAY,CPB,CRH,CRM,CSCO,CSRA,CSX,CTAS,CTRA,CTSH,CVS,CVX,D,DE,DGX,DHI,DHR,DIS,DOC,DOV,DRI,DTE,DUK,DVA,DVN,EA,EBAY,ECL,ED,EFX,EG,EIX,EL,ELV,EMR,EOG,EQR,ES,ETN,ETR,EW,EXC,EXPD,EXPE,F,FAST,FCX,FDX,FE,FFIV,FIS,FISV,FITB,GD,GE,GEN,GILD,GIS,GL,GLW,GOOG,GPC,GS,GWW,HAL,HAS,HBAN,HD,HIG,HON,HPQ,HRL,HST,HSY,HUM,IBM,ICE,IFF,INTC,INTU,IP,IQV,IRM,ISRG,ITW,IVZ,J,JCI,JNJ,JPM,KEY,KIM,KKR,KLAC,KMB,KO,KR,L,LEN,LH,LHX,LIN,LLY,LMT,LOW,LUV,MA,MAR,MAS,MCD,MCHP,MCK,MCO,MDT,MET,META,MKC,MMM,MO,MRK,MRSH,MS,MSCI,MSFT,MSI,MTB,MU,NDAQ,NEE,NEM,NFLX,NI,NKE,NOC,NRG,NSC,NTAP,NTRS,NUE,NVDA,NVR,NXP,OKE,OMC,ORCL,ORLY,OXY,PAYX,PCAR,PEG,PEP,PFE,PFG,PG,PGR,PH,PHM,PLD,PM,PNC,PNW,PPG,PPL,PRU,PSA,PSKY,PTC,PVH,PWR,QCOM,RF,RL,ROK,ROP,ROST,RSG,RTX,RVTY,SBUX,SCHW,SHW,SJM,SLB,SNA,SO,SPG,SPGI,SRE,STT,STZ,SW,SWK,SYK,SYY,T,TAP,TFC,TGT,TJX,TMO,TPR,TROW,TRV,TSN,TT,TXN,TXT,UDR,UNH,UNP,UPS,USB,V,VLO,VMC,VRSN,VTR,VTRS,VZ,WAT,WDC,WEC,WELL,WFC,WM,WMB,WMT,WTW,WY,WYNN,XEL,XOM,YUM,ZBH"
2011-04-30,"A,AAPL,ABT,ADBE,ADI,ADM,ADP,ADSK,ADT,AEE,AEP,AES,AFL,AIG,AIZ,AKAM,ALL,AMAT,AMGN,AMP,AMT,AMZN,AON,APA,APD,APH,APTV,AVB,AVY,AXP,AZO,BA,BAC,BALL,BAX,BBY,BDX,BEN,BF-B,BIIB,BK,BKNG,BLK,BMY,BRK-B,BSX,BXP,C,CAG,CAH,CAT,CB,CBRE,CCL,CF,CHRW,CI,CINF,CL,CLX,CMCSA,CME,CMG,CMI,CMS,CNP,COF,COP,COR,COST,CPAY,CPB,CRH,CRM,CSCO,CSRA,CSX,CTAS,CTRA,CTSH,CVS,CVX,D,DE,DGX,DHI,DHR,DIS,DOC,DOV,DRI,DTE,DUK,DVA,DVN,EA,EBAY,ECL,ED,EFX,EG,EIX,EL,ELV,EMR,EOG,EQR,ES,ETN,ETR,EW,EXC,EXPD,EXPE,F,FAST,FCX,FDX,FE,FFIV,FIS,FISV,FITB,GD,GE,GEN,GILD,GIS,GL,GLW,GOOG,GPC,GS,GWW,HAL,HAS,HBAN,HD,HIG,HON,HPQ,HRL,HST,HSY,HUM,IBM,ICE,IFF,INTC,INTU,IP,IQV,IRM,ISRG,ITW,IVZ,J,JCI,JNJ,JPM,KEY,KIM,KKR,KLAC,KMB,KO,KR,L,LEN,LH,LHX,LIN,LLY,LMT,LOW,LUV,MA,MAR,MAS,MCD,MCHP,MCK,MCO,MDT,MET,META,MKC,MMM,MO,MRK,MRSH,MS,MSCI,MSFT,MSI,MTB,MU,NDAQ,NEE,NEM,NFLX,NI,NKE,NOC,NRG,NSC,NTAP,NTRS,NUE,NVDA,NVR,NXP,OKE,OMC,ORCL,ORLY,OXY,PAYX,PCAR,PEG,PEP,PFE,PFG,PG,PGR,PH,PHM,PLD,PM,PNC,PNW,PPG,PPL,PRU,PSA,PSKY,PTC,PVH,PWR,QCOM,RF,RL,ROK,ROP,ROST,RSG,RTX,RVTY,SBUX,SCHW,SHW,SJM,SLB,SNA,SO,SPG,SPGI,SRE,STT,STZ,SW,SWK,SYK,SYY,T,TAP,TFC,TGT,TJX,TMO,TPR,TROW,TRV,TSN,TT,TXN,TXT,UDR,UNH,UNP,UPS,USB,V,VLO,VMC,VRSN,VTR,VTRS,VZ,WAT,WDC,WEC,WELL,WFC,WM,WMB,WMT,WTW,WY,WYNN,XEL,XOM,YUM,ZBH"
2011-05-31,"A,AAPL,ABT,ADBE,ADI,ADM,ADP,ADSK,ADT,AEE,AEP,AES,AFL,AIG,AIZ,AKAM,ALL,AMAT,AMGN,AMP,AMT,AMZN,AON,APA,APD,APH,APTV,AVB,AVY,AXP,AZO,BA,BAC,BALL,BAX,BBY,BDX,BEN,BF-B,BIIB,BK,BKNG,BLK,BMY,BRK-B,BSX,BXP,C,CAG,CAH,CAT,CB,CBRE,CCL,CF,CHRW,CI,CINF,CL,CLX,CMCSA,CME,CMG,CMI,CMS,CNP,COF,COP,COR,COST,CPAY,CPB,CRH,CRM,CSCO,CSRA,CSX,CTAS,CTRA,CTSH,CVS,CVX,D,DE,DGX,DHI,DHR,DIS,DOC,DOV,DRI,DTE,DUK,DVA,DVN,EA,EBAY,ECL,ED,EFX,EG,EIX,EL,ELV,EMR,EOG,EQR,ES,ETN,ETR,EW,EXC,EXPD,EXPE,F,FAST,FCX,FDX,FE,FFIV,FIS,FISV,FITB,GD,GE,GEN,GILD,GIS,GL,GLW,GOOG,GPC,GS,GWW,HAL,HAS,HBAN,HD,HIG,HON,HPQ,HRL,HST,HSY,HUM,IBM,ICE,IFF,INTC,INTU,IP,IQV,IRM,ISRG,ITW,IVZ,J,JCI,JNJ,JPM,KEY,KIM,KKR,KLAC,KMB,KO,KR,L,LEN,LH,LHX,LIN,LLY,LMT,LOW,LUV,MA,MAR,MAS,MCD,MCHP,MCK,MCO,MDT,MET,META,MKC,MMM,MO,MPC,MRK,MRSH,MS,MSCI,MSFT,MSI,MTB,MU,NDAQ,NEE,NEM,NFLX,NI,NKE,NOC,NRG,NSC,NTAP,NTRS,NUE,NVDA,NVR,NXP,OKE,OMC,ORCL,ORLY,OXY,PAYX,PCAR,PEG,PEP,PFE,PFG,PG,PGR,PH,PHM,PLD,PM,PNC,PNW,PPG,PPL,PRU,PSA,PSKY,PTC,PVH,PWR,QCOM,RF,RL,ROK,ROP,ROST,RSG,RTX,RVTY,SBUX,SCHW,SHW,SJM,SLB,SNA,SO,SPG,SPGI,SRE,STT,STZ,SW,SWK,SYK,SYY,T,TAP,TFC,TGT,TJX,TMO,TPR,TROW,TRV,TSN,TT,TXN,TXT,UDR,UNH,UNP,UPS,USB,V,VLO,VMC,VRSN,VTR,VTRS,VZ,WAT,WDC,WEC,WELL,WFC,WM,WMB,WMT,WTW,WY,WYNN,XEL,XOM,YUM,ZBH"
2011-06-30,"A,AAPL,ABT,ACN,ADBE,ADI,ADM,ADP,ADSK,ADT,AEE,AEP,AES,AFL,AIG,AIZ,AKAM,ALL,AMAT,AMGN,AMP,AMT,AMZN,AON,APA,APD,APH,APTV,AVB,AVY,AXP,AZO,BA,BAC,BALL,BAX,BBY,BDX,BEN,BF-B,BIIB,BK,BKNG,BLK,BMY,BRK-B,BSX,BXP,C,CAG,CAH,CAT,CB,CBRE,CCL,CF,CHRW,CI,CINF,CL,CLX,CMCSA,CME,CMG,CMI,CMS,CNP,COF,COP,COR,COST,CPAY,CPB,CRH,CRM,CSCO,CSRA,CSX,CTAS,CTRA,CTSH,CVS,CVX,D,DE,DGX,DHI,DHR,DIS,DOC,DOV,DRI,DTE,DUK,DVA,DVN,EA,EBAY,ECL,ED,EFX,EG,EIX,EL,ELV,EMR,EOG,EQR,ES,ETN,ETR,EW,EXC,EXPD,EXPE,F,FAST,FCX,FDX,FE,FFIV,FIS,FISV,FITB,GD,GE,GEN,GILD,GIS,GL,GLW,GOOG,GPC,GS,GWW,HAL,HAS,HBAN,HD,HIG,HON,HPQ,HRL,HST,HSY,HUM,IBM,ICE,IFF,INTC,INTU,IP,IQV,IRM,ISRG,ITW,IVZ,J,JCI,JNJ,JPM,KEY,KIM,KKR,KLAC,KMB,KO,KR,L,LEN,LH,LHX,LIN,LLY,LMT,LOW,LUV,MA,MAR,MAS,MCD,MCHP,MCK,MCO,MDT,MET,META,MKC,MMM,MO,MPC,MRK,MRSH,MS,MSCI,MSFT,MSI,MTB,MU,NDAQ,NEE,NEM,NFLX,NI,NKE,NOC,NRG,NSC,NTAP,NTRS,NUE,NVDA,NVR,NXP,OKE,OMC,ORCL,ORLY,OXY,PAYX,PCAR,PEG,PEP,PFE,PFG,PG,PGR,PH,PHM,PLD,PM,PNC,PNW,PPG,PPL,PRU,PSA,PSKY,PTC,PVH,PWR,QCOM,RF,RL,ROK,ROP,ROST,RSG,RTX,RVTY,SBUX,SCHW,SHW,SJM,SLB,SNA,SO,SPG,SPGI,SRE,STT,STZ,SW,SWK,SYK,SYY,T,TAP,TFC,TGT,TJX,TMO,TPR,TROW,TRV,TSN,TT,TXN,TXT,UDR,UNH,UNP,UPS,USB,V,VLO,VMC,VRSN,VTR,VTRS,VZ,WAT,WDC,WEC,WELL,WFC,WM,WMB,WMT,WTW,WY,WYNN,XEL,XOM,YUM,ZBH"
2011-07-31,"A,AAPL,ABT,ACN,ADBE,ADI,ADM,ADP,ADSK,ADT,AEE,AEP,AES,AFL,AIG,AIZ,AKAM,ALL,AMAT,AMGN,AMP,AMT,AMZN,AON,APA,APD,APH,APTV,AVB,AVY,AXP,AZO,BA,BAC,BALL,BAX,BBY,BDX,BEN,BF-B,BIIB,BK,BKNG,BLK,BMY,BRK-B,BSX,BXP,C,CAG,CAH,CAT,CB,CBRE,CCL,CF,CHRW,CI,CINF,CL,CLX,CMCSA,CME,CMG,CMI,CMS,CNP,COF,COP,COR,COST,CPAY,CPB,CRH,CRM,CSCO,CSRA,CSX,CTAS,CTRA,CTSH,CVS,CVX,D,DE,DGX,DHI,DHR,DIS,DOC,DOV,DRI,DTE,DUK,DVA,DVN,EA,EBAY,ECL,ED,EFX,EG,EIX,EL,ELV,EMR,EOG,EQR,ES,ETN,ETR,EW,EXC,EXPD,EXPE,F,FAST,FCX,FDX,FE,FFIV,FIS,FISV,FITB,GD,GE,GEN,GILD,GIS,GL,GLW,GOOG,GPC,GS,GWW,HAL,HAS,HBAN,HD,HIG,HON,HPQ,HRL,HST,HSY,HUM,IBM,ICE,IFF,INTC,INTU,IP,IQV,IRM,ISRG,ITW,IVZ,J,JCI,JNJ,JPM,KEY,KIM,KKR,KLAC,KMB,KO,KR,L,LEN,LH,LHX,LIN,LLY,LMT,LOW,LUV,MA,MAR,MAS,MCD,MCHP,MCK,MCO,MDT,MET,META,MKC,MMM,MO,MPC,MRK,MRSH,MS,MSCI,MSFT,MSI,MTB,MU,NDAQ,NEE,NEM,NFLX,NI,NKE,NOC,NRG,NSC,NTAP,NTRS,NUE,NVDA,NVR,NXP,OKE,OMC,ORCL,ORLY,OXY,PAYX,PCAR,PEG,PEP,PFE,PFG,PG,PGR,PH,PHM,PLD,PM,PNC,PNW,PPG,PPL,PRU,PSA,PSKY,PTC,PVH,PWR,QCOM,RF,RL,ROK,ROP,ROST,RSG,RTX,RVTY,SBUX,SCHW,SHW,SJM,SLB,SNA,SO,SPG,SPGI,SRE,STT,STZ,SW,SWK,SYK,SYY,T,TAP,TFC,TGT,TJX,TMO,TPR,TROW,TRV,TSN,TT,TXN,TXT,UDR,UNH,UNP,UPS,USB,V,VLO,VMC,VRSN,VTR,VTRS,VZ,WAT,WDC,WEC,WELL,WFC,WM,WMB,WMT,WTW,WY,WYNN,XEL,XOM,YUM,ZBH"
2011-08-31,"A,AAPL,ABT,ACN,ADBE,ADI,ADM,ADP,ADSK,ADT,AEE,AEP,AES,AFL,AIG,AIZ,AKAM,ALL,AMAT,AMGN,AMP,AMT,AMZN,AON,APA,APD,APH,APTV,AVB,AVY,AXP,AZO,BA,BAC,BALL,BAX,BBY,BDX,BEN,BF-B,BIIB,BK,BKNG,BLK,BMY,BRK-B,BSX,BXP,C,CAG,CAH,CAT,CB,CBRE,CCL,CF,CHRW,CI,CINF,CL,CLX,CMCSA,CME,CMG,CMI,CMS,CNP,COF,COP,COR,COST,CPAY,CPB,CRH,CRM,CSCO,CSRA,CSX,CTAS,CTRA,CTSH,CVS,CVX,D,DE,DGX,DHI,DHR,DIS,DOC,DOV,DRI,DTE,DUK,DVA,DVN,EA,EBAY,ECL,ED,EFX,EG,EIX,EL,ELV,EMR,EOG,EQR,ES,ETN,ETR,EW,EXC,EXPD,EXPE,F,FAST,FCX,FDX,FE,FFIV,FIS,FISV,FITB,GD,GE,GEN,GILD,GIS,GL,GLW,GOOG,GPC,GS,GWW,HAL,HAS,HBAN,HD,HIG,HON,HPQ,HRL,HST,HSY,HUM,IBM,ICE,IFF,INTC,INTU,IP,IQV,IRM,ISRG,ITW,IVZ,J,JCI,JNJ,JPM,KEY,KIM,KKR,KLAC,KMB,KO,KR,L,LEN,LH,LHX,LIN,LLY,LMT,LOW,LUV,MA,MAR,MAS,MCD,MCHP,MCK,MCO,MDT,MET,META,MKC,MMM,MO,MOS,MPC,MRK,MRSH,MS,MSCI,MSFT,MSI,MTB,MU,NDAQ,NEE,NEM,NFLX,NI,NKE,NOC,NRG,NSC,NTAP,NTRS,NUE,NVDA,NVR,NXP,OKE,OMC,ORCL,ORLY,OXY,PAYX,PCAR,PEG,PEP,PFE,PFG,PG,PGR,PH,PHM,PLD,PM,PNC,PNW,PPG,PPL,PRU,PSA,PSKY,PTC,PVH,PWR,QCOM,RF,RL,ROK,ROP,ROST,RSG,RTX,RVTY,SBUX,SCHW,SHW,SJM,SLB,SNA,SO,SPG,SPGI,SRE,STT,STZ,SW,SWK,SYK,SYY,T,TAP,TFC,TGT,TJX,TMO,TPR,TROW,TRV,TSN,TT,TXN,TXT,UDR,UNH,UNP,UPS,USB,V,VLO,VMC,VRSN,VTR,VTRS,VZ,WAT,WDC,WEC,WELL,WFC,WM,WMB,WMT,WTW,WY,WYNN,XEL,XOM,YUM,ZBH"
2011-09-30,"A,AAPL,ABT,ACN,ADBE,ADI,ADM,ADP,ADSK,ADT,AEE,AEP,AES,AFL,AIG,AIZ,AKAM,ALL,AMAT,AMGN,AMP,AMT,AMZN,AON,APA,APD,APH,APTV,AVB,AVY,AXP,AZO,BA,BAC,BALL,BAX,BBY,BDX,BEN,BF-B,BIIB,BK,BKNG,BLK,BMY,BRK-B,BSX,BXP,C,CAG,CAH,CAT,CB,CBRE,CCL,CF,CHRW,CI,CINF,CL,CLX,CMCSA,CME,CMG,CMI,CMS,CNP,COF,COP,COR,COST,CPAY,CPB,CRH,CRM,CSCO,CSRA,CSX,CTAS,CTRA,CTSH,CVS,CVX,D,DE,DGX,DHI,DHR,DIS,DOC,DOV,DRI,DTE,DUK,DVA,DVN,EA,EBAY,ECL,ED,EFX,EG,EIX,EL,ELV,EMR,EOG,EQR,ES,ETN,ETR,EW,EXC,EXPD,EXPE,F,FAST,FCX,FDX,FE,FFIV,FIS,FISV,FITB,GD,GE,GEN,GILD,GIS,GL,GLW,GOOG,GPC,GS,GWW,HAL,HAS,HBAN,HD,HIG,HON,HPQ,HRL,HST,HSY,HUM,IBM,ICE,IFF,INTC,INTU,IP,IQV,IRM,ISRG,ITW,IVZ,J,JCI,JNJ,JPM,KEY,KIM,KKR,KLAC,KMB,KO,KR,L,LEN,LH,LHX,LIN,LLY,LMT,LOW,LUV,MA,MAR,MAS,MCD,MCHP,MCK,MCO,MDT,MET,META,MKC,MMM,MO,MOS,MPC,MRK,MRSH,MS,MSCI,MSFT,MSI,MTB,MU,NDAQ,NEE,NEM,NFLX,NI,NKE,NOC,NRG,NSC,NTAP,NTRS,NUE,NVDA,NVR,NXP,OKE,OMC,ORCL,ORLY,OXY,PAYX,PCAR,PEG,PEP,PFE,PFG,PG,PGR,PH,PHM,PLD,PM,PNC,PNW,PPG,PPL,PRU,PSA,PSKY,PTC,PVH,PWR,QCOM,RF,RL,ROK,ROP,ROST,RSG,RTX,RVTY,SBUX,SCHW,SHW,SJM,SLB,SNA,SO,SPG,SPGI,SRE,STT,STZ,SW,SWK,SYK,SYY,T,TAP,TEL,TFC,TGT,TJX,TMO,TPR,TROW,TRV,TSN,TT,TXN,TXT,UDR,UNH,UNP,UPS,USB,V,VLO,VMC,VRSN,VTR,VTRS,VZ,WAT,WDC,WEC,WELL,WFC,WM,WMB,WMT,WTW,WY,WYNN,XEL,XOM,XYL,YUM,ZBH"
2011-10-31,"A,AAPL,ABT,ACN,ADBE,ADI,ADM,ADP,ADSK,ADT,AEE,AEP,AES,AFL,AIG,AIZ,AKAM,ALL,AMAT,AMGN,AMP,AMT,AMZN,AON,APA,APD,APH,APTV,AVB,AVY,AXP,AZO,BA,BAC,BALL,BAX,BBY,BDX,BEN,BF-B,BIIB,BK,BKNG,BLK,BMY,BRK-B,BSX,BXP,C,CAG,CAH,CAT,CB,CBRE,CCL,CF,CHRW,CI,CINF,CL,CLX,CMCSA,CME,CMG,CMI,CMS,CNP,COF,COP,COR,COST,CPAY,CPB,CRH,CRM,CSCO,CSRA,CSX,CTAS,CTRA,CTSH,CVS,CVX,D,DE,DGX,DHI,DHR,DIS,DOC,DOV,DRI,DTE,DUK,DVA,DVN,EA,EBAY,ECL,ED,EFX,EG,EIX,EL,ELV,EMR,EOG,EQR,ES,ETN,ETR,EW,EXC,EXPD,EXPE,F,FAST,FCX,FDX,FE,FFIV,FIS,FISV,FITB,GD,GE,GEN,GILD,GIS,GL,GLW,GOOG,GPC,GS,GWW,HAL,HAS,HBAN,HD,HIG,HON,HPQ,HRL,HST,HSY,HUM,IBM,ICE,IFF,INTC,INTU,IP,IQV,IRM,ISRG,ITW,IVZ,J,JCI,JNJ,JPM,KEY,KIM,KKR,KLAC,KMB,KO,KR,L,LEN,LH,LHX,LIN,LLY,LMT,LOW,LUV,MA,MAR,MAS,MCD,MCHP,MCK,MCO,MDT,MET,META,MKC,MMM,MO,MOS,MPC,MRK,MRSH,MS,MSCI,MSFT,MSI,MTB,MU,NDAQ,NEE,NEM,NFLX,NI,NKE,NOC,NRG,NSC,NTAP,NTRS,NUE,NVDA,NVR,NXP,OKE,OMC,ORCL,ORLY,OXY,PAYX,PCAR,PEG,PEP,PFE,PFG,PG,PGR,PH,PHM,PLD,PM,PNC,PNW,PPG,PPL,PRU,PSA,PSKY,PTC,PVH,PWR,QCOM,RF,RL,ROK,ROP,ROST,RSG,RTX,RVTY,SBUX,SCHW,SHW,SJM,SLB,SNA,SO,SPG,SPGI,SRE,STT,STZ,SW,SWK,SYK,SYY,T,TAP,TEL,TFC,TGT,TJX,TMO,TPR,TROW,TRV,TSN,TT,TXN,TXT,UDR,UNH,UNP,UPS,USB,V,VLO,VMC,VRSN,VTR,VTRS,VZ,WAT,WDC,WEC,WELL,WFC,WM,WMB,WMT,WTW,WY,WYNN,XEL,XOM,XYL,YUM,ZBH"
2011-11-30,"A,AAPL,ABT,ACN,ADBE,ADI,ADM,ADP,ADSK,ADT,AEE,AEP,AES,AFL,AIG,AIZ,AKAM,ALL,AMAT,AMGN,AMP,AMT,AMZN,AON,APA,APD,APH,APTV,AVB,AVY,AXP,AZO,BA,BAC,BALL,BAX,BBY,BDX,BEN,BF-B,BIIB,BK,BKNG,BLK,BMY,BRK-B,BSX,BXP,C,CAG,CAH,CAT,CB,CBRE,CCL,CF,CHRW,CI,CINF,CL,CLX,CMCSA,CME,CMG,CMI,CMS,CNP,COF,COP,COR,COST,CPAY,CPB,CRH,CRM,CSCO,CSRA,CSX,CTAS,CTRA,CTSH,CVS,CVX,D,DE,DGX,DHI,DHR,DIS,DLTR,DOC,DOV,DRI,DTE,DUK,DVA,DVN,EA,EBAY,ECL,ED,EFX,EG,EIX,EL,ELV,EMR,EOG,EQR,ES,ETN,ETR,EW,EXC,EXPD,EXPE,F,FAST,FCX,FDX,FE,FFIV,FIS,FISV,FITB,GD,GE,GEN,GILD,GIS,GL,GLW,GOOG,GPC,GS,GWW,HAL,HAS,HBAN,HD,HIG,HON,HPQ,HRL,HST,HSY,HUM,IBM,ICE,IFF,INTC,INTU,IP,IQV,IRM,ISRG,ITW,IVZ,J,JCI,JNJ,JPM,KEY,KIM,KKR,KLAC,KMB,KO,KR,L,LEN,LH,LHX,LIN,LLY,LMT,LOW,LUV,MA,MAR,MAS,MCD,MCHP,MCK,MCO,MDT,MET,META,MKC,MMM,MO,MOS,MPC,MRK,MRSH,MS,MSCI,MSFT,MSI,MTB,MU,NDAQ,NEE,NEM,NFLX,NI,NKE,NOC,NRG,NSC,NTAP,NTRS,NUE,NVDA,NVR,NXP,OKE,OMC,ORCL,ORLY,OXY,PAYX,PCAR,PEG,PEP,PFE,PFG,PG,PGR,PH,PHM,PLD,PM,PNC,PNW,PPG,PPL,PRU,PSA,PSKY,PTC,PVH,PWR,QCOM,RF,RL,ROK,ROP,ROST,RSG,RTX,RVTY,SBUX,SCHW,SHW,SJM,SLB,SNA,SO,SPG,SPGI,SRE,STT,STZ,SW,SWK,SYK,SYY,T,TAP,TEL,TFC,TGT,TJX,TMO,TPR,TROW,TRV,TSN,TT,TXN,TXT,UDR,UNH,UNP,UPS,USB,V,VLO,VMC,VRSN,VTR,VTRS,VZ,WAT,WDC,WEC,WELL,WFC,WM,WMB,WMT,WTW,WY,WYNN,XEL,XOM,XYL,YUM,ZBH"
2011-12-31,"A,AAPL,ABT,ACN,ADBE,ADI,ADM,ADP,ADSK,ADT,AEE,AEP,AES,AFL,AIG,AIZ,AKAM,ALL,AMAT,AMGN,AMP,AMT,AMZN,AON,APA,APD,APH,APTV,AVB,AVY,AXP,AZO,BA,BAC,BALL,BAX,BBY,BDX,BEN,BF-B,BIIB,BK,BKNG,BLK,BMY,BRK-B,BSX,BXP,C,CAG,CAH,CAT,CB,CBRE,CCL,CF,CHRW,CI,CINF,CL,CLX,CMCSA,CME,CMG,CMI,CMS,CNP,COF,COP,COR,COST,CPAY,CPB,CRH,CRM,CSCO,CSRA,CSX,CTAS,CTRA,CTSH,CVS,CVX,D,DE,DGX,DHI,DHR,DIS,DLTR,DOC,DOV,DRI,DTE,DUK,DVA,DVN,EA,EBAY,ECL,ED,EFX,EG,EIX,EL,ELV,EMR,EOG,EQR,ES,ETN,ETR,EW,EXC,EXPD,EXPE,F,FAST,FCX,FDX,FE,FFIV,FIS,FISV,FITB,GD,GE,GEN,GILD,GIS,GL,GLW,GOOG,GPC,GS,GWW,HAL,HAS,HBAN,HD,HIG,HON,HPQ,HRL,HST,HSY,HUM,IBM,ICE,IFF,INTC,INTU,IP,IQV,IRM,ISRG,ITW,IVZ,J,JCI,JNJ,JPM,KEY,KIM,KKR,KLAC,KMB,KO,KR,L,LEN,LH,LHX,LIN,LLY,LMT,LOW,LUV,MA,MAR,MAS,MCD,MCHP,MCK,MCO,MDT,MET,META,MKC,MMM,MO,MOS,MPC,MRK,MRSH,MS,MSCI,MSFT,MSI,MTB,MU,NDAQ,NEE,NEM,NFLX,NI,NKE,NOC,NRG,NSC,NTAP,NTRS,NUE,NVDA,NVR,NXP,OKE,OMC,ORCL,ORLY,OXY,PAYX,PCAR,PEG,PEP,PFE,PFG,PG,PGR,PH,PHM,PLD,PM,PNC,PNW,PPG,PPL,PRU,PSA,PSKY,PTC,PVH,PWR,QCOM,RF,RL,ROK,ROP,ROST,RSG,RTX,RVTY,SBUX,SCHW,SHW,SJM,SLB,SNA,SO,SPG,SPGI,SRE,STT,STZ,SW,SWK,SYK,SYY,T,TAP,TEL,TFC,TGT,TJX,TMO,TPR,TROW,TRV,TSN,TT,TXN,TXT,UDR,UNH,UNP,UPS,USB,V,VLO,VMC,VRSN,VTR,VTRS,VZ,WAT,WDC,WEC,WELL,WFC,WM,WMB,WMT,WTW,WY,WYNN,XEL,XOM,XYL,YUM,ZBH"
2012-01-31,"A,AAPL,ABT,ACN,ADBE,ADI,ADM,ADP,ADSK,ADT,AEE,AEP,AES,AFL,AIG,AIZ,AKAM,ALL,AMAT,AMGN,AMP,AMT,AMZN,AON,APA,APD,APH,APTV,AVB,AVY,AXP,AZO,BA,BAC,BALL,BAX,BBY,BDX,BEN,BF-B,BIIB,BK,BKNG,BLK,BMY,BRK-B,BSX,BXP,C,CAG,CAH,CAT,CB,CBRE,CCL,CF,CHRW,CI,CINF,CL,CLX,CMCSA,CME,CMG,CMI,CMS,CNP,COF,COP,COR,COST,CPAY,CPB,CRH,CRM,CSCO,CSRA,CSX,CTAS,CTRA,CTSH,CVS,CVX,D,DE,DGX,DHI,DHR,DIS,DLTR,DOC,DOV,DRI,DTE,DUK,DVA,DVN,EA,EBAY,ECL,ED,EFX,EG,EIX,EL,ELV,EMR,EOG,EQR,ES,ETN,ETR,EW,EXC,EXPD,EXPE,F,FAST,FCX,FDX,FE,FFIV,FIS,FISV,FITB,GD,GE,GEN,GILD,GIS,GL,GLW,GOOG,GPC,GS,GWW,HAL,HAS,HBAN,HD,HIG,HON,HPQ,HRL,HST,HSY,HUM,IBM,ICE,IFF,INTC,INTU,IP,IQV,IRM,ISRG,ITW,IVZ,J,JCI,JNJ,JPM,KEY,KIM,KKR,KLAC,KMB,KO,KR,L,LEN,LH,LHX,LIN,LLY,LMT,LOW,LUV,MA,MAR,MAS,MCD,MCHP,MCK,MCO,MDT,MET,META,MKC,MMM,MO,MOS,MPC,MRK,MRSH,MS,MSCI,MSFT,MSI,MTB,MU,NDAQ,NEE,NEM,NFLX,NI,NKE,NOC,NRG,NSC,NTAP,NTRS,NUE,NVDA,NVR,NXP,OKE,OMC,ORCL,ORLY,OXY,PAYX,PCAR,PEG,PEP,PFE,PFG,PG,PGR,PH,PHM,PLD,PM,PNC,PNW,PPG,PPL,PRU,PSA,PSKY,PTC,PVH,PWR,QCOM,RF,RL,ROK,ROP,ROST,RSG,RTX,RVTY,SBUX,SCHW,SHW,SJM,SLB,SNA,SO,SPG,SPGI,SRE,STT,STZ,SW,SWK,SYK,SYY,T,TAP,TEL,TFC,TGT,TJX,TMO,TPR,TROW,TRV,TSN,TT,TXN,TXT,UDR,UNH,UNP,UPS,USB,V,VLO,VMC,VRSN,VTR,VTRS,VZ,WAT,WDC,WEC,WELL,WFC,WM,WMB,WMT,WTW,WY,WYNN,XEL,XOM,XYL,YUM,ZBH"
2012-02-29,"A,AAPL,ABT,ACN,ADBE,ADI,ADM,ADP,ADSK,ADT,AEE,AEP,AES,AFL,AIG,AIZ,AKAM,ALL,AMAT,AMGN,AMP,AMT,AMZN,AON,APA,APD,APH,APTV,AVB,AVY,AXP,AZO,BA,BAC,BALL,BAX,BBY,BDX,BEN,BF-B,BIIB,BK,BKNG,BLK,BMY,BRK-B,BSX,BXP,C,CAG,CAH,CAT,CB,CBRE,CCI,CCL,CF,CHRW,CI,CINF,CL,CLX,CMCSA,CME,CMG,CMI,CMS,CNP,COF,COP,COR,COST,CPAY,CPB,CRH,CRM,CSCO,CSRA,CSX,CTAS,CTRA,CTSH,CVS,CVX,D,DE,DGX,DHI,DHR,DIS,DLTR,DOC,DOV,DRI,DTE,DUK,DVA,DVN,EA,EBAY,ECL,ED,EFX,EG,EIX,EL,ELV,EMR,EOG,EQR,ES,ETN,ETR,EW,EXC,EXPD,EXPE,F,FAST,FCX,FDX,FE,FFIV,FIS,FISV,FITB,GD,GE,GEN,GILD,GIS,GL,GLW,GOOG,GPC,GS,GWW,HAL,HAS,HBAN,HD,HIG,HON,HPQ,HRL,HST,HSY,HUM,IBM,ICE,IFF,INTC,INTU,IP,IQV,IRM,ISRG,ITW,IVZ,J,JCI,JNJ,JPM,KEY,KIM,KKR,KLAC,KMB,KO,KR,L,LEN,LH,LHX,LIN,LLY,LMT,LOW,LUV,MA,MAR,MAS,MCD,MCHP,MCK,MCO,MDT,MET,META,MKC,MMM,MO,MOS,MPC,MRK,MRSH,MS,MSCI,MSFT,MSI,MTB,MU,NDAQ,NEE,NEM,NFLX,NI,NKE,NOC,NRG,NSC,NTAP,NTRS,NUE,NVDA,NVR,NXP,OKE,OMC,ORCL,ORLY,OXY,PAYX,PCAR,PEG,PEP,PFE,PFG,PG,PGR,PH,PHM,PLD,PM,PNC,PNW,PPG,PPL,PRU,PSA,PSKY,PTC,PVH,PWR,QCOM,RF,RL,ROK,ROP,ROST,RSG,RTX,RVTY,SBUX,SCHW,SHW,SJM,SLB,SNA,SO,SPG,SPGI,SRE,STT,STZ,SW,SWK,SYK,SYY,T,TAP,TEL,TFC,TGT,TJX,TMO,TPR,TROW,TRV,TSN,TT,TXN,TXT,UDR,UNH,UNP,UPS,USB,V,VLO,VMC,VRSN,VTR,VTRS,VZ,WAT,WDC,WEC,WELL,WFC,WM,WMB,WMT,WTW,WY,WYNN,XEL,XOM,XYL,YUM,ZBH"
2012-03-31,"A,AAPL,ABT,ACN,ADBE,ADI,ADM,ADP,ADSK,ADT,AEE,AEP,AES,AFL,AIG,AIZ,AKAM,ALL,AMAT,AMGN,AMP,AMT,AMZN,AON,APA,APD,APH,APTV,AVB,AVY,AXP,AZO,BA,BAC,BALL,BAX,BBY,BDX,BEN,BF-B,BIIB,BK,BKNG,BLK,BMY,BRK-B,BSX,BXP,C,CAG,CAH,CAT,CB,CBRE,CCI,CCL,CF,CHRW,CI,CINF,CL,CLX,CMCSA,CME,CMG,CMI,CMS,CNP,COF,COP,COR,COST,CPAY,CPB,CRH,CRM,CSCO,CSRA,CSX,CTAS,CTRA,CTSH,CVS,CVX,D,DE,DGX,DHI,DHR,DIS,DLTR,DOC,DOV,DRI,DTE,DUK,DVA,DVN,EA,EBAY,ECL,ED,EFX,EG,EIX,EL,ELV,EMR,EOG,EQR,ES,ETN,ETR,EW,EXC,EXPD,EXPE,F,FAST,FCX,FDX,FE,FFIV,FIS,FISV,FITB,GD,GE,GEN,GILD,GIS,GL,GLW,GOOG,GPC,GS,GWW,HAL,HAS,HBAN,HD,HIG,HON,HPQ,HRL,HST,HSY,HUM,IBM,ICE,IFF,INTC,INTU,IP,IQV,IRM,ISRG,ITW,IVZ,J,JCI,JNJ,JPM,KEY,KIM,KKR,KLAC,KMB,KO,KR,L,LEN,LH,LHX,LIN,LLY,LMT,LOW,LUV,MA,MAR,MAS,MCD,MCHP,MCK,MCO,MDT,MET,META,MKC,MMM,MO,MOS,MPC,MRK,MRSH,MS,MSCI,MSFT,MSI,MTB,MU,NDAQ,NEE,NEM,NFLX,NI,NKE,NOC,NRG,NSC,NTAP,NTRS,NUE,NVDA,NVR,NXP,OKE,OMC,ORCL,ORLY,OXY,PAYX,PCAR,PEG,PEP,PFE,PFG,PG,PGR,PH,PHM,PLD,PM,PNC,PNW,PPG,PPL,PRU,PSA,PSKY,PSX,PTC,PVH,PWR,QCOM,RF,RL,ROK,ROP,ROST,RSG,RTX,RVTY,SBUX,SCHW,SHW,SJM,SLB,SNA,SO,SPG,SPGI,SRE,STT,STZ,SW,SWK,SYK,SYY,T,TAP,TEL,TFC,TGT,TJX,TMO,TPR,TROW,TRV,TSN,TT,TXN,TXT,UDR,UNH,UNP,UPS,USB,V,VLO,VMC,VRSN,VTR,VTRS,VZ,WAT,WDC,WEC,WELL,WFC,WM,WMB,WMT,WTW,WY,WYNN,XEL,XOM,XYL,YUM,ZBH"
2012-04-30,"A,AAPL,ABT,ACN,ADBE,ADI,ADM,ADP,ADSK,ADT,AEE,AEP,AES,AFL,AIG,AIZ,AKAM,ALL,AMAT,AMGN,AMP,AMT,AMZN,AON,APA,APD,APH,APTV,AVB,AVY,AXP,AZO,BA,BAC,BALL,BAX,BBY,BDX,BEN,BF-B,BIIB,BK,BKNG,BLK,BMY,BRK-B,BSX,BXP,C,CAG,CAH,CAT,CB,CBRE,CCI,CCL,CF,CHRW,CI,CINF,CL,CLX,CMCSA,CME,CMG,CMI,CMS,CNP,COF,COP,COR,COST,CPAY,CPB,CRH,CRM,CSCO,CSRA,CSX,CTAS,CTRA,CTSH,CVS,CVX,D,DE,DGX,DHI,DHR,DIS,DLTR,DOC,DOV,DRI,DTE,DUK,DVA,DVN,EA,EBAY,ECL,ED,EFX,EG,EIX,EL,ELV,EMR,EOG,EQR,ES,ETN,ETR,EW,EXC,EXPD,EXPE,F,FAST,FCX,FDX,FE,FFIV,FIS,FISV,FITB,GD,GE,GEN,GILD,GIS,GL,GLW,GOOG,GPC,GS,GWW,HAL,HAS,HBAN,HD,HIG,HON,HPQ,HRL,HST,HSY,HUM,IBM,ICE,IFF,INTC,INTU,IP,IQV,IRM,ISRG,ITW,IVZ,J,JCI,JNJ,JPM,KEY,KIM,KKR,KLAC,KMB,KMI,KO,KR,L,LEN,LH,LHX,LIN,LLY,LMT,LOW,LUV,MA,MAR,MAS,MCD,MCHP,MCK,MCO,MDT,MET,META,MKC,MMM,MO,MOS,MPC,MRK,MRSH,MS,MSCI,MSFT,MSI,MTB,MU,NDAQ,NEE,NEM,NFLX,NI,NKE,NOC,NRG,NSC,NTAP,NTRS,NUE,NVDA,NVR,NXP,OKE,OMC,ORCL,ORLY,OXY,PAYX,PCAR,PEG,PEP,PFE,PFG,PG,PGR,PH,PHM,PLD,PM,PNC,PNW,PPG,PPL,PRU,PSA,PSKY,PSX,PTC,PVH,PWR,QCOM,RF,RL,ROK,ROP,ROST,RSG,RTX,RVTY,SBUX,SCHW,SHW,SJM,SLB,SNA,SO,SPG,SPGI,SRE,STT,STZ,SW,SWK,SYK,SYY,T,TAP,TEL,TFC,TGT,TJX,TMO,TPR,TROW,TRV,TSN,TT,TXN,TXT,UDR,UNH,UNP,UPS,USB,V,VLO,VMC,VRSN,VTR,VTRS,VZ,WAT,WDC,WEC,WELL,WFC,WM,WMB,WMT,WTW,WY,WYNN,XEL,XOM,XYL,YUM,ZBH"
2012-05-31,"A,AAPL,ABT,ACN,ADBE,ADI,ADM,ADP,ADSK,ADT,AEE,AEP,AES,AFL,AIG,AIZ,AKAM,ALL,AMAT,AMGN,AMP,AMT,AMZN,AON,APA,APD,APH,APTV,AVB,AVY,AXP,AZO,BA,BAC,BALL,BAX,BBY,BDX,BEN,BF-B,BIIB,BK,BKNG,BLK,BMY,BRK-B,BSX,BXP,C,CAG,CAH,CAT,CB,CBRE,CCI,CCL,CF,CHRW,CI,CINF,CL,CLX,CMCSA,CME,CMG,CMI,CMS,CNP,COF,COP,COR,COST,CPAY,CPB,CRH,CRM,CSCO,CSRA,CSX,CTAS,CTRA,CTSH,CVS,CVX,D,DE,DGX,DHI,DHR,DIS,DLTR,DOC,DOV,DRI,DTE,DUK,DVA,DVN,EA,EBAY,ECL,ED,EFX,EG,EIX,EL,ELV,EMR,EOG,EQR,ES,ETN,ETR,EW,EXC,EXPD,EXPE,F,FAST,FCX,FDX,FE,FFIV,FIS,FISV,FITB,GD,GE,GEN,GILD,GIS,GL,GLW,GOOG,GPC,GS,GWW,HAL,HAS,HBAN,HD,HIG,HON,HPQ,HRL,HST,HSY,HUM,IBM,ICE,IFF,INTC,INTU,IP,IQV,IRM,ISRG,ITW,IVZ,J,JCI,JNJ,JPM,KEY,KIM,KKR,KLAC,KMB,KMI,KO,KR,L,LEN,LH,LHX,LIN,LLY,LMT,LOW,LRCX,LUV,MA,MAR,MAS,MCD,MCHP,MCK,MCO,MDT,MET,META,MKC,MMM,MNST,MO,MOS,MPC,MRK,MRSH,MS,MSCI,MSFT,MSI,MTB,MU,NDAQ,NEE,NEM,NFLX,NI,NKE,NOC,NRG,NSC,NTAP,NTRS,NUE,NVDA,NVR,NXP,OKE,OMC,ORCL,ORLY,OXY,PAYX,PCAR,PEG,PEP,PFE,PFG,PG,PGR,PH,PHM,PLD,PM,PNC,PNW,PPG,PPL,PRU,PSA,PSKY,PSX,PTC,PVH,PWR,QCOM,RF,RL,ROK,ROP,ROST,RSG,RTX,RVTY,SBUX,SCHW,SHW,SJM,SLB,SNA,SO,SPG,SPGI,SRE,STT,STZ,SW,SWK,SYK,SYY,T,TAP,TEL,TFC,TGT,TJX,TMO,TPR,TROW,TRV,TSN,TT,TXN,TXT,UDR,UNH,UNP,UPS,USB,V,VLO,VMC,VRSN,VTR,VTRS,VZ,WAT,WDC,WEC,WELL,WFC,WM,WMB,WMT,WTW,WY,WYNN,XEL,XOM,XYL,YUM,ZBH"
2012-06-30,"A,AAPL,ABT,ACN,ADBE,ADI,ADM,ADP,ADSK,ADT,AEE,AEP,AES,AFL,AIG,AIZ,AKAM,ALL,AMAT,AMGN,AMP,AMT,AMZN,AON,APA,APD,APH,APTV,AVB,AVY,AXP,AZO,BA,BAC,BALL,BAX,BBY,BDX,BEN,BF-B,BIIB,BK,BKNG,BLK,BMY,BRK-B,BSX,BXP,C,CAG,CAH,CAT,CB,CBRE,CCI,CCL,CF,CHRW,CI,CINF,CL,CLX,CMCSA,CME,CMG,CMI,CMS,CNP,COF,COP,COR,COST,CPAY,CPB,CRH,CRM,CSCO,CSRA,CSX,CTAS,CTRA,CTSH,CVS,CVX,D,DE,DGX,DHI,DHR,DIS,DLTR,DOC,DOV,DRI,DTE,DUK,DVA,DVN,EA,EBAY,ECL,ED,EFX,EG,EIX,EL,ELV,EMR,EOG,EQR,ES,ETN,ETR,EW,EXC,EXPD,EXPE,F,FAST,FCX,FDX,FE,FFIV,FIS,FISV,FITB,GD,GE,GEN,GILD,GIS,GL,GLW,GOOG,GPC,GS,GWW,HAL,HAS,HBAN,HD,HIG,HON,HPQ,HRL,HST,HSY,HUM,IBM,ICE,IFF,INTC,INTU,IP,IQV,IRM,ISRG,ITW,IVZ,J,JCI,JNJ,JPM,KEY,KIM,KKR,KLAC,KMB,KMI,KO,KR,L,LEN,LH,LHX,LIN,LLY,LMT,LOW,LRCX,LUV,MA,MAR,MAS,MCD,MCHP,MCK,MCO,MDT,MET,META,MKC,MMM,MNST,MO,MOS,MPC,MRK,MRSH,MS,MSCI,MSFT,MSI,MTB,MU,NDAQ,NEE,NEM,NFLX,NI,NKE,NOC,NRG,NSC,NTAP,NTRS,NUE,NVDA,NVR,NXP,OKE,OMC,ORCL,ORLY,OXY,PAYX,PCAR,PEG,PEP,PFE,PFG,PG,PGR,PH,PHM,PLD,PM,PNC,PNW,PPG,PPL,PRU,PSA,PSKY,PSX,PTC,PVH,PWR,QCOM,RF,RL,ROK,ROP,ROST,RSG,RTX,RVTY,SBUX,SCHW,SHW,SJM,SLB,SNA,SO,SPG,SPGI,SRE,STT,STX,STZ,SW,SWK,SYK,SYY,T,TAP,TEL,TFC,TGT,TJX,TMO,TPR,TROW,TRV,TSN,TT,TXN,TXT,UDR,UNH,UNP,UPS,USB,V,VLO,VMC,VRSN,VTR,VTRS,VZ,WAT,WDC,WEC,WELL,WFC,WM,WMB,WMT,WTW,WY,WYNN,XEL,XOM,XYL,YUM,ZBH"
2012-07-31,"A,AAPL,ABT,ACN,ADBE,ADI,ADM,ADP,ADSK,ADT,AEE,AEP,AES,AFL,AIG,AIZ,AKAM,ALL,AMAT,AMGN,AMP,AMT,AMZN,AON,APA,APD,APH,APTV,AVB,AVY,AXP,AZO,BA,BAC,BALL,BAX,BBY,BDX,BEN,BF-B,BIIB,BK,BKNG,BLK,BMY,BRK-B,BSX,BXP,C,CAG,CAH,CAT,CB,CBRE,CCI,CCL,CF,CHRW,CI,CINF,CL,CLX,CMCSA,CME,CMG,CMI,CMS,CNP,COF,COP,COR,COST,CPAY,CPB,CRH,CRM,CSCO,CSRA,CSX,CTAS,CTRA,CTSH,CVS,CVX,D,DE,DGX,DHI,DHR,DIS,DLTR,DOC,DOV,DRI,DTE,DUK,DVA,DVN,EA,EBAY,ECL,ED,EFX,EG,EIX,EL,ELV,EMR,EOG,EQR,ES,ETN,ETR,EW,EXC,EXPD,EXPE,F,FAST,FCX,FDX,FE,FFIV,FIS,FISV,FITB,GD,GE,GEN,GILD,GIS,GL,GLW,GOOG,GPC,GS,GWW,HAL,HAS,HBAN,HD,HIG,HON,HPQ,HRL,HST,HSY,HUM,IBM,ICE,IFF,INTC,INTU,IP,IQV,IRM,ISRG,ITW,IVZ,J,JCI,JNJ,JPM,KEY,KIM,KKR,KLAC,KMB,KMI,KO,KR,L,LEN,LH,LHX,LIN,LLY,LMT,LOW,LRCX,LUV,MA,MAR,MAS,MCD,MCHP,MCK,MCO,MDT,MET,META,MKC,MMM,MNST,MO,MOS,MPC,MRK,MRSH,MS,MSCI,MSFT,MSI,MTB,MU,NDAQ,NEE,NEM,NFLX,NI,NKE,NOC,NRG,NSC,NTAP,NTRS,NUE,NVDA,NVR,NXP,OKE,OMC,ORCL,ORLY,OXY,PAYX,PCAR,PEG,PEP,PFE,PFG,PG,PGR,PH,PHM,PLD,PM,PNC,PNW,PPG,PPL,PRU,PSA,PSKY,PSX,PTC,PVH,PWR,QCOM,RF,RL,ROK,ROP,ROST,RSG,RTX,RVTY,SBUX,SCHW,SHW,SJM,SLB,SNA,SO,SPG,SPGI,SRE,STT,STX,STZ,SW,SWK,SYK,SYY,T,TAP,TEL,TFC,TGT,TJX,TMO,TPR,TROW,TRV,TSN,TT,TXN,TXT,UDR,UNH,UNP,UPS,USB,V,VLO,VMC,VRSN,VTR,VTRS,VZ,WAT,WDC,WEC,WELL,WFC,WM,WMB,WMT,WTW,WY,WYNN,XEL,XOM,XYL,YUM,ZBH"
2012-08-31,"A,AAPL,ABT,ACN,ADBE,ADI,ADM,ADP,ADSK,ADT,AEE,AEP,AES,AFL,AIG,AIZ,AKAM,ALL,AMAT,AMGN,AMP,AMT,AMZN,AON,APA,APD,APH,APTV,AVB,AVY,AXP,AZO,BA,BAC,BALL,BAX,BBY,BDX,BEN,BF-B,BIIB,BK,BKNG,BLK,BMY,BRK-B,BSX,BXP,C,CAG,CAH,CAT,CB,CBRE,CCI,CCL,CF,CHRW,CI,CINF,CL,CLX,CMCSA,CME,CMG,CMI,CMS,CNP,COF,COP,COR,COST,CPAY,CPB,CRH,CRM,CSCO,CSRA,CSX,CTAS,CTRA,CTSH,CVS,CVX,D,DE,DGX,DHI,DHR,DIS,DLTR,DOC,DOV,DRI,DTE,DUK,DVA,DVN,EA,EBAY,ECL,ED,EFX,EG,EIX,EL,ELV,EMR,EOG,EQR,ES,ETN,ETR,EW,EXC,EXPD,EXPE,F,FAST,FCX,FDX,FE,FFIV,FIS,FISV,FITB,GD,GE,GEN,GILD,GIS,GL,GLW,GOOG,GPC,GS,GWW,HAL,HAS,HBAN,HD,HIG,HON,HPQ,HRL,HST,HSY,HUM,IBM,ICE,IFF,INTC,INTU,IP,IQV,IRM,ISRG,ITW,IVZ,J,JCI,JNJ,JPM,KEY,KIM,KKR,KLAC,KMB,KMI,KO,KR,L,LEN,LH,LHX,LIN,LLY,LMT,LOW,LRCX,LUV,LYB,MA,MAR,MAS,MCD,MCHP,MCK,MCO,MDT,MET,META,MKC,MMM,MNST,MO,MOS,MPC,MRK,MRSH,MS,MSCI,MSFT,MSI,MTB,MU,NDAQ,NEE,NEM,NFLX,NI,NKE,NOC,NRG,NSC,NTAP,NTRS,NUE,NVDA,NVR,NXP,OKE,OMC,ORCL,ORLY,OXY,PAYX,PCAR,PEG,PEP,PFE,PFG,PG,PGR,PH,PHM,PLD,PM,PNC,PNW,PPG,PPL,PRU,PSA,PSKY,PSX,PTC,PVH,PWR,QCOM,RF,RL,ROK,ROP,ROST,RSG,RTX,RVTY,SBUX,SCHW,SHW,SJM,SLB,SNA,SO,SPG,SPGI,SRE,STT,STX,STZ,SW,SWK,SYK,SYY,T,TAP,TEL,TFC,TGT,TJX,TMO,TPR,TROW,TRV,TSN,TT,TXN,TXT,UDR,UNH,UNP,UPS,USB,V,VLO,VMC,VRSN,VTR,VTRS,VZ,WAT,WDC,WEC,WELL,WFC,WM,WMB,WMT,WTW,WY,WYNN,XEL,XOM,XYL,YUM,ZBH"
2012-09-30,"A,AAPL,ABT,ACN,ADBE,ADI,ADM,ADP,ADSK,AEE,AEP,AES,AFL,AIG,AIZ,AKAM,ALL,AMAT,AMGN,AMP,AMT,AMZN,AON,APA,APD,APH,APTV,AVB,AVY,AXP,AZO,BA,BAC,BALL,BAX,BBY,BDX,BEN,BF-B,BIIB,BK,BKNG,BLK,BMY,BRK-B,BSX,BXP,C,CAG,CAH,CAT,CB,CBRE,CCI,CCL,CF,CHRW,CI,CINF,CL,CLX,CMCSA,CME,CMG,CMI,CMS,CNP,COF,COP,COR,COST,CPAY,CPB,CRH,CRM,CSCO,CSRA,CSX,CTAS,CTRA,CTSH,CVS,CVX,D,DE,DGX,DHI,DHR,DIS,DLTR,DOC,DOV,DRI,DTE,DUK,DVA,DVN,EA,EBAY,ECL,ED,EFX,EG,EIX,EL,ELV,EMR,EOG,EQR,ES,ETN,ETR,EW,EXC,EXPD,EXPE,F,FAST,FCX,FDX,FE,FFIV,FIS,FISV,FITB,GD,GE,GEN,GILD,GIS,GL,GLW,GOOG,GPC,GS,GWW,HAL,HAS,HBAN,HD,HIG,HON,HPQ,HRL,HST,HSY,HUM,IBM,ICE,IFF,INTC,INTU,IP,IQV,IRM,ISRG,ITW,IVZ,J,JCI,JNJ,JPM,KEY,KIM,KKR,KLAC,KMB,KMI,KO,KR,L,LEN,LH,LHX,LIN,LLY,LMT,LOW,LRCX,LUV,LYB,MA,MAR,MAS,MCD,MCHP,MCK,MCO,MDLZ,MDT,MET,META,MKC,MMM,MNST,MO,MOS,MPC,MRK,MRSH,MS,MSCI,MSFT,MSI,MTB,MU,NDAQ,NEE,NEM,NFLX,NI,NKE,NOC,NRG,NSC,NTAP,NTRS,NUE,NVDA,NVR,NXP,OKE,OMC,ORCL,ORLY,OXY,PAYX,PCAR,PEG,PEP,PFE,PFG,PG,PGR,PH,PHM,PLD,PM,PNC,PNR,PNW,PPG,PPL,PRU,PSA,PSKY,PSX,PTC,PVH,PWR,QCOM,RF,RL,ROK,ROP,ROST,RSG,RTX,RVTY,SBUX,SCHW,SHW,SJM,SLB,SNA,SO,SPG,SPGI,SRE,STT,STX,STZ,SW,SWK,SYK,SYY,T,TAP,TEL,TFC,TGT,TJX,TMO,TPR,TROW,TRV,TSN,TT,TXN,TXT,UDR,UNH,UNP,UPS,USB,V,VLO,VMC,VRSN,VTR,VTRS,VZ,WAT,WDC,WEC,WELL,WFC,WM,WMB,WMT,WTW,WY,WYNN,XEL,XOM,XYL,YUM,ZBH"
2012-10-31,"A,AAPL,ABT,ACN,ADBE,ADI,ADM,ADP,ADSK,AEE,AEP,AES,AFL,AIG,AIZ,AKAM,ALL,AMAT,AMGN,AMP,AMT,AMZN,AON,APA,APD,APH,APTV,AVB,AVY,AXP,AZO,BA,BAC,BALL,BAX,BBY,BDX,BEN,BF-B,BIIB,BK,BKNG,BLK,BMY,BRK-B,BSX,BXP,C,CAG,CAH,CAT,CB,CBRE,CCI,CCL,CF,CHRW,CI,CINF,CL,CLX,CMCSA,CME,CMG,CMI,CMS,CNP,COF,COP,COR,COST,CPAY,CPB,CRH,CRM,CSCO,CSRA,CSX,CTAS,CTRA,CTSH,CVS,CVX,D,DE,DGX,DHI,DHR,DIS,DLTR,DOC,DOV,DRI,DTE,DUK,DVA,DVN,EA,EBAY,ECL,ED,EFX,EG,EIX,EL,ELV,EMR,EOG,EQR,ES,ETN,ETR,EW,EXC,EXPD,EXPE,F,FAST,FCX,FDX,FE,FFIV,FIS,FISV,FITB,GD,GE,GEN,GILD,GIS,GL,GLW,GOOG,GPC,GS,GWW,HAL,HAS,HBAN,HD,HIG,HON,HPQ,HRL,HST,HSY,HUM,IBM,ICE,IFF,INTC,INTU,IP,IQV,IRM,ISRG,ITW,IVZ,J,JCI,JNJ,JPM,KEY,KIM,KKR,KLAC,KMB,KMI,KO,KR,L,LEN,LH,LHX,LIN,LLY,LMT,LOW,LRCX,LUV,LYB,MA,MAR,MAS,MCD,MCHP,MCK,MCO,MDLZ,MDT,MET,META,MKC,MMM,MNST,MO,MOS,MPC,MRK,MRSH,MS,MSCI,MSFT,MSI,MTB,MU,NDAQ,NEE,NEM,NFLX,NI,NKE,NOC,NRG,NSC,NTAP,NTRS,NUE,NVDA,NVR,NXP,OKE,OMC,ORCL,ORLY,OXY,PAYX,PCAR,PEG,PEP,PFE,PFG,PG,PGR,PH,PHM,PLD,PM,PNC,PNR,PNW,PPG,PPL,PRU,PSA,PSKY,PSX,PTC,PVH,PWR,QCOM,RF,RL,ROK,ROP,ROST,RSG,RTX,RVTY,SBUX,SCHW,SHW,SJM,SLB,SNA,SO,SPG,SPGI,SRE,STT,STX,STZ,SW,SWK,SYK,SYY,T,TAP,TEL,TFC,TGT,TJX,TMO,TPR,TROW,TRV,TSN,TT,TXN,TXT,UDR,UNH,UNP,UPS,USB,V,VLO,VMC,VRSN,VTR,VTRS,VZ,WAT,WDC,WEC,WELL,WFC,WM,WMB,WMT,WTW,WY,WYNN,XEL,XOM,XYL,YUM,ZBH"
2012-11-30,"A,AAPL,ABT,ACN,ADBE,ADI,ADM,ADP,ADSK,AEE,AEP,AES,AFL,AIG,AIZ,AKAM,ALL,AMAT,AMGN,AMP,AMT,AMZN,AON,APA,APD,APH,APTV,AVB,AVY,AXP,AZO,BA,BAC,BALL,BAX,BBY,BDX,BEN,BF-B,BIIB,BK,BKNG,BLK,BMY,BRK-B,BSX,BXP,C,CAG,CAH,CAT,CB,CBRE,CCI,CCL,CF,CHRW,CI,CINF,CL,CLX,CMCSA,CME,CMG,CMI,CMS,CNP,COF,COP,COR,COST,CPAY,CPB,CRH,CRM,CSCO,CSRA,CSX,CTAS,CTRA,CTSH,CVS,CVX,D,DE,DG,DGX,DHI,DHR,DIS,DLTR,DOC,DOV,DRI,DTE,DUK,DVA,DVN,EA,EBAY,ECL,ED,EFX,EG,EIX,EL,ELV,EMR,EOG,EQR,ES,ETN,ETR,EW,EXC,EXPD,EXPE,F,FAST,FCX,FDX,FE,FFIV,FIS,FISV,FITB,GD,GE,GEN,GILD,GIS,GL,GLW,GOOG,GPC,GRMN,GS,GWW,HAL,HAS,HBAN,HD,HIG,HON,HPQ,HRL,HST,HSY,HUM,IBM,ICE,IFF,INTC,INTU,IP,IQV,IRM,ISRG,ITW,IVZ,J,JCI,JNJ,JPM,KEY,KIM,KKR,KLAC,KMB,KMI,KO,KR,L,LEN,LH,LHX,LIN,LLY,LMT,LOW,LRCX,LUV,LYB,MA,MAR,MAS,MCD,MCHP,MCK,MCO,MDLZ,MDT,MET,META,MKC,MMM,MNST,MO,MOS,MPC,MRK,MRSH,MS,MSCI,MSFT,MSI,MTB,MU,NDAQ,NEE,NEM,NFLX,NI,NKE,NOC,NRG,NSC,NTAP,NTRS,NUE,NVDA,NVR,NXP,OKE,OMC,ORCL,ORLY,OXY,PAYX,PCAR,PEG,PEP,PFE,PFG,PG,PGR,PH,PHM,PLD,PM,PNC,PNR,PNW,PPG,PPL,PRU,PSA,PSKY,PSX,PTC,PVH,PWR,QCOM,RF,RL,ROK,ROP,ROST,RSG,RTX,RVTY,SBUX,SCHW,SHW,SJM,SLB,SNA,SO,SPG,SPGI,SRE,STT,STX,STZ,SW,SWK,SYK,SYY,T,TAP,TEL,TFC,TGT,TJX,TMO,TPR,TROW,TRV,TSN,TT,TXN,TXT,UDR,UNH,UNP,UPS,USB,V,VLO,VMC,VRSN,VTR,VTRS,VZ,WAT,WDC,WEC,WELL,WFC,WM,WMB,WMT,WTW,WY,WYNN,XEL,XOM,XYL,YUM,ZBH"
2012-12-31,"A,AAPL,ABBV,ABT,ACN,ADBE,ADI,ADM,ADP,ADSK,AEE,AEP,AES,AFL,AIG,AIZ,AKAM,ALL,AMAT,AMGN,AMP,AMT,AMZN,AON,APA,APD,APH,APTV,AVB,AVY,AXP,AZO,BA,BAC,BALL,BAX,BBY,BDX,BEN,BF-B,BIIB,BK,BKNG,BLK,BMY,BRK-B,BSX,BXP,C,CAG,CAH,CAT,CB,CBRE,CCI,CCL,CF,CHRW,CI,CINF,CL,CLX,CMCSA,CME,CMG,CMI,CMS,CNP,COF,COP,COR,COST,CPAY,CPB,CRH,CRM,CSCO,CSRA,CSX,CTAS,CTRA,CTSH,CVS,CVX,D,DE,DG,DGX,DHI,DHR,DIS,DLTR,DOC,DOV,DRI,DTE,DUK,DVA,DVN,EA,EBAY,ECL,ED,EFX,EG,EIX,EL,ELV,EMR,EOG,EQR,ES,ETN,ETR,EW,EXC,EXPD,EXPE,F,FAST,FCX,FDX,FE,FFIV,FIS,FISV,FITB,GD,GE,GEN,GILD,GIS,GL,GLW,GOOG,GPC,GRMN,GS,GWW,HAL,HAS,HBAN,HD,HIG,HON,HPQ,HRL,HST,HSY,HUM,IBM,ICE,IFF,INTC,INTU,IP,IQV,IRM,ISRG,ITW,IVZ,J,JCI,JNJ,JPM,KEY,KIM,KKR,KLAC,KMB,KMI,KO,KR,L,LEN,LH,LHX,LIN,LLY,LMT,LOW,LRCX,LUV,LYB,MA,MAR,MAS,MCD,MCHP,MCK,MCO,MDLZ,MDT,MET,META,MKC,MMM,MNST,MO,MOS,MPC,MRK,MRSH,MS,MSCI,MSFT,MSI,MTB,MU,NDAQ,NEE,NEM,NFLX,NI,NKE,NOC,NRG,NSC,NTAP,NTRS,NUE,NVDA,NVR,NXP,OKE,OMC,ORCL,ORLY,OXY,PAYX,PCAR,PEG,PEP,PFE,PFG,PG,PGR,PH,PHM,PLD,PM,PNC,PNR,PNW,PPG,PPL,PRU,PSA,PSKY,PSX,PTC,PVH,PWR,QCOM,RF,RL,ROK,ROP,ROST,RSG,RTX,RVTY,SBUX,SCHW,SHW,SJM,SLB,SNA,SO,SPG,SPGI,SRE,STT,STX,STZ,SW,SWK,SYK,SYY,T,TAP,TEL,TFC,TGT,TJX,TMO,TPR,TROW,TRV,TSN,TT,TXN,TXT,UDR,UNH,UNP,UPS,USB,V,VLO,VMC,VRSN,VTR,VTRS,VZ,WAT,WDC,WEC,WELL,WFC,WM,WMB,WMT,WTW,WY,WYNN,XEL,XOM,XYL,YUM,ZBH"
2013-01-31,"A,AAPL,ABBV,ABT,ACN,ADBE,ADI,ADM,ADP,ADSK,AEE,AEP,AES,AFL,AIG,AIZ,AKAM,ALL,AMAT,AMGN,AMP,AMT,AMZN,AON,APA,APD,APH,APTV,AVB,AVY,AXP,AZO,BA,BAC,BALL,BAX,BBY,BDX,BEN,BF-B,BIIB,BK,BKNG,BLK,BMY,BRK-B,BSX,BXP,C,CAG,CAH,CAT,CB,CBRE,CCI,CCL,CF,CHRW,CI,CINF,CL,CLX,CMCSA,CME,CMG,CMI,CMS,CNP,COF,COP,COR,COST,CPAY,CPB,CRH,CRM,CSCO,CSRA,CSX,CTAS,CTRA,CTSH,CVS,CVX,D,DE,DG,DGX,DHI,DHR,DIS,DLTR,DOC,DOV,DRI,DTE,DUK,DVA,DVN,EA,EBAY,ECL,ED,EFX,EG,EIX,EL,ELV,EMR,EOG,EQR,ES,ETN,ETR,EW,EXC,EXPD,EXPE,F,FAST,FCX,FDX,FE,FFIV,FIS,FISV,FITB,GD,GE,GEN,GILD,GIS,GL,GLW,GOOG,GPC,GRMN,GS,GWW,HAL,HAS,HBAN,HD,HIG,HON,HPQ,HRL,HST,HSY,HUM,IBM,ICE,IFF,INTC,INTU,IP,IQV,IRM,ISRG,ITW,IVZ,J,JCI,JNJ,JPM,KEY,KIM,KKR,KLAC,KMB,KMI,KO,KR,L,LEN,LH,LHX,LIN,LLY,LMT,LOW,LRCX,LUV,LYB,MA,MAR,MAS,MCD,MCHP,MCK,MCO,MDLZ,MDT,MET,META,MKC,MMM,MNST,MO,MOS,MPC,MRK,MRSH,MS,MSCI,MSFT,MSI,MTB,MU,NDAQ,NEE,NEM,NFLX,NI,NKE,NOC,NRG,NSC,NTAP,NTRS,NUE,NVDA,NVR,NXP,OKE,OMC,ORCL,ORLY,OXY,PAYX,PCAR,PEG,PEP,PFE,PFG,PG,PGR,PH,PHM,PLD,PM,PNC,PNR,PNW,PPG,PPL,PRU,PSA,PSKY,PSX,PTC,PWR,QCOM,RF,RL,ROK,ROP,ROST,RSG,RTX,RVTY,SBUX,SCHW,SHW,SJM,SLB,SNA,SO,SPG,SPGI,SRE,STT,STX,STZ,SW,SWK,SYK,SYY,T,TAP,TEL,TFC,TGT,TJX,TMO,TPR,TROW,TRV,TSN,TT,TXN,TXT,UDR,UNH,UNP,UPS,USB,V,VLO,VMC,VRSN,VTR,VTRS,VZ,WAT,WDC,WEC,WELL,WFC,WM,WMB,WMT,WTW,WY,WYNN,XEL,XOM,XYL,YUM,ZBH"
2013-02-28,"A,AAPL,ABBV,ABT,ACN,ADBE,ADI,ADM,ADP,ADSK,AEE,AEP,AES,AFL,AIG,AIZ,AKAM,ALL,AMAT,AMGN,AMP,AMT,AMZN,AON,APA,APD,APH,APTV,AVB,AVY,AXP,AZO,BA,BAC,BALL,BAX,BBY,BDX,BEN,BF-B,BIIB,BK,BKNG,BLK,BMY,BRK-B,BSX,BXP,C,CAG,CAH,CAT,CB,CBRE,CCI,CCL,CF,CHRW,CI,CINF,CL,CLX,CMCSA,CME,CMG,CMI,CMS,CNP,COF,COP,COR,COST,CPAY,CPB,CRH,CRM,CSCO,CSRA,CSX,CTAS,CTRA,CTSH,CVS,CVX,D,DE,DG,DGX,DHI,DHR,DIS,DLTR,DOC,DOV,DRI,DTE,DUK,DVA,DVN,EA,EBAY,ECL,ED,EFX,EG,EIX,EL,ELV,EMR,EOG,EQR,ES,ETN,ETR,EW,EXC,EXPD,EXPE,F,FAST,FCX,FDX,FE,FFIV,FIS,FISV,FITB,GD,GE,GEN,GILD,GIS,GL,GLW,GOOG,GPC,GRMN,GS,GWW,HAL,HAS,HBAN,HD,HIG,HON,HPQ,HRL,HST,HSY,HUM,IBM,ICE,IFF,INTC,INTU,IP,IQV,IRM,ISRG,ITW,IVZ,J,JCI,JNJ,JPM,KEY,KIM,KKR,KLAC,KMB,KMI,KO,KR,L,LEN,LH,LHX,LIN,LLY,LMT,LOW,LRCX,LUV,LYB,MA,MAR,MAS,MCD,MCHP,MCK,MCO,MDLZ,MDT,MET,META,MKC,MMM,MNST,MO,MOS,MPC,MRK,MRSH,MS,MSCI,MSFT,MSI,MTB,MU,NDAQ,NEE,NEM,NFLX,NI,NKE,NOC,NRG,NSC,NTAP,NTRS,NUE,NVDA,NVR,NXP,OKE,OMC,ORCL,ORLY,OXY,PAYX,PCAR,PEG,PEP,PFE,PFG,PG,PGR,PH,PHM,PLD,PM,PNC,PNR,PNW,PPG,PPL,PRU,PSA,PSKY,PSX,PTC,PWR,QCOM,RF,RL,ROK,ROP,ROST,RSG,RTX,RVTY,SBUX,SCHW,SHW,SJM,SLB,SNA,SO,SPG,SPGI,SRE,STT,STX,STZ,SW,SWK,SYK,SYY,T,TAP,TEL,TFC,TGT,TJX,TMO,TPR,TROW,TRV,TSN,TT,TXN,TXT,UDR,UNH,UNP,UPS,USB,V,VLO,VMC,VRSN,VTR,VTRS,VZ,WAT,WDC,WEC,WELL,WFC,WM,WMB,WMT,WTW,WY,WYNN,XEL,XOM,XYL,YUM,ZBH"
2013-03-31,"A,AAPL,ABBV,ABT,ACN,ADBE,ADI,ADM,ADP,ADSK,AEE,AEP,AES,AFL,AIG,AIZ,AKAM,ALL,AMAT,AMGN,AMP,AMT,AMZN,AON,APA,APD,APH,APTV,AVB,AVY,AXP,AZO,BA,BAC,BALL,BAX,BBY,BDX,BEN,BF-B,BIIB,BK,BKNG,BLK,BMY,BRK-B,BSX,BXP,C,CAG,CAH,CAT,CB,CBRE,CCI,CCL,CF,CHRW,CI,CINF,CL,CLX,CMCSA,CME,CMG,CMI,CMS,CNP,COF,COP,COR,COST,CPAY,CPB,CRH,CRM,CSCO,CSRA,CSX,CTAS,CTRA,CTSH,CVS,CVX,D,DE,DG,DGX,DHI,DHR,DIS,DLTR,DOC,DOV,DRI,DTE,DUK,DVA,DVN,EA,EBAY,ECL,ED,EFX,EG,EIX,EL,ELV,EMR,EOG,EQR,ES,ETN,ETR,EW,EXC,EXPD,EXPE,F,FAST,FCX,FDX,FE,FFIV,FIS,FISV,FITB,GD,GE,GEN,GILD,GIS,GL,GLW,GOOG,GPC,GRMN,GS,GWW,HAL,HAS,HBAN,HD,HIG,HON,HPQ,HRL,HST,HSY,HUM,IBM,ICE,IFF,INTC,INTU,IP,IQV,IRM,ISRG,ITW,IVZ,J,JCI,JNJ,JPM,KEY,KIM,KKR,KLAC,KMB,KMI,KO,KR,L,LEN,LH,LHX,LIN,LLY,LMT,LOW,LRCX,LUV,LYB,MA,MAR,MAS,MCD,MCHP,MCK,MCO,MDLZ,MDT,MET,META,MKC,MMM,MNST,MO,MOS,MPC,MRK,MRSH,MS,MSCI,MSFT,MSI,MTB,MU,NDAQ,NEE,NEM,NFLX,NI,NKE,NOC,NRG,NSC,NTAP,NTRS,NUE,NVDA,NVR,NXP,OKE,OMC,ORCL,ORLY,OXY,PAYX,PCAR,PEG,PEP,PFE,PFG,PG,PGR,PH,PHM,PLD,PM,PNC,PNR,PNW,PPG,PPL,PRU,PSA,PSKY,PSX,PTC,PWR,QCOM,REGN,RF,RL,ROK,ROP,ROST,RSG,RTX,RVTY,SBUX,SCHW,SHW,SJM,SLB,SNA,SO,SPG,SPGI,SRE,STT,STX,STZ,SW,SWK,SYK,SYY,T,TAP,TEL,TFC,TGT,TJX,TMO,TPR,TROW,TRV,TSN,TT,TXN,TXT,UDR,UNH,UNP,UPS,USB,V,VLO,VMC,VRSN,VTR,VTRS,VZ,WAT,WDC,WEC,WELL,WFC,WM,WMB,WMT,WTW,WY,WYNN,XEL,XOM,XYL,YUM,ZBH"
2013-04-30,"A,AAPL,ABBV,ABT,ACN,ADBE,ADI,ADM,ADP,ADSK,AEE,AEP,AES,AFL,AIG,AIZ,AKAM,ALL,AMAT,AMGN,AMP,AMT,AMZN,AON,APA,APD,APH,APTV,AVB,AVY,AXP,AZO,BA,BAC,BALL,BAX,BBY,BDX,BEN,BF-B,BIIB,BK,BKNG,BLK,BMY,BRK-B,BSX,BXP,C,CAG,CAH,CAT,CB,CBRE,CCI,CCL,CF,CHRW,CI,CINF,CL,CLX,CMCSA,CME,CMG,CMI,CMS,CNP,COF,COP,COR,COST,CPAY,CPB,CRH,CRM,CSCO,CSRA,CSX,CTAS,CTRA,CTSH,CVS,CVX,D,DE,DG,DGX,DHI,DHR,DIS,DLTR,DOC,DOV,DRI,DTE,DUK,DVA,DVN,EA,EBAY,ECL,ED,EFX,EG,EIX,EL,ELV,EMR,EOG,EQR,ES,ETN,ETR,EW,EXC,EXPD,EXPE,F,FAST,FCX,FDX,FE,FFIV,FIS,FISV,FITB,GD,GE,GEN,GILD,GIS,GL,GLW,GOOG,GPC,GRMN,GS,GWW,HAL,HAS,HBAN,HD,HIG,HON,HPQ,HRL,HST,HSY,HUM,IBM,ICE,IFF,INTC,INTU,IP,IQV,IRM,ISRG,ITW,IVZ,J,JCI,JNJ,JPM,KEY,KIM,KKR,KLAC,KMB,KMI,KO,KR,L,LEN,LH,LHX,LIN,LLY,LMT,LOW,LRCX,LUV,LYB,MA,MAR,MAS,MCD,MCHP,MCK,MCO,MDLZ,MDT,MET,META,MKC,MMM,MNST,MO,MOS,MPC,MRK,MRSH,MS,MSCI,MSFT,MSI,MTB,MU,NDAQ,NEE,NEM,NFLX,NI,NKE,NOC,NRG,NSC,NTAP,NTRS,NUE,NVDA,NVR,NXP,OKE,OMC,ORCL,ORLY,OXY,PAYX,PCAR,PEG,PEP,PFE,PFG,PG,PGR,PH,PHM,PLD,PM,PNC,PNR,PNW,PPG,PPL,PRU,PSA,PSKY,PSX,PTC,PWR,QCOM,REGN,RF,RL,ROK,ROP,ROST,RSG,RTX,RVTY,SBUX,SCHW,SHW,SJM,SLB,SNA,SO,SPG,SPGI,SRE,STT,STX,STZ,SW,SWK,SYK,SYY,T,TAP,TEL,TFC,TGT,TJX,TMO,TPR,TROW,TRV,TSN,TT,TXN,TXT,UDR,UNH,UNP,UPS,USB,V,VLO,VMC,VRSN,VTR,VTRS,VZ,WAT,WDC,WEC,WELL,WFC,WM,WMB,WMT,WTW,WY,WYNN,XEL,XOM,XYL,YUM,ZBH"
2013-05-31,"A,AAPL,ABBV,ABT,ACN,ADBE,ADI,ADM,ADP,ADSK,AEE,AEP,AES,AFL,AIG,AIZ,AKAM,ALL,AMAT,AMGN,AMP,AMT,AMZN,AON,APA,APD,APH,APTV,AVB,AVY,AXP,AZO,BA,BAC,BALL,BAX,BBY,BDX,BEN,BF-B,BIIB,BK,BKNG,BLK,BMY,BRK-B,BSX,BXP,C,CAG,CAH,CAT,CB,CBRE,CCI,CCL,CF,CHRW,CI,CINF,CL,CLX,CMCSA,CME,CMG,CMI,CMS,CNP,COF,COP,COR,COST,CPAY,CPB,CRH,CRM,CSCO,CSRA,CSX,CTAS,CTRA,CTSH,CVS,CVX,D,DE,DG,DGX,DHI,DHR,DIS,DLTR,DOC,DOV,DRI,DTE,DUK,DVA,DVN,EA,EBAY,ECL,ED,EFX,EG,EIX,EL,ELV,EMR,EOG,EQR,ES,ETN,ETR,EW,EXC,EXPD,EXPE,F,FAST,FCX,FDX,FE,FFIV,FIS,FISV,FITB,GD,GE,GEN,GILD,GIS,GL,GLW,GM,GOOG,GPC,GRMN,GS,GWW,HAL,HAS,HBAN,HD,HIG,HON,HPQ,HRL,HST,HSY,HUM,IBM,ICE,IFF,INTC,INTU,IP,IQV,IRM,ISRG,ITW,IVZ,J,JCI,JNJ,JPM,KEY,KIM,KKR,KLAC,KMB,KMI,KO,KR,L,LEN,LH,LHX,LIN,LLY,LMT,LOW,LRCX,LUV,LYB,MA,MAR,MAS,MCD,MCHP,MCK,MCO,MDLZ,MDT,MET,META,MKC,MMM,MNST,MO,MOS,MPC,MRK,MRSH,MS,MSCI,MSFT,MSI,MTB,MU,NDAQ,NEE,NEM,NFLX,NI,NKE,NOC,NRG,NSC,NTAP,NTRS,NUE,NVDA,NVR,NXP,OKE,OMC,ORCL,ORLY,OXY,PAYX,PCAR,PEG,PEP,PFE,PFG,PG,PGR,PH,PHM,PLD,PM,PNC,PNR,PNW,PPG,PPL,PRU,PSA,PSKY,PSX,PTC,PWR,QCOM,REGN,RF,RL,ROK,ROP,ROST,RSG,RTX,RVTY,SBUX,SCHW,SHW,SJM,SLB,SNA,SO,SPG,SPGI,SRE,STT,STX,STZ,SW,SWK,SYK,SYY,T,TAP,TEL,TFC,TGT,TJX,TMO,TPR,TROW,TRV,TSN,TT,TXN,TXT,UDR,UNH,UNP,UPS,USB,V,VLO,VMC,VRSN,VTR,VTRS,VZ,WAT,WDC,WEC,WELL,WFC,WM,WMB,WMT,WTW,WY,WYNN,XEL,XOM,XYL,YUM,ZBH,ZTS"
2013-06-30,"A,AAPL,ABBV,ABT,ACN,ADBE,ADI,ADM,ADP,ADSK,AEE,AEP,AES,AFL,AIG,AIZ,AKAM,ALL,AMAT,AMGN,AMP,AMT,AMZN,AON,APA,APD,APH,APTV,AVB,AVY,AXP,AZO,BA,BAC,BALL,BAX,BBY,BDX,BEN,BF-B,BIIB,BK,BKNG,BLK,BMY,BRK-B,BSX,BXP,C,CAG,CAH,CAT,CB,CBRE,CCI,CCL,CF,CHRW,CI,CINF,CL,CLX,CMCSA,CME,CMG,CMI,CMS,CNP,COF,COP,COR,COST,CPAY,CPB,CRH,CRM,CSCO,CSRA,CSX,CTAS,CTRA,CTSH,CVS,CVX,D,DE,DG,DGX,DHI,DHR,DIS,DLTR,DOC,DOV,DRI,DTE,DUK,DVA,DVN,EA,EBAY,ECL,ED,EFX,EG,EIX,EL,ELV,EMR,EOG,EQR,ES,ETN,ETR,EW,EXC,EXPD,EXPE,F,FAST,FCX,FDX,FE,FFIV,FIS,FISV,FITB,GD,GE,GEN,GILD,GIS,GL,GLW,GM,GOOG,GPC,GRMN,GS,GWW,HAL,HAS,HBAN,HD,HIG,HON,HPQ,HRL,HST,HSY,HUM,IBM,ICE,IFF,INTC,INTU,IP,IQV,IRM,ISRG,ITW,IVZ,J,JCI,JNJ,JPM,KEY,KIM,KKR,KLAC,KMB,KMI,KO,KR,L,LEN,LH,LHX,LIN,LLY,LMT,LOW,LRCX,LUV,LYB,MA,MAR,MAS,MCD,MCHP,MCK,MCO,MDLZ,MDT,MET,META,MKC,MMM,MNST,MO,MOS,MPC,MRK,MRSH,MS,MSCI,MSFT,MSI,MTB,MU,NDAQ,NEE,NEM,NFLX,NI,NKE,NOC,NRG,NSC,NTAP,NTRS,NUE,NVDA,NVR,NWSA,NXP,OKE,OMC,ORCL,ORLY,OXY,PAYX,PCAR,PEG,PEP,PFE,PFG,PG,PGR,PH,PHM,PLD,PM,PNC,PNR,PNW,PPG,PPL,PRU,PSA,PSKY,PSX,PTC,PWR,QCOM,REGN,RF,RL,ROK,ROP,ROST,RSG,RTX,RVTY,SBUX,SCHW,SHW,SJM,SLB,SNA,SO,SPG,SPGI,SRE,STT,STX,STZ,SW,SWK,SYK,SYY,T,TAP,TEL,TFC,TGT,TJX,TMO,TPR,TROW,TRV,TSN,TT,TXN,TXT,UDR,UNH,UNP,UPS,USB,V,VLO,VMC,VRSN,VTR,VTRS,VZ,WAT,WDC,WEC,WELL,WFC,WM,WMB,WMT,WTW,WY,WYNN,XEL,XOM,XYL,YUM,ZBH,ZTS"
2013-07-31,"A,AAPL,ABBV,ABT,ACN,ADBE,ADI,ADM,ADP,ADSK,AEE,AEP,AES,AFL,AIG,AIZ,AKAM,ALL,AMAT,AMGN,AMP,AMT,AMZN,AON,APA,APD,APH,APTV,AVB,AVY,AXP,AZO,BA,BAC,BALL,BAX,BBY,BDX,BEN,BF-B,BIIB,BK,BKNG,BLK,BMY,BRK-B,BSX,BXP,C,CAG,CAH,CAT,CB,CBRE,CCI,CCL,CF,CHRW,CI,CINF,CL,CLX,CMCSA,CME,CMG,CMI,CMS,CNP,COF,COP,COR,COST,CPAY,CPB,CRH,CRM,CSCO,CSRA,CSX,CTAS,CTRA,CTSH,CVS,CVX,D,DE,DG,DGX,DHI,DHR,DIS,DLTR,DOC,DOV,DRI,DTE,DUK,DVA,DVN,EA,EBAY,ECL,ED,EFX,EG,EIX,EL,ELV,EMR,EOG,EQR,ES,ETN,ETR,EW,EXC,EXPD,EXPE,F,FAST,FCX,FDX,FE,FFIV,FIS,FISV,FITB,GD,GE,GEN,GILD,GIS,GL,GLW,GM,GOOG,GPC,GRMN,GS,GWW,HAL,HAS,HBAN,HD,HIG,HON,HPQ,HRL,HST,HSY,HUM,IBM,ICE,IFF,INTC,INTU,IP,IQV,IRM,ISRG,ITW,IVZ,J,JCI,JNJ,JPM,KEY,KIM,KKR,KLAC,KMB,KMI,KO,KR,L,LEN,LH,LHX,LIN,LLY,LMT,LOW,LRCX,LUV,LYB,MA,MAR,MAS,MCD,MCHP,MCK,MCO,MDLZ,MDT,MET,META,MKC,MMM,MNST,MO,MOS,MPC,MRK,MRSH,MS,MSCI,MSFT,MSI,MTB,MU,NDAQ,NEE,NEM,NFLX,NI,NKE,NOC,NRG,NSC,NTAP,NTRS,NUE,NVDA,NVR,NWSA,NXP,OKE,OMC,ORCL,ORLY,OXY,PAYX,PCAR,PEG,PEP,PFE,PFG,PG,PGR,PH,PHM,PLD,PM,PNC,PNR,PNW,PPG,PPL,PRU,PSA,PSKY,PSX,PTC,PWR,QCOM,REGN,RF,RL,ROK,ROP,ROST,RSG,RTX,RVTY,SBUX,SCHW,SHW,SJM,SLB,SNA,SO,SPG,SPGI,SRE,STT,STX,STZ,SW,SWK,SYK,SYY,T,TAP,TEL,TFC,TGT,TJX,TMO,TPR,TROW,TRV,TSN,TT,TXN,TXT,UDR,UNH,UNP,UPS,USB,V,VLO,VMC,VRSN,VTR,VTRS,VZ,WAT,WDC,WEC,WELL,WFC,WM,WMB,WMT,WTW,WY,WYNN,XEL,XOM,XYL,YUM,ZBH,ZTS"
2013-08-31,"A,AAPL,ABBV,ABT,ACN,ADBE,ADI,ADM,ADP,ADSK,AEE,AEP,AES,AFL,AIG,AIZ,AKAM,ALL,AMAT,AME,AMGN,AMP,AMT,AMZN,AON,APA,APD,APH,APTV,AVB,AVY,AXP,AZO,BA,BAC,BALL,BAX,BBY,BDX,BEN,BF-B,BIIB,BK,BKNG,BLK,BMY,BRK-B,BSX,BXP,C,CAG,CAH,CAT,CB,CBRE,CCI,CCL,CF,CHRW,CI,CINF,CL,CLX,CMCSA,CME,CMG,CMI,CMS,CNP,COF,COP,COR,COST,CPAY,CPB,CRH,CRM,CSCO,CSRA,CSX,CTAS,CTRA,CTSH,CVS,CVX,D,DAL,DE,DG,DGX,DHI,DHR,DIS,DLTR,DOC,DOV,DRI,DTE,DUK,DVA,DVN,EA,EBAY,ECL,ED,EFX,EG,EIX,EL,ELV,EMR,EOG,EQR,ES,ETN,ETR,EW,EXC,EXPD,EXPE,F,FAST,FCX,FDX,FE,FFIV,FIS,FISV,FITB,GD,GE,GEN,GILD,GIS,GL,GLW,GM,GOOG,GPC,GRMN,GS,GWW,HAL,HAS,HBAN,HD,HIG,HON,HPQ,HRL,HST,HSY,HUM,IBM,ICE,IFF,INTC,INTU,IP,IQV,IRM,ISRG,ITW,IVZ,J,JCI,JNJ,JPM,KEY,KIM,KKR,KLAC,KMB,KMI,KO,KR,L,LEN,LH,LHX,LIN,LLY,LMT,LOW,LRCX,LUV,LYB,MA,MAR,MAS,MCD,MCHP,MCK,MCO,MDLZ,MDT,MET,META,MKC,MMM,MNST,MO,MOS,MPC,MRK,MRSH,MS,MSCI,MSFT,MSI,MTB,MU,NDAQ,NEE,NEM,NFLX,NI,NKE,NOC,NRG,NSC,NTAP,NTRS,NUE,NVDA,NVR,NWSA,NXP,OKE,OMC,ORCL,ORLY,OXY,PAYX,PCAR,PEG,PEP,PFE,PFG,PG,PGR,PH,PHM,PLD,PM,PNC,PNR,PNW,PPG,PPL,PRU,PSA,PSKY,PSX,PTC,PWR,QCOM,REGN,RF,RL,ROK,ROP,ROST,RSG,RTX,RVTY,SBUX,SCHW,SHW,SJM,SLB,SNA,SO,SPG,SPGI,SRE,STT,STX,STZ,SW,SWK,SYK,SYY,T,TAP,TEL,TFC,TGT,TJX,TMO,TPR,TROW,TRV,TSN,TT,TXN,TXT,UDR,UNH,UNP,UPS,USB,V,VLO,VMC,VRSN,VRTX,VTR,VTRS,VZ,WAT,WDC,WEC,WELL,WFC,WM,WMB,WMT,WTW,WY,WYNN,XEL,XOM,XYL,YUM,ZBH,ZTS"
2013-09-30,"A,AAPL,ABBV,ABT,ACN,ADBE,ADI,ADM,ADP,ADSK,AEE,AEP,AES,AFL,AIG,AIZ,AKAM,ALL,AMAT,AME,AMGN,AMP,AMT,AMZN,AON,APA,APD,APH,APTV,AVB,AVY,AXP,AZO,BA,BAC,BALL,BAX,BBY,BDX,BEN,BF-B,BIIB,BK,BKNG,BLK,BMY,BRK-B,BSX,BXP,C,CAG,CAH,CAT,CB,CBRE,CCI,CCL,CF,CHRW,CI,CINF,CL,CLX,CMCSA,CME,CMG,CMI,CMS,CNP,COF,COP,COR,COST,CPAY,CPB,CRH,CRM,CSCO,CSRA,CSX,CTAS,CTRA,CTSH,CVS,CVX,D,DAL,DE,DG,DGX,DHI,DHR,DIS,DLTR,DOC,DOV,DRI,DTE,DUK,DVA,DVN,EA,EBAY,ECL,ED,EFX,EG,EIX,EL,ELV,EMR,EOG,EQR,ES,ETN,ETR,EW,EXC,EXPD,EXPE,F,FAST,FCX,FDX,FE,FFIV,FIS,FISV,FITB,GD,GE,GEN,GILD,GIS,GL,GLW,GM,GOOG,GPC,GRMN,GS,GWW,HAL,HAS,HBAN,HD,HIG,HON,HPQ,HRL,HST,HSY,HUM,IBM,ICE,IFF,INTC,INTU,IP,IQV,IRM,ISRG,ITW,IVZ,J,JCI,JNJ,JPM,KEY,KIM,KKR,KLAC,KMB,KMI,KO,KR,L,LEN,LH,LHX,LIN,LLY,LMT,LOW,LRCX,LUV,LYB,MA,MAR,MAS,MCD,MCHP,MCK,MCO,MDLZ,MDT,MET,META,MKC,MMM,MNST,MO,MOS,MPC,MRK,MRSH,MS,MSCI,MSFT,MSI,MTB,MU,NDAQ,NEE,NEM,NFLX,NI,NKE,NOC,NRG,NSC,NTAP,NTRS,NUE,NVDA,NVR,NWSA,NXP,OKE,OMC,ORCL,ORLY,OXY,PAYX,PCAR,PEG,PEP,PFE,PFG,PG,PGR,PH,PHM,PLD,PM,PNC,PNR,PNW,PPG,PPL,PRU,PSA,PSKY,PSX,PTC,PWR,QCOM,REGN,RF,RL,ROK,ROP,ROST,RSG,RTX,RVTY,SBUX,SCHW,SHW,SJM,SLB,SNA,SO,SPG,SPGI,SRE,STT,STX,STZ,SW,SWK,SYK,SYY,T,TAP,TEL,TFC,TGT,TJX,TMO,TPR,TROW,TRV,TSN,TT,TXN,TXT,UDR,UNH,UNP,UPS,USB,V,VLO,VMC,VRSN,VRTX,VTR,VTRS,VZ,WAT,WDC,WEC,WELL,WFC,WM,WMB,WMT,WTW,WY,WYNN,XEL,XOM,XYL,YUM,ZBH,ZTS"
2013-10-31,"A,AAPL,ABBV,ABT,ACN,ADBE,ADI,ADM,ADP,ADSK,AEE,AEP,AES,AFL,AIG,AIZ,AKAM,ALL,AMAT,AME,AMGN,AMP,AMT,AMZN,AON,APA,APD,APH,APTV,AVB,AVY,AXP,AZO,BA,BAC,BALL,BAX,BBY,BDX,BEN,BF-B,BIIB,BK,BKNG,BLK,BMY,BRK-B,BSX,BXP,C,CAG,CAH,CAT,CB,CBRE,CCI,CCL,CF,CHRW,CI,CINF,CL,CLX,CMCSA,CME,CMG,CMI,CMS,CNP,COF,COP,COR,COST,CPAY,CPB,CRH,CRM,CSCO,CSRA,CSX,CTAS,CTRA,CTSH,CVS,CVX,D,DAL,DE,DG,DGX,DHI,DHR,DIS,DLTR,DOC,DOV,DRI,DTE,DUK,DVA,DVN,EA,EBAY,ECL,ED,EFX,EG,EIX,EL,ELV,EMR,EOG,EQR,ES,ETN,ETR,EW,EXC,EXPD,EXPE,F,FAST,FCX,FDX,FE,FFIV,FIS,FISV,FITB,GD,GE,GEN,GILD,GIS,GL,GLW,GM,GOOG,GPC,GRMN,GS,GWW,HAL,HAS,HBAN,HD,HIG,HON,HPQ,HRL,HST,HSY,HUM,IBM,ICE,IFF,INTC,INTU,IP,IQV,IRM,ISRG,ITW,IVZ,J,JCI,JNJ,JPM,KEY,KIM,KKR,KLAC,KMB,KMI,KO,KR,L,LEN,LH,LHX,LIN,LLY,LMT,LOW,LRCX,LUV,LYB,MA,MAR,MAS,MCD,MCHP,MCK,MCO,MDLZ,MDT,MET,META,MKC,MMM,MNST,MO,MOS,MPC,MRK,MRSH,MS,MSCI,MSFT,MSI,MTB,MU,NDAQ,NEE,NEM,NFLX,NI,NKE,NOC,NRG,NSC,NTAP,NTRS,NUE,NVDA,NVR,NWSA,NXP,OKE,OMC,ORCL,ORLY,OXY,PAYX,PCAR,PEG,PEP,PFE,PFG,PG,PGR,PH,PHM,PLD,PM,PNC,PNR,PNW,PPG,PPL,PRU,PSA,PSKY,PSX,PTC,PWR,QCOM,REGN,RF,RL,ROK,ROP,ROST,RSG,RTX,RVTY,SBUX,SCHW,SHW,SJM,SLB,SNA,SO,SPG,SPGI,SRE,STT,STX,STZ,SW,SWK,SYK,SYY,T,TAP,TEL,TFC,TGT,TJX,TMO,TPR,TROW,TRV,TSN,TT,TXN,TXT,UDR,UNH,UNP,UPS,USB,V,VLO,VMC,VRSN,VRTX,VTR,VTRS,VZ,WAT,WDC,WEC,WELL,WFC,WM,WMB,WMT,WTW,WY,WYNN,XEL,XOM,XYL,YUM,ZBH,ZTS"
2013-11-30,"A,AAPL,ABBV,ABT,ACN,ADBE,ADI,ADM,ADP,ADSK,AEE,AEP,AES,AFL,AIG,AIZ,AKAM,ALL,ALLE,AMAT,AME,AMGN,AMP,AMT,AMZN,AON,APA,APD,APH,APTV,AVB,AVY,AXP,AZO,BA,BAC,BALL,BAX,BBY,BDX,BEN,BF-B,BIIB,BK,BKNG,BLK,BMY,BRK-B,BSX,BXP,C,CAG,CAH,CAT,CB,CBRE,CCI,CCL,CF,CHRW,CI,CINF,CL,CLX,CMCSA,CME,CMG,CMI,CMS,CNP,COF,COP,COR,COST,CPAY,CPB,CRH,CRM,CSCO,CSRA,CSX,CTAS,CTRA,CTSH,CVS,CVX,D,DAL,DE,DG,DGX,DHI,DHR,DIS,DLTR,DOC,DOV,DRI,DTE,DUK,DVA,DVN,EA,EBAY,ECL,ED,EFX,EG,EIX,EL,ELV,EMR,EOG,EQR,ES,ETN,ETR,EW,EXC,EXPD,EXPE,F,FAST,FCX,FDX,FE,FFIV,FIS,FISV,FITB,GD,GE,GEN,GILD,GIS,GL,GLW,GM,GOOG,GPC,GRMN,GS,GWW,HAL,HAS,HBAN,HD,HIG,HON,HPQ,HRL,HST,HSY,HUM,IBM,ICE,IFF,INTC,INTU,IP,IQV,IRM,ISRG,ITW,IVZ,J,JCI,JNJ,JPM,KEY,KIM,KKR,KLAC,KMB,KMI,KO,KR,L,LEN,LH,LHX,LIN,LLY,LMT,LOW,LRCX,LUV,LYB,MA,MAR,MAS,MCD,MCHP,MCK,MCO,MDLZ,MDT,MET,META,MKC,MMM,MNST,MO,MOS,MPC,MRK,MRSH,MS,MSCI,MSFT,MSI,MTB,MU,NDAQ,NEE,NEM,NFLX,NI,NKE,NOC,NRG,NSC,NTAP,NTRS,NUE,NVDA,NVR,NWSA,NXP,OKE,OMC,ORCL,ORLY,OXY,PAYX,PCAR,PEG,PEP,PFE,PFG,PG,PGR,PH,PHM,PLD,PM,PNC,PNR,PNW,PPG,PPL,PRU,PSA,PSKY,PSX,PTC,PWR,QCOM,REGN,RF,RL,ROK,ROP,ROST,RSG,RTX,RVTY,SBUX,SCHW,SHW,SJM,SLB,SNA,SO,SPG,SPGI,SRE,STT,STX,STZ,SW,SWK,SYK,SYY,T,TAP,TEL,TFC,TGT,TJX,TMO,TPR,TROW,TRV,TSN,TT,TXN,TXT,UDR,UNH,UNP,UPS,USB,V,VLO,VMC,VRSN,VRTX,VTR,VTRS,VZ,WAT,WDC,WEC,WELL,WFC,WM,WMB,WMT,WTW,WY,WYNN,XEL,XOM,XYL,YUM,ZBH,ZTS"
2013-12-31,"A,AAPL,ABBV,ABT,ACN,ADBE,ADI,ADM,ADP,ADSK,AEE,AEP,AES,AFL,AIG,AIZ,AKAM,ALL,ALLE,AMAT,AME,AMGN,AMP,AMT,AMZN,AON,APA,APD,APH,APTV,AVB,AVY,AXP,AZO,BA,BAC,BALL,BAX,BBY,BDX,BEN,BF-B,BIIB,BK,BKNG,BLK,BMY,BRK-B,BSX,BXP,C,CAG,CAH,CAT,CB,CBRE,CCI,CCL,CF,CHRW,CI,CINF,CL,CLX,CMCSA,CME,CMG,CMI,CMS,CNP,COF,COP,COR,COST,CPAY,CPB,CRH,CRM,CSCO,CSRA,CSX,CTAS,CTRA,CTSH,CVS,CVX,D,DAL,DE,DG,DGX,DHI,DHR,DIS,DLTR,DOC,DOV,DRI,DTE,DUK,DVA,DVN,EA,EBAY,ECL,ED,EFX,EG,EIX,EL,ELV,EMR,EOG,EQR,ES,ETN,ETR,EW,EXC,EXPD,EXPE,F,FAST,FCX,FDX,FE,FFIV,FIS,FISV,FITB,GD,GE,GEN,GILD,GIS,GL,GLW,GM,GOOG,GPC,GRMN,GS,GWW,HAL,HAS,HBAN,HD,HIG,HON,HPQ,HRL,HST,HSY,HUM,IBM,ICE,IFF,INTC,INTU,IP,IQV,IRM,ISRG,ITW,IVZ,J,JCI,JNJ,JPM,KEY,KIM,KKR,KLAC,KMB,KMI,KO,KR,L,LEN,LH,LHX,LIN,LLY,LMT,LOW,LRCX,LUV,LYB,MA,MAR,MAS,MCD,MCHP,MCK,MCO,MDLZ,MDT,MET,META,MKC,MMM,MNST,MO,MOS,MPC,MRK,MRSH,MS,MSCI,MSFT,MSI,MTB,MU,NDAQ,NEE,NEM,NFLX,NI,NKE,NOC,NRG,NSC,NTAP,NTRS,NUE,NVDA,NVR,NWSA,NXP,OKE,OMC,ORCL,ORLY,OXY,PAYX,PCAR,PEG,PEP,PFE,PFG,PG,PGR,PH,PHM,PLD,PM,PNC,PNR,PNW,PPG,PPL,PRU,PSA,PSKY,PSX,PTC,PWR,QCOM,REGN,RF,RL,ROK,ROP,ROST,RSG,RTX,RVTY,SBUX,SCHW,SHW,SJM,SLB,SNA,SO,SPG,SPGI,SRE,STT,STX,STZ,SW,SWK,SYK,SYY,T,TAP,TEL,TFC,TGT,TJX,TMO,TPR,TROW,TRV,TSCO,TSN,TT,TXN,TXT,UDR,UNH,UNP,UPS,USB,V,VLO,VMC,VRSN,VRTX,VTR,VTRS,VZ,WAT,WDC,WEC,WELL,WFC,WM,WMB,WMT,WTW,WY,WYNN,XEL,XOM,XYL,YUM,ZBH,ZTS"
2014-01-31,"A,AAPL,ABBV,ABT,ACN,ADBE,ADI,ADM,ADP,ADSK,AEE,AEP,AES,AFL,AIG,AIZ,AKAM,ALL,ALLE,AMAT,AME,AMGN,AMP,AMT,AMZN,AON,APA,APD,APH,APTV,AVB,AVY,AXP,AZO,BA,BAC,BALL,BAX,BBY,BDX,BEN,BF-B,BIIB,BK,BKNG,BLK,BMY,BRK-B,BSX,BXP,C,CAG,CAH,CAT,CB,CBRE,CCI,CCL,CF,CHRW,CI,CINF,CL,CLX,CMCSA,CME,CMG,CMI,CMS,CNP,COF,COP,COR,COST,CPAY,CPB,CRH,CRM,CSCO,CSRA,CSX,CTAS,CTRA,CTSH,CVS,CVX,D,DAL,DE,DG,DGX,DHI,DHR,DIS,DLTR,DOC,DOV,DRI,DTE,DUK,DVA,DVN,EA,EBAY,ECL,ED,EFX,EG,EIX,EL,ELV,EMR,EOG,EQR,ES,ETN,ETR,EW,EXC,EXPD,EXPE,F,FAST,FCX,FDX,FE,FFIV,FIS,FISV,FITB,GD,GE,GEN,GILD,GIS,GL,GLW,GM,GOOG,GPC,GRMN,GS,GWW,HAL,HAS,HBAN,HD,HIG,HON,HPQ,HRL,HST,HSY,HUM,IBM,ICE,IFF,INTC,INTU,IP,IQV,IRM,ISRG,ITW,IVZ,J,JCI,JNJ,JPM,KEY,KIM,KKR,KLAC,KMB,KMI,KO,KR,L,LEN,LH,LHX,LIN,LLY,LMT,LOW,LRCX,LUV,LYB,MA,MAR,MAS,MCD,MCHP,MCK,MCO,MDLZ,MDT,MET,META,MKC,MMM,MNST,MO,MOS,MPC,MRK,MRSH,MS,MSCI,MSFT,MSI,MTB,MU,NDAQ,NEE,NEM,NFLX,NI,NKE,NOC,NRG,NSC,NTAP,NTRS,NUE,NVDA,NVR,NWSA,NXP,OKE,OMC,ORCL,ORLY,OXY,PAYX,PCAR,PEG,PEP,PFE,PFG,PG,PGR,PH,PHM,PLD,PM,PNC,PNR,PNW,PPG,PPL,PRU,PSA,PSKY,PSX,PTC,PWR,QCOM,REGN,RF,RL,ROK,ROP,ROST,RSG,RTX,RVTY,SBUX,SCHW,SHW,SJM,SLB,SNA,SO,SPG,SPGI,SRE,STT,STX,STZ,SW,SWK,SYK,SYY,T,TAP,TEL,TFC,TGT,TJX,TMO,TPR,TROW,TRV,TSCO,TSN,TT,TXN,TXT,UDR,UNH,UNP,UPS,USB,V,VLO,VMC,VRSN,VRTX,VTR,VTRS,VZ,WAT,WDC,WEC,WELL,WFC,WM,WMB,WMT,WTW,WY,WYNN,XEL,XOM,XYL,YUM,ZBH,ZTS"
2014-02-28,"A,AAPL,ABBV,ABT,ACN,ADBE,ADI,ADM,ADP,ADSK,AEE,AEP,AES,AFL,AIG,AIZ,AKAM,ALL,ALLE,AMAT,AME,AMGN,AMP,AMT,AMZN,AON,APA,APD,APH,APTV,AVB,AVY,AXP,AZO,BA,BAC,BALL,BAX,BBY,BDX,BEN,BF-B,BIIB,BK,BKNG,BLK,BMY,BRK-B,BSX,BXP,C,CAG,CAH,CAT,CB,CBRE,CCI,CCL,CF,CHRW,CI,CINF,CL,CLX,CMCSA,CME,CMG,CMI,CMS,CNP,COF,COP,COR,COST,CPAY,CPB,CRH,CRM,CSCO,CSRA,CSX,CTAS,CTRA,CTSH,CVS,CVX,D,DAL,DE,DG,DGX,DHI,DHR,DIS,DLTR,DOC,DOV,DRI,DTE,DUK,DVA,DVN,EA,EBAY,ECL,ED,EFX,EG,EIX,EL,ELV,EMR,EOG,EQR,ES,ETN,ETR,EW,EXC,EXPD,EXPE,F,FAST,FCX,FDX,FE,FFIV,FIS,FISV,FITB,GD,GE,GEN,GILD,GIS,GL,GLW,GM,GOOG,GPC,GRMN,GS,GWW,HAL,HAS,HBAN,HD,HIG,HON,HPQ,HRL,HST,HSY,HUM,IBM,ICE,IFF,INTC,INTU,IP,IQV,IRM,ISRG,ITW,IVZ,J,JCI,JNJ,JPM,KEY,KIM,KKR,KLAC,KMB,KMI,KO,KR,L,LEN,LH,LHX,LIN,LLY,LMT,LOW,LRCX,LUV,LYB,MA,MAR,MAS,MCD,MCHP,MCK,MCO,MDLZ,MDT,MET,META,MKC,MMM,MNST,MO,MOS,MPC,MRK,MRSH,MS,MSCI,MSFT,MSI,MTB,MU,NDAQ,NEE,NEM,NFLX,NI,NKE,NOC,NRG,NSC,NTAP,NTRS,NUE,NVDA,NVR,NWSA,NXP,OKE,OMC,ORCL,ORLY,OXY,PAYX,PCAR,PEG,PEP,PFE,PFG,PG,PGR,PH,PHM,PLD,PM,PNC,PNR,PNW,PPG,PPL,PRU,PSA,PSKY,PSX,PTC,PWR,QCOM,REGN,RF,RL,ROK,ROP,ROST,RSG,RTX,RVTY,SBUX,SCHW,SHW,SJM,SLB,SNA,SO,SPG,SPGI,SRE,STT,STX,STZ,SW,SWK,SYK,SYY,T,TAP,TEL,TFC,TGT,TJX,TMO,TPR,TROW,TRV,TSCO,TSN,TT,TXN,TXT,UDR,UNH,UNP,UPS,USB,V,VLO,VMC,VRSN,VRTX,VTR,VTRS,VZ,WAT,WDC,WEC,WELL,WFC,WM,WMB,WMT,WTW,WY,WYNN,XEL,XOM,XYL,YUM,ZBH,ZTS"
2014-03-31,"A,AAPL,ABBV,ABT,ACN,ADBE,ADI,ADM,ADP,ADSK,AEE,AEP,AES,AFL,AIG,AIZ,AKAM,ALL,ALLE,AMAT,AME,AMGN,AMP,AMT,AMZN,AON,APA,APD,APH,APTV,AVB,AVY,AXP,AZO,BA,BAC,BALL,BAX,BBY,BDX,BEN,BF-B,BIIB,BK,BKNG,BLK,BMY,BRK-B,BSX,BXP,C,CAG,CAH,CAT,CB,CBRE,CCI,CCL,CF,CHRW,CI,CINF,CL,CLX,CMCSA,CME,CMG,CMI,CMS,CNP,COF,COP,COR,COST,CPAY,CPB,CRH,CRM,CSCO,CSRA,CSX,CTAS,CTRA,CTSH,CVS,CVX,D,DAL,DE,DG,DGX,DHI,DHR,DIS,DLTR,DOC,DOV,DRI,DTE,DUK,DVA,DVN,EA,EBAY,ECL,ED,EFX,EG,EIX,EL,ELV,EMR,EOG,EQR,ES,ESS,ETN,ETR,EW,EXC,EXPD,EXPE,F,FAST,FCX,FDX,FE,FFIV,FIS,FISV,FITB,GD,GE,GEN,GILD,GIS,GL,GLW,GM,GOOG,GOOGL,GPC,GRMN,GS,GWW,HAL,HAS,HBAN,HD,HIG,HON,HPQ,HRL,HST,HSY,HUM,IBM,ICE,IFF,INTC,INTU,IP,IQV,IRM,ISRG,ITW,IVZ,J,JCI,JNJ,JPM,KEY,KIM,KKR,KLAC,KMB,KMI,KO,KR,L,LEN,LH,LHX,LIN,LLY,LMT,LOW,LRCX,LUV,LYB,MA,MAR,MAS,MCD,MCHP,MCK,MCO,MDLZ,MDT,MET,META,MKC,MMM,MNST,MO,MOS,MPC,MRK,MRSH,MS,MSCI,MSFT,MSI,MTB,MU,NDAQ,NEE,NEM,NFLX,NI,NKE,NOC,NRG,NSC,NTAP,NTRS,NUE,NVDA,NVR,NWSA,NXP,OKE,OMC,ORCL,ORLY,OXY,PAYX,PCAR,PEG,PEP,PFE,PFG,PG,PGR,PH,PHM,PLD,PM,PNC,PNR,PNW,PPG,PPL,PRU,PSA,PSKY,PSX,PTC,PWR,QCOM,REGN,RF,RL,ROK,ROP,ROST,RSG,RTX,RVTY,SBUX,SCHW,SHW,SJM,SLB,SNA,SO,SPG,SPGI,SRE,STT,STX,STZ,SW,SWK,SYK,SYY,T,TAP,TEL,TFC,TGT,TJX,TMO,TPR,TROW,TRV,TSCO,TSN,TT,TXN,TXT,UDR,UNH,UNP,UPS,USB,V,VLO,VMC,VRSN,VRTX,VTR,VTRS,VZ,WAT,WDC,WEC,WELL,WFC,WM,WMB,WMT,WTW,WY,WYNN,XEL,XOM,XYL,YUM,ZBH,ZTS"
2014-04-30,"A,AAPL,ABBV,ABT,ACN,ADBE,ADI,ADM,ADP,ADSK,AEE,AEP,AES,AFL,AIG,AIZ,AKAM,ALL,ALLE,AMAT,AME,AMGN,AMP,AMT,AMZN,AON,APA,APD,APH,APTV,AVB,AVGO,AVY,AXP,AZO,BA,BAC,BALL,BAX,BBY,BDX,BEN,BF-B,BIIB,BK,BKNG,BLK,BMY,BRK-B,BSX,BXP,C,CAG,CAH,CAT,CB,CBRE,CCI,CCL,CF,CHRW,CI,CINF,CL,CLX,CMCSA,CME,CMG,CMI,CMS,CNP,COF,COP,COR,COST,CPAY,CPB,CRH,CRM,CSCO,CSRA,CSX,CTAS,CTRA,CTSH,CVS,CVX,D,DAL,DE,DG,DGX,DHI,DHR,DIS,DLTR,DOC,DOV,DRI,DTE,DUK,DVA,DVN,EA,EBAY,ECL,ED,EFX,EG,EIX,EL,ELV,EMR,EOG,EQR,ES,ESS,ETN,ETR,EW,EXC,EXPD,EXPE,F,FAST,FCX,FDX,FE,FFIV,FIS,FISV,FITB,GD,GE,GEN,GILD,GIS,GL,GLW,GM,GOOG,GOOGL,GPC,GRMN,GS,GWW,HAL,HAS,HBAN,HD,HIG,HON,HPQ,HRL,HST,HSY,HUM,IBM,ICE,IFF,INTC,INTU,IP,IQV,IRM,ISRG,ITW,IVZ,J,JCI,JNJ,JPM,KEY,KIM,KKR,KLAC,KMB,KMI,KO,KR,L,LEN,LH,LHX,LIN,LLY,LMT,LOW,LRCX,LUV,LYB,MA,MAR,MAS,MCD,MCHP,MCK,MCO,MDLZ,MDT,MET,META,MKC,MMM,MNST,MO,MOS,MPC,MRK,MRSH,MS,MSCI,MSFT,MSI,MTB,MU,NDAQ,NEE,NEM,NFLX,NI,NKE,NOC,NRG,NSC,NTAP,NTRS,NUE,NVDA,NVR,NWSA,NXP,OKE,OMC,ORCL,ORLY,OXY,PAYX,PCAR,PEG,PEP,PFE,PFG,PG,PGR,PH,PHM,PLD,PM,PNC,PNR,PNW,PPG,PPL,PRU,PSA,PSKY,PSX,PTC,PWR,QCOM,REGN,RF,RL,ROK,ROP,ROST,RSG,RTX,RVTY,SBUX,SCHW,SHW,SJM,SLB,SNA,SO,SPG,SPGI,SRE,STT,STX,STZ,SW,SWK,SYK,SYY,T,TAP,TEL,TFC,TGT,TJX,TMO,TPR,TROW,TRV,TSCO,TSN,TT,TXN,TXT,UDR,UNH,UNP,UPS,USB,V,VLO,VMC,VRSN,VRTX,VTR,VTRS,VZ,WAT,WDC,WEC,WELL,WFC,WM,WMB,WMT,WTW,WY,WYNN,XEL,XOM,XYL,YUM,ZBH,ZTS"
2014-05-31,"A,AAPL,ABBV,ABT,ACN,ADBE,ADI,ADM,ADP,ADSK,AEE,AEP,AES,AFL,AIG,AIZ,AKAM,ALL,ALLE,AMAT,AME,AMGN,AMP,AMT,AMZN,AON,APA,APD,APH,APTV,AVB,AVGO,AVY,AXP,AZO,BA,BAC,BALL,BAX,BBY,BDX,BEN,BF-B,BIIB,BK,BKNG,BLK,BMY,BRK-B,BSX,BXP,C,CAG,CAH,CAT,CB,CBRE,CCI,CCL,CF,CHRW,CI,CINF,CL,CLX,CMCSA,CME,CMG,CMI,CMS,CNP,COF,COP,COR,COST,CPAY,CPB,CRH,CRM,CSCO,CSRA,CSX,CTAS,CTRA,CTSH,CVS,CVX,D,DAL,DE,DG,DGX,DHI,DHR,DIS,DLTR,DOC,DOV,DRI,DTE,DUK,DVA,DVN,EA,EBAY,ECL,ED,EFX,EG,EIX,EL,ELV,EMR,EOG,EQR,ES,ESS,ETN,ETR,EW,EXC,EXPD,EXPE,F,FAST,FCX,FDX,FE,FFIV,FIS,FISV,FITB,GD,GE,GEN,GILD,GIS,GL,GLW,GM,GOOG,GOOGL,GPC,GRMN,GS,GWW,HAL,HAS,HBAN,HD,HIG,HON,HPQ,HRL,HST,HSY,HUM,IBM,ICE,IFF,INTC,INTU,IP,IQV,IRM,ISRG,ITW,IVZ,J,JCI,JNJ,JPM,KEY,KIM,KKR,KLAC,KMB,KMI,KO,KR,L,LEN,LH,LHX,LIN,LLY,LMT,LOW,LRCX,LUV,LYB,MA,MAR,MAS,MCD,MCHP,MCK,MCO,MDLZ,MDT,MET,META,MKC,MMM,MNST,MO,MOS,MPC,MRK,MRSH,MS,MSCI,MSFT,MSI,MTB,MU,NDAQ,NEE,NEM,NFLX,NI,NKE,NOC,NRG,NSC,NTAP,NTRS,NUE,NVDA,NVR,NWSA,NXP,OKE,OMC,ORCL,ORLY,OXY,PAYX,PCAR,PEG,PEP,PFE,PFG,PG,PGR,PH,PHM,PLD,PM,PNC,PNR,PNW,PPG,PPL,PRU,PSA,PSKY,PSX,PTC,PWR,QCOM,REGN,RF,RL,ROK,ROP,ROST,RSG,RTX,RVTY,SBUX,SCHW,SHW,SJM,SLB,SNA,SO,SPG,SPGI,SRE,STT,STX,STZ,SW,SWK,SYK,SYY,T,TAP,TEL,TFC,TGT,TJX,TMO,TPR,TROW,TRV,TSCO,TSN,TT,TXN,TXT,UDR,UNH,UNP,UPS,USB,V,VLO,VMC,VRSN,VRTX,VTR,VTRS,VZ,WAT,WDC,WEC,WELL,WFC,WM,WMB,WMT,WTW,WY,WYNN,XEL,XOM,XYL,YUM,ZBH,ZTS"
2014-06-30,"A,AAPL,ABBV,ABT,ACN,ADBE,ADI,ADM,ADP,ADSK,AEE,AEP,AES,AFL,AIG,AIZ,AKAM,ALL,ALLE,AMAT,AME,AMGN,AMP,AMT,AMZN,AON,APA,APD,APH,APTV,AVB,AVGO,AVY,AXP,AZO,BA,BAC,BALL,BAX,BBY,BDX,BEN,BF-B,BIIB,BK,BKNG,BLK,BMY,BRK-B,BSX,BXP,C,CAG,CAH,CAT,CB,CBRE,CCI,CCL,CF,CHRW,CI,CINF,CL,CLX,CMCSA,CME,CMG,CMI,CMS,CNP,COF,COP,COR,COST,CPAY,CPB,CRH,CRM,CSCO,CSRA,CSX,CTAS,CTRA,CTSH,CVS,CVX,D,DAL,DE,DG,DGX,DHI,DHR,DIS,DLTR,DOC,DOV,DRI,DTE,DUK,DVA,DVN,EA,EBAY,ECL,ED,EFX,EG,EIX,EL,ELV,EMR,EOG,EQR,ES,ESS,ETN,ETR,EW,EXC,EXPD,EXPE,F,FAST,FCX,FDX,FE,FFIV,FIS,FISV,FITB,GD,GE,GEN,GILD,GIS,GL,GLW,GM,GOOG,GOOGL,GPC,GRMN,GS,GWW,HAL,HAS,HBAN,HD,HIG,HON,HPQ,HRL,HST,HSY,HUM,IBM,ICE,IFF,INTC,INTU,IP,IQV,IRM,ISRG,ITW,IVZ,J,JCI,JNJ,JPM,KEY,KIM,KKR,KLAC,KMB,KMI,KO,KR,L,LEN,LH,LHX,LIN,LLY,LMT,LOW,LRCX,LUV,LYB,MA,MAR,MAS,MCD,MCHP,MCK,MCO,MDLZ,MDT,MET,META,MKC,MLM,MMM,MNST,MO,MOS,MPC,MRK,MRSH,MS,MSCI,MSFT,MSI,MTB,MU,NDAQ,NEE,NEM,NFLX,NI,NKE,NOC,NRG,NSC,NTAP,NTRS,NUE,NVDA,NVR,NWSA,NXP,OKE,OMC,ORCL,ORLY,OXY,PAYX,PCAR,PEG,PEP,PFE,PFG,PG,PGR,PH,PHM,PLD,PM,PNC,PNR,PNW,PPG,PPL,PRU,PSA,PSKY,PSX,PTC,PWR,QCOM,REGN,RF,RL,ROK,ROP,ROST,RSG,RTX,RVTY,SBUX,SCHW,SHW,SJM,SLB,SNA,SO,SPG,SPGI,SRE,STT,STX,STZ,SW,SWK,SYK,SYY,T,TAP,TEL,TFC,TGT,TJX,TMO,TPR,TROW,TRV,TSCO,TSN,TT,TXN,TXT,UDR,UNH,UNP,UPS,USB,V,VLO,VMC,VRSN,VRTX,VTR,VTRS,VZ,WAT,WDC,WEC,WELL,WFC,WM,WMB,WMT,WTW,WY,WYNN,XEL,XOM,XYL,YUM,ZBH,ZTS"
2014-07-31,"A,AAPL,ABBV,ABT,ACN,ADBE,ADI,ADM,ADP,ADSK,AEE,AEP,AES,AFL,AIG,AIZ,AKAM,ALL,ALLE,AMAT,AME,AMGN,AMP,AMT,AMZN,AON,APA,APD,APH,APTV,AVB,AVGO,AVY,AXP,AZO,BA,BAC,BALL,BAX,BBY,BDX,BEN,BF-B,BIIB,BK,BKNG,BLK,BMY,BRK-B,BSX,BXP,C,CAG,CAH,CAT,CB,CBRE,CCI,CCL,CF,CHRW,CI,CINF,CL,CLX,CMCSA,CME,CMG,CMI,CMS,CNP,COF,COP,COR,COST,CPAY,CPB,CRH,CRM,CSCO,CSRA,CSX,CTAS,CTRA,CTSH,CVS,CVX,D,DAL,DE,DG,DGX,DHI,DHR,DIS,DLTR,DOC,DOV,DRI,DTE,DUK,DVA,DVN,EA,EBAY,ECL,ED,EFX,EG,EIX,EL,ELV,EMR,EOG,EQR,ES,ESS,ETN,ETR,EW,EXC,EXPD,EXPE,F,FAST,FCX,FDX,FE,FFIV,FIS,FISV,FITB,GD,GE,GEN,GILD,GIS,GL,GLW,GM,GOOG,GOOGL,GPC,GRMN,GS,GWW,HAL,HAS,HBAN,HD,HIG,HON,HPQ,HRL,HST,HSY,HUM,IBM,ICE,IFF,INTC,INTU,IP,IQV,IRM,ISRG,ITW,IVZ,J,JCI,JNJ,JPM,KEY,KIM,KKR,KLAC,KMB,KMI,KO,KR,L,LEN,LH,LHX,LIN,LLY,LMT,LOW,LRCX,LUV,LYB,MA,MAR,MAS,MCD,MCHP,MCK,MCO,MDLZ,MDT,MET,META,MKC,MLM,MMM,MNST,MO,MOS,MPC,MRK,MRSH,MS,MSCI,MSFT,MSI,MTB,MU,NDAQ,NEE,NEM,NFLX,NI,NKE,NOC,NRG,NSC,NTAP,NTRS,NUE,NVDA,NVR,NWSA,NXP,OKE,OMC,ORCL,ORLY,OXY,PAYX,PCAR,PEG,PEP,PFE,PFG,PG,PGR,PH,PHM,PLD,PM,PNC,PNR,PNW,PPG,PPL,PRU,PSA,PSKY,PSX,PTC,PWR,QCOM,REGN,RF,RL,ROK,ROP,ROST,RSG,RTX,RVTY,SBUX,SCHW,SHW,SJM,SLB,SNA,SO,SPG,SPGI,SRE,STT,STX,STZ,SW,SWK,SYK,SYY,T,TAP,TEL,TFC,TGT,TJX,TMO,TPR,TROW,TRV,TSCO,TSN,TT,TXN,TXT,UDR,UNH,UNP,UPS,USB,V,VLO,VMC,VRSN,VRTX,VTR,VTRS,VZ,WAT,WDC,WEC,WELL,WFC,WM,WMB,WMT,WTW,WY,WYNN,XEL,XOM,XYL,YUM,ZBH,ZTS"
2014-08-31,"A,AAPL,ABBV,ABT,ACN,ADBE,ADI,ADM,ADP,ADSK,AEE,AEP,AES,AFL,AIG,AIZ,AKAM,ALL,ALLE,AMAT,AME,AMGN,AMP,AMT,AMZN,AON,APA,APD,APH,APTV,AVB,AVGO,AVY,AXP,AZO,BA,BAC,BALL,BAX,BBY,BDX,BEN,BF-B,BIIB,BK,BKNG,BLK,BMY,BRK-B,BSX,BXP,C,CAG,CAH,CAT,CB,CBRE,CCI,CCL,CF,CHRW,CI,CINF,CL,CLX,CMCSA,CME,CMG,CMI,CMS,CNP,COF,COP,COR,COST,CPAY,CPB,CRH,CRM,CSCO,CSRA,CSX,CTAS,CTRA,CTSH,CVS,CVX,D,DAL,DE,DG,DGX,DHI,DHR,DIS,DLTR,DOC,DOV,DRI,DTE,DUK,DVA,DVN,EA,EBAY,ECL,ED,EFX,EG,EIX,EL,ELV,EMR,EOG,EQR,ES,ESS,ETN,ETR,EW,EXC,EXPD,EXPE,F,FAST,FCX,FDX,FE,FFIV,FIS,FISV,FITB,GD,GE,GEN,GILD,GIS,GL,GLW,GM,GOOG,GOOGL,GPC,GRMN,GS,GWW,HAL,HAS,HBAN,HD,HIG,HON,HPQ,HRL,HST,HSY,HUM,IBM,ICE,IFF,INTC,INTU,IP,IQV,IRM,ISRG,ITW,IVZ,J,JCI,JNJ,JPM,KEY,KIM,KKR,KLAC,KMB,KMI,KO,KR,L,LEN,LH,LHX,LIN,LLY,LMT,LOW,LRCX,LUV,LYB,MA,MAR,MAS,MCD,MCHP,MCK,MCO,MDLZ,MDT,MET,META,MKC,MLM,MMM,MNST,MO,MOS,MPC,MRK,MRSH,MS,MSCI,MSFT,MSI,MTB,MU,NDAQ,NEE,NEM,NFLX,NI,NKE,NOC,NRG,NSC,NTAP,NTRS,NUE,NVDA,NVR,NWSA,NXP,OKE,OMC,ORCL,ORLY,OXY,PAYX,PCAR,PEG,PEP,PFE,PFG,PG,PGR,PH,PHM,PLD,PM,PNC,PNR,PNW,PPG,PPL,PRU,PSA,PSKY,PSX,PTC,PWR,QCOM,REGN,RF,RL,ROK,ROP,ROST,RSG,RTX,RVTY,SBUX,SCHW,SHW,SJM,SLB,SNA,SO,SPG,SPGI,SRE,STT,STX,STZ,SW,SWK,SYK,SYY,T,TAP,TEL,TFC,TGT,TJX,TMO,TPR,TROW,TRV,TSCO,TSN,TT,TXN,TXT,UDR,UHS,UNH,UNP,UPS,URI,USB,V,VLO,VMC,VRSN,VRTX,VTR,VTRS,VZ,WAT,WDC,WEC,WELL,WFC,WM,WMB,WMT,WTW,WY,WYNN,XEL,XOM,XYL,YUM,ZBH,ZTS"
2014-09-30,"A,AAPL,ABBV,ABT,ACN,ADBE,ADI,ADM,ADP,ADSK,AEE,AEP,AES,AFL,AIG,AIZ,AKAM,ALL,ALLE,AMAT,AME,AMGN,AMP,AMT,AMZN,AON,APA,APD,APH,APTV,AVB,AVGO,AVY,AXP,AZO,BA,BAC,BALL,BAX,BBY,BDX,BEN,BF-B,BIIB,BK,BKNG,BLK,BMY,BRK-B,BSX,BXP,C,CAG,CAH,CAT,CB,CBRE,CCI,CCL,CF,CHRW,CI,CINF,CL,CLX,CMCSA,CME,CMG,CMI,CMS,CNP,COF,COP,COR,COST,CPAY,CPB,CRH,CRM,CSCO,CSRA,CSX,CTAS,CTRA,CTSH,CVS,CVX,D,DAL,DE,DG,DGX,DHI,DHR,DIS,DLTR,DOC,DOV,DRI,DTE,DUK,DVA,DVN,EA,EBAY,ECL,ED,EFX,EG,EIX,EL,ELV,EMR,EOG,EQR,ES,ESS,ETN,ETR,EW,EXC,EXPD,EXPE,F,FAST,FCX,FDX,FE,FFIV,FIS,FISV,FITB,GD,GE,GEN,GILD,GIS,GL,GLW,GM,GOOG,GOOGL,GPC,GRMN,GS,GWW,HAL,HAS,HBAN,HD,HIG,HON,HPQ,HRL,HST,HSY,HUM,IBM,ICE,IFF,INTC,INTU,IP,IQV,IRM,ISRG,ITW,IVZ,J,JCI,JNJ,JPM,KEY,KIM,KKR,KLAC,KMB,KMI,KO,KR,L,LEN,LH,LHX,LIN,LLY,LMT,LOW,LRCX,LUV,LYB,MA,MAR,MAS,MCD,MCHP,MCK,MCO,MDLZ,MDT,MET,META,MKC,MLM,MMM,MNST,MO,MOS,MPC,MRK,MRSH,MS,MSCI,MSFT,MSI,MTB,MU,NDAQ,NEE,NEM,NFLX,NI,NKE,NOC,NRG,NSC,NTAP,NTRS,NUE,NVDA,NVR,NWSA,NXP,OKE,OMC,ORCL,ORLY,OXY,PAYX,PCAR,PEG,PEP,PFE,PFG,PG,PGR,PH,PHM,PLD,PM,PNC,PNR,PNW,PPG,PPL,PRU,PSA,PSKY,PSX,PTC,PWR,QCOM,REGN,RF,RL,ROK,ROP,ROST,RSG,RTX,RVTY,SBUX,SCHW,SHW,SJM,SLB,SNA,SO,SPG,SPGI,SRE,STT,STX,STZ,SW,SWK,SYK,SYY,T,TAP,TEL,TFC,TGT,TJX,TMO,TPR,TROW,TRV,TSCO,TSN,TT,TXN,TXT,UDR,UHS,UNH,UNP,UPS,URI,USB,V,VLO,VMC,VRSN,VRTX,VTR,VTRS,VZ,WAT,WDC,WEC,WELL,WFC,WM,WMB,WMT,WTW,WY,WYNN,XEL,XOM,XYL,YUM,ZBH,ZTS"
2014-10-31,"A,AAPL,ABBV,ABT,ACN,ADBE,ADI,ADM,ADP,ADSK,AEE,AEP,AES,AFL,AIG,AIZ,AKAM,ALL,ALLE,AMAT,AME,AMGN,AMP,AMT,AMZN,AON,APA,APD,APH,APTV,AVB,AVGO,AVY,AXP,AZO,BA,BAC,BALL,BAX,BBY,BDX,BEN,BF-B,BIIB,BK,BKNG,BLK,BMY,BRK-B,BSX,BXP,C,CAG,CAH,CAT,CB,CBRE,CCI,CCL,CF,CHRW,CI,CINF,CL,CLX,CMCSA,CME,CMG,CMI,CMS,CNP,COF,COP,COR,COST,CPAY,CPB,CRH,CRM,CSCO,CSRA,CSX,CTAS,CTRA,CTSH,CVS,CVX,D,DAL,DE,DG,DGX,DHI,DHR,DIS,DLTR,DOC,DOV,DRI,DTE,DUK,DVA,DVN,EA,EBAY,ECL,ED,EFX,EG,EIX,EL,ELV,EMR,EOG,EQR,ES,ESS,ETN,ETR,EW,EXC,EXPD,EXPE,F,FAST,FCX,FDX,FE,FFIV,FIS,FISV,FITB,GD,GE,GEN,GILD,GIS,GL,GLW,GM,GOOG,GOOGL,GPC,GRMN,GS,GWW,HAL,HAS,HBAN,HD,HIG,HON,HPQ,HRL,HST,HSY,HUM,IBM,ICE,IFF,INTC,INTU,IP,IQV,IRM,ISRG,ITW,IVZ,J,JCI,JNJ,JPM,KEY,KIM,KKR,KLAC,KMB,KMI,KO,KR,L,LEN,LH,LHX,LIN,LLY,LMT,LOW,LRCX,LUV,LYB,MA,MAR,MAS,MCD,MCHP,MCK,MCO,MDLZ,MDT,MET,META,MKC,MLM,MMM,MNST,MO,MOS,MPC,MRK,MRSH,MS,MSCI,MSFT,MSI,MTB,MU,NDAQ,NEE,NEM,NFLX,NI,NKE,NOC,NRG,NSC,NTAP,NTRS,NUE,NVDA,NVR,NWSA,NXP,OKE,OMC,ORCL,ORLY,OXY,PAYX,PCAR,PEG,PEP,PFE,PFG,PG,PGR,PH,PHM,PLD,PM,PNC,PNR,PNW,PPG,PPL,PRU,PSA,PSKY,PSX,PTC,PWR,QCOM,REGN,RF,RL,ROK,ROP,ROST,RSG,RTX,RVTY,SBUX,SCHW,SHW,SJM,SLB,SNA,SO,SPG,SPGI,SRE,STT,STX,STZ,SW,SWK,SYK,SYY,T,TAP,TEL,TFC,TGT,TJX,TMO,TPR,TROW,TRV,TSCO,TSN,TT,TXN,TXT,UDR,UHS,UNH,UNP,UPS,URI,USB,V,VLO,VMC,VRSN,VRTX,VTR,VTRS,VZ,WAT,WDC,WEC,WELL,WFC,WM,WMB,WMT,WTW,WY,WYNN,XEL,XOM,XYL,YUM,ZBH,ZTS"
2014-11-30,"A,AAPL,ABBV,ABT,ACN,ADBE,ADI,ADM,ADP,ADSK,AEE,AEP,AES,AFL,AIG,AIZ,AKAM,ALL,ALLE,AMAT,AME,AMGN,AMP,AMT,AMZN,AON,APA,APD,APH,APTV,AVB,AVGO,AVY,AXP,AZO,BA,BAC,BALL,BAX,BBY,BDX,BEN,BF-B,BIIB,BK,BKNG,BLK,BMY,BRK-B,BSX,BXP,C,CAG,CAH,CAT,CB,CBRE,CCI,CCL,CF,CHRW,CI,CINF,CL,CLX,CMCSA,CME,CMG,CMI,CMS,CNP,COF,COP,COR,COST,CPAY,CPB,CRH,CRM,CSCO,CSRA,CSX,CTAS,CTRA,CTSH,CVS,CVX,D,DAL,DE,DG,DGX,DHI,DHR,DIS,DLTR,DOC,DOV,DRI,DTE,DUK,DVA,DVN,EA,EBAY,ECL,ED,EFX,EG,EIX,EL,ELV,EMR,EOG,EQR,ES,ESS,ETN,ETR,EW,EXC,EXPD,EXPE,F,FAST,FCX,FDX,FE,FFIV,FIS,FISV,FITB,GD,GE,GEN,GILD,GIS,GL,GLW,GM,GOOG,GOOGL,GPC,GRMN,GS,GWW,HAL,HAS,HBAN,HD,HIG,HON,HPQ,HRL,HST,HSY,HUM,IBM,ICE,IFF,INTC,INTU,IP,IQV,IRM,ISRG,ITW,IVZ,J,JCI,JNJ,JPM,KEY,KIM,KKR,KLAC,KMB,KMI,KO,KR,L,LEN,LH,LHX,LIN,LLY,LMT,LOW,LRCX,LUV,LYB,MA,MAR,MAS,MCD,MCHP,MCK,MCO,MDLZ,MDT,MET,META,MKC,MLM,MMM,MNST,MO,MOS,MPC,MRK,MRSH,MS,MSCI,MSFT,MSI,MTB,MU,NDAQ,NEE,NEM,NFLX,NI,NKE,NOC,NRG,NSC,NTAP,NTRS,NUE,NVDA,NVR,NWSA,NXP,OKE,OMC,ORCL,ORLY,OXY,PAYX,PCAR,PEG,PEP,PFE,PFG,PG,PGR,PH,PHM,PLD,PM,PNC,PNR,PNW,PPG,PPL,PRU,PSA,PSKY,PSX,PTC,PWR,QCOM,RCL,REGN,RF,RL,ROK,ROP,ROST,RSG,RTX,RVTY,SBUX,SCHW,SHW,SJM,SLB,SNA,SO,SPG,SPGI,SRE,STT,STX,STZ,SW,SWK,SYK,SYY,T,TAP,TEL,TFC,TGT,TJX,TMO,TPR,TROW,TRV,TSCO,TSN,TT,TXN,TXT,UDR,UHS,UNH,UNP,UPS,URI,USB,V,VLO,VMC,VRSN,VRTX,VTR,VTRS,VZ,WAT,WDC,WEC,WELL,WFC,WM,WMB,WMT,WTW,WY,WYNN,XEL,XOM,XYL,YUM,ZBH,ZTS"
2014-12-31,"A,AAPL,ABBV,ABT,ACN,ADBE,ADI,ADM,ADP,ADSK,AEE,AEP,AES,AFL,AIG,AIZ,AKAM,ALL,ALLE,AMAT,AME,AMGN,AMP,AMT,AMZN,AON,APA,APD,APH,APTV,AVB,AVGO,AVY,AXP,AZO,BA,BAC,BALL,BAX,BBY,BDX,BEN,BF-B,BIIB,BK,BKNG,BLK,BMY,BRK-B,BSX,BXP,C,CAG,CAH,CAT,CB,CBRE,CCI,CCL,CF,CHRW,CI,CINF,CL,CLX,CMCSA,CME,CMG,CMI,CMS,CNP,COF,COP,COR,COST,CPAY,CPB,CRH,CRM,CSCO,CSRA,CSX,CTAS,CTRA,CTSH,CVS,CVX,D,DAL,DE,DG,DGX,DHI,DHR,DIS,DLTR,DOC,DOV,DRI,DTE,DUK,DVA,DVN,EA,EBAY,ECL,ED,EFX,EG,EIX,EL,ELV,EMR,EOG,EQR,ES,ESS,ETN,ETR,EW,EXC,EXPD,EXPE,F,FAST,FCX,FDX,FE,FFIV,FIS,FISV,FITB,GD,GE,GEN,GILD,GIS,GL,GLW,GM,GOOG,GOOGL,GPC,GRMN,GS,GWW,HAL,HAS,HBAN,HCA,HD,HIG,HON,HPQ,HRL,HST,HSY,HUM,IBM,ICE,IFF,INTC,INTU,IP,IQV,IRM,ISRG,ITW,IVZ,J,JCI,JNJ,JPM,KEY,KIM,KKR,KLAC,KMB,KMI,KO,KR,L,LEN,LH,LHX,LIN,LLY,LMT,LOW,LRCX,LUV,LYB,MA,MAR,MAS,MCD,MCHP,MCK,MCO,MDLZ,MDT,MET,META,MKC,MLM,MMM,MNST,MO,MOS,MPC,MRK,MRSH,MS,MSCI,MSFT,MSI,MTB,MU,NDAQ,NEE,NEM,NFLX,NI,NKE,NOC,NRG,NSC,NTAP,NTRS,NUE,NVDA,NVR,NWSA,NXP,OKE,OMC,ORCL,ORLY,OXY,PAYX,PCAR,PEG,PEP,PFE,PFG,PG,PGR,PH,PHM,PLD,PM,PNC,PNR,PNW,PPG,PPL,PRU,PSA,PSKY,PSX,PTC,PWR,QCOM,RCL,REGN,RF,RL,ROK,ROP,ROST,RSG,RTX,RVTY,SBUX,SCHW,SHW,SJM,SLB,SNA,SO,SPG,SPGI,SRE,STT,STX,STZ,SW,SWK,SYK,SYY,T,TAP,TEL,TFC,TGT,TJX,TMO,TPR,TROW,TRV,TSCO,TSN,TT,TXN,TXT,UDR,UHS,UNH,UNP,UPS,URI,USB,V,VLO,VMC,VRSN,VRTX,VTR,VTRS,VZ,WAT,WDC,WEC,WELL,WFC,WM,WMB,WMT,WTW,WY,WYNN,XEL,XOM,XYL,YUM,ZBH,ZTS"
2015-01-31,"A,AAPL,ABBV,ABT,ACN,ADBE,ADI,ADM,ADP,ADSK,AEE,AEP,AES,AFL,AIG,AIZ,AKAM,ALL,ALLE,AMAT,AME,AMGN,AMP,AMT,AMZN,AON,APA,APD,APH,APTV,AVB,AVGO,AVY,AXP,AZO,BA,BAC,BALL,BAX,BBY,BDX,BEN,BF-B,BIIB,BK,BKNG,BLK,BMY,BRK-B,BSX,BXP,C,CAG,CAH,CAT,CB,CBRE,CCI,CCL,CF,CHRW,CI,CINF,CL,CLX,CMCSA,CME,CMG,CMI,CMS,CNP,COF,COP,COR,COST,CPAY,CPB,CRH,CRM,CSCO,CSRA,CSX,CTAS,CTRA,CTSH,CVS,CVX,D,DAL,DE,DG,DGX,DHI,DHR,DIS,DLTR,DOC,DOV,DRI,DTE,DUK,DVA,DVN,EA,EBAY,ECL,ED,EFX,EG,EIX,EL,ELV,EMR,EOG,EQR,ES,ESS,ETN,ETR,EW,EXC,EXPD,EXPE,F,FAST,FCX,FDX,FE,FFIV,FIS,FISV,FITB,GD,GE,GEN,GILD,GIS,GL,GLW,GM,GOOG,GOOGL,GPC,GRMN,GS,GWW,HAL,HAS,HBAN,HCA,HD,HIG,HON,HPQ,HRL,HST,HSY,HUM,IBM,ICE,IFF,INTC,INTU,IP,IQV,IRM,ISRG,ITW,IVZ,J,JCI,JNJ,JPM,KEY,KIM,KKR,KLAC,KMB,KMI,KO,KR,L,LEN,LH,LHX,LIN,LLY,LMT,LOW,LRCX,LUV,LYB,MA,MAR,MAS,MCD,MCHP,MCK,MCO,MDLZ,MDT,MET,META,MKC,MLM,MMM,MNST,MO,MOS,MPC,MRK,MRSH,MS,MSCI,MSFT,MSI,MTB,MU,NDAQ,NEE,NEM,NFLX,NI,NKE,NOC,NRG,NSC,NTAP,NTRS,NUE,NVDA,NVR,NWSA,NXP,OKE,OMC,ORCL,ORLY,OXY,PAYX,PCAR,PEG,PEP,PFE,PFG,PG,PGR,PH,PHM,PLD,PM,PNC,PNR,PNW,PPG,PPL,PRU,PSA,PSKY,PSX,PTC,PWR,QCOM,RCL,REGN,RF,RL,ROK,ROP,ROST,RSG,RTX,RVTY,SBUX,SCHW,SHW,SJM,SLB,SNA,SO,SPG,SPGI,SRE,STT,STX,STZ,SW,SWK,SYK,SYY,T,TAP,TEL,TFC,TGT,TJX,TMO,TPR,TROW,TRV,TSCO,TSN,TT,TXN,TXT,UDR,UHS,UNH,UNP,UPS,URI,USB,V,VLO,VMC,VRSN,VRTX,VTR,VTRS,VZ,WAT,WDC,WEC,WELL,WFC,WM,WMB,WMT,WTW,WY,WYNN,XEL,XOM,XYL,YUM,ZBH,ZTS"
2015-02-28,"A,AAPL,ABBV,ABT,ACN,ADBE,ADI,ADM,ADP,ADSK,AEE,AEP,AES,AFL,AIG,AIZ,AKAM,ALL,ALLE,AMAT,AME,AMGN,AMP,AMT,AMZN,AON,APA,APD,APH,APTV,AVB,AVGO,AVY,AXP,AZO,BA,BAC,BALL,BAX,BBY,BDX,BEN,BF-B,BIIB,BK,BKNG,BLK,BMY,BRK-B,BSX,BXP,C,CAG,CAH,CAT,CB,CBRE,CCI,CCL,CF,CHRW,CI,CINF,CL,CLX,CMCSA,CME,CMG,CMI,CMS,CNP,COF,COP,COR,COST,CPAY,CPB,CRH,CRM,CSCO,CSRA,CSX,CTAS,CTRA,CTSH,CVS,CVX,D,DAL,DE,DG,DGX,DHI,DHR,DIS,DLTR,DOC,DOV,DRI,DTE,DUK,DVA,DVN,EA,EBAY,ECL,ED,EFX,EG,EIX,EL,ELV,EMR,EOG,EQIX,EQR,ES,ESS,ETN,ETR,EW,EXC,EXPD,EXPE,F,FAST,FCX,FDX,FE,FFIV,FIS,FISV,FITB,GD,GE,GEN,GILD,GIS,GL,GLW,GM,GOOG,GOOGL,GPC,GRMN,GS,GWW,HAL,HAS,HBAN,HCA,HD,HIG,HON,HPQ,HRL,HSIC,HST,HSY,HUM,IBM,ICE,IFF,INTC,INTU,IP,IQV,IRM,ISRG,ITW,IVZ,J,JCI,JNJ,JPM,KEY,KIM,KKR,KLAC,KMB,KMI,KO,KR,L,LEN,LH,LHX,LIN,LLY,LMT,LOW,LRCX,LUV,LYB,MA,MAR,MAS,MCD,MCHP,MCK,MCO,MDLZ,MDT,MET,META,MKC,MLM,MMM,MNST,MO,MOS,MPC,MRK,MRSH,MS,MSCI,MSFT,MSI,MTB,MU,NDAQ,NEE,NEM,NFLX,NI,NKE,NOC,NRG,NSC,NTAP,NTRS,NUE,NVDA,NVR,NWSA,NXP,OKE,OMC,ORCL,ORLY,OXY,PAYX,PCAR,PEG,PEP,PFE,PFG,PG,PGR,PH,PHM,PLD,PM,PNC,PNR,PNW,PPG,PPL,PRU,PSA,PSKY,PSX,PTC,PWR,QCOM,RCL,REGN,RF,RL,ROK,ROP,ROST,RSG,RTX,RVTY,SBUX,SCHW,SHW,SJM,SLB,SNA,SO,SPG,SPGI,SRE,STT,STX,STZ,SW,SWK,SWKS,SYK,SYY,T,TAP,TEL,TFC,TGT,TJX,TMO,TPR,TROW,TRV,TSCO,TSN,TT,TXN,TXT,UDR,UHS,UNH,UNP,UPS,URI,USB,V,VLO,VMC,VRSN,VRTX,VTR,VTRS,VZ,WAT,WDC,WEC,WELL,WFC,WM,WMB,WMT,WTW,WY,WYNN,XEL,XOM,XYL,YUM,ZBH,ZTS"
2015-03-31,"A,AAPL,ABBV,ABT,ACN,ADBE,ADI,ADM,ADP,ADSK,AEE,AEP,AES,AFL,AIG,AIZ,AKAM,ALL,ALLE,AMAT,AME,AMGN,AMP,AMT,AMZN,AON,APA,APD,APH,APTV,AVB,AVGO,AVY,AXP,AZO,BA,BAC,BALL,BAX,BBY,BDX,BEN,BF-B,BIIB,BK,BKNG,BLK,BMY,BRK-B,BSX,BXP,C,CAG,CAH,CAT,CB,CBRE,CCI,CCL,CF,CHRW,CI,CINF,CL,CLX,CMCSA,CME,CMG,CMI,CMS,CNP,COF,COP,COR,COST,CPAY,CPB,CRH,CRM,CSCO,CSRA,CSX,CTAS,CTRA,CTSH,CVS,CVX,D,DAL,DE,DG,DGX,DHI,DHR,DIS,DLTR,DOC,DOV,DRI,DTE,DUK,DVA,DVN,EA,EBAY,ECL,ED,EFX,EG,EIX,EL,ELV,EMR,EOG,EQIX,EQR,ES,ESS,ETN,ETR,EW,EXC,EXPD,EXPE,F,FAST,FCX,FDX,FE,FFIV,FIS,FISV,FITB,GD,GE,GEN,GILD,GIS,GL,GLW,GM,GOOG,GOOGL,GPC,GRMN,GS,GWW,HAL,HAS,HBAN,HCA,HD,HIG,HON,HPQ,HRL,HSIC,HST,HSY,HUM,IBM,ICE,IFF,INTC,INTU,IP,IQV,IRM,ISRG,ITW,IVZ,J,JCI,JNJ,JPM,KEY,KIM,KKR,KLAC,KMB,KMI,KO,KR,L,LEN,LH,LHX,LIN,LLY,LMT,LOW,LRCX,LUV,LYB,MA,MAR,MAS,MCD,MCHP,MCK,MCO,MDLZ,MDT,MET,META,MKC,MLM,MMM,MNST,MO,MOS,MPC,MRK,MRSH,MS,MSCI,MSFT,MSI,MTB,MU,NDAQ,NEE,NEM,NFLX,NI,NKE,NOC,NRG,NSC,NTAP,NTRS,NUE,NVDA,NVR,NWSA,NXP,O,OKE,OMC,ORCL,ORLY,OXY,PAYX,PCAR,PEG,PEP,PFE,PFG,PG,PGR,PH,PHM,PLD,PM,PNC,PNR,PNW,PPG,PPL,PRU,PSA,PSKY,PSX,PTC,PWR,QCOM,RCL,REGN,RF,RL,ROK,ROP,ROST,RSG,RTX,RVTY,SBUX,SCHW,SHW,SJM,SLB,SNA,SO,SPG,SPGI,SRE,STT,STX,STZ,SW,SWK,SWKS,SYK,SYY,T,TAP,TEL,TFC,TGT,TJX,TMO,TPR,TROW,TRV,TSCO,TSN,TT,TXN,TXT,UDR,UHS,UNH,UNP,UPS,URI,USB,V,VLO,VMC,VRSN,VRTX,VTR,VTRS,VZ,WAT,WDC,WEC,WELL,WFC,WM,WMB,WMT,WTW,WY,WYNN,XEL,XOM,XYL,YUM,ZBH,ZTS"
2015-04-30,"A,AAPL,ABBV,ABT,ACN,ADBE,ADI,ADM,ADP,ADSK,AEE,AEP,AES,AFL,AIG,AIZ,AKAM,ALL,ALLE,AMAT,AME,AMGN,AMP,AMT,AMZN,AON,APA,APD,APH,APTV,AVB,AVGO,AVY,AXP,AZO,BA,BAC,BALL,BAX,BBY,BDX,BEN,BF-B,BIIB,BK,BKNG,BLK,BMY,BRK-B,BSX,BXP,C,CAG,CAH,CAT,CB,CBRE,CCI,CCL,CF,CHRW,CI,CINF,CL,CLX,CMCSA,CME,CMG,CMI,CMS,CNP,COF,COP,COR,COST,CPAY,CPB,CRH,CRM,CSCO,CSRA,CSX,CTAS,CTRA,CTSH,CVS,CVX,D,DAL,DE,DG,DGX,DHI,DHR,DIS,DLTR,DOC,DOV,DRI,DTE,DUK,DVA,DVN,EA,EBAY,ECL,ED,EFX,EG,EIX,EL,ELV,EMR,EOG,EQIX,EQR,ES,ESS,ETN,ETR,EW,EXC,EXPD,EXPE,F,FAST,FCX,FDX,FE,FFIV,FIS,FISV,FITB,GD,GE,GEN,GILD,GIS,GL,GLW,GM,GOOG,GOOGL,GPC,GRMN,GS,GWW,HAL,HAS,HBAN,HCA,HD,HIG,HON,HPQ,HRL,HSIC,HST,HSY,HUM,IBM,ICE,IFF,INTC,INTU,IP,IQV,IRM,ISRG,ITW,IVZ,J,JCI,JNJ,JPM,KEY,KIM,KKR,KLAC,KMB,KMI,KO,KR,L,LEN,LH,LHX,LIN,LLY,LMT,LOW,LRCX,LUV,LYB,MA,MAR,MAS,MCD,MCHP,MCK,MCO,MDLZ,MDT,MET,META,MKC,MLM,MMM,MNST,MO,MOS,MPC,MRK,MRSH,MS,MSCI,MSFT,MSI,MTB,MU,NDAQ,NEE,NEM,NFLX,NI,NKE,NOC,NRG,NSC,NTAP,NTRS,NUE,NVDA,NVR,NWSA,NXP,O,OKE,OMC,ORCL,ORLY,OXY,PAYX,PCAR,PEG,PEP,PFE,PFG,PG,PGR,PH,PHM,PLD,PM,PNC,PNR,PNW,PPG,PPL,PRU,PSA,PSKY,PSX,PTC,PWR,QCOM,RCL,REGN,RF,RL,ROK,ROP,ROST,RSG,RTX,RVTY,SBUX,SCHW,SHW,SJM,SLB,SNA,SO,SPG,SPGI,SRE,STT,STX,STZ,SW,SWK,SWKS,SYK,SYY,T,TAP,TEL,TFC,TGT,TJX,TMO,TPR,TROW,TRV,TSCO,TSN,TT,TXN,TXT,UDR,UHS,UNH,UNP,UPS,URI,USB,V,VLO,VMC,VRSN,VRTX,VTR,VTRS,VZ,WAT,WDC,WEC,WELL,WFC,WM,WMB,WMT,WTW,WY,WYNN,XEL,XOM,XYL,YUM,ZBH,ZTS"
2015-05-31,"A,AAPL,ABBV,ABT,ACN,ADBE,ADI,ADM,ADP,ADSK,AEE,AEP,AES,AFL,AIG,AIZ,AKAM,ALL,ALLE,AMAT,AME,AMGN,AMP,AMT,AMZN,AON,APA,APD,APH,APTV,AVB,AVGO,AVY,AXP,AZO,BA,BAC,BALL,BAX,BBY,BDX,BEN,BF-B,BIIB,BK,BKNG,BLK,BMY,BRK-B,BSX,BXP,C,CAG,CAH,CAT,CB,CBRE,CCI,CCL,CF,CHRW,CI,CINF,CL,CLX,CMCSA,CME,CMG,CMI,CMS,CNP,COF,COP,COR,COST,CPAY,CPB,CRH,CRM,CSCO,CSRA,CSX,CTAS,CTRA,CTSH,CVS,CVX,D,DAL,DE,DG,DGX,DHI,DHR,DIS,DLTR,DOC,DOV,DRI,DTE,DUK,DVA,DVN,EA,EBAY,ECL,ED,EFX,EG,EIX,EL,ELV,EMR,EOG,EQIX,EQR,ES,ESS,ETN,ETR,EW,EXC,EXPD,EXPE,F,FAST,FCX,FDX,FE,FFIV,FIS,FISV,FITB,GD,GE,GEN,GILD,GIS,GL,GLW,GM,GOOG,GOOGL,GPC,GRMN,GS,GWW,HAL,HAS,HBAN,HCA,HD,HIG,HON,HPQ,HRL,HSIC,HST,HSY,HUM,IBM,ICE,IFF,INTC,INTU,IP,IQV,IRM,ISRG,ITW,IVZ,J,JCI,JNJ,JPM,KEY,KIM,KKR,KLAC,KMB,KMI,KO,KR,L,LEN,LH,LHX,LIN,LLY,LMT,LOW,LRCX,LUV,LYB,MA,MAR,MAS,MCD,MCHP,MCK,MCO,MDLZ,MDT,MET,META,MKC,MLM,MMM,MNST,MO,MOS,MPC,MRK,MRSH,MS,MSCI,MSFT,MSI,MTB,MU,NDAQ,NEE,NEM,NFLX,NI,NKE,NOC,NRG,NSC,NTAP,NTRS,NUE,NVDA,NVR,NWSA,NXP,O,OKE,OMC,ORCL,ORLY,OXY,PAYX,PCAR,PEG,PEP,PFE,PFG,PG,PGR,PH,PHM,PLD,PM,PNC,PNR,PNW,PPG,PPL,PRU,PSA,PSKY,PSX,PTC,PWR,QCOM,RCL,REGN,RF,RL,ROK,ROP,ROST,RSG,RTX,RVTY,SBUX,SCHW,SHW,SJM,SLB,SNA,SO,SPG,SPGI,SRE,STT,STX,STZ,SW,SWK,SWKS,SYK,SYY,T,TAP,TEL,TFC,TGT,TJX,TMO,TPR,TROW,TRV,TSCO,TSN,TT,TXN,TXT,UDR,UHS,UNH,UNP,UPS,URI,USB,V,VLO,VMC,VRSN,VRTX,VTR,VTRS,VZ,WAT,WDC,WEC,WELL,WFC,WM,WMB,WMT,WTW,WY,WYNN,XEL,XOM,XYL,YUM,ZBH,ZTS"
2015-06-30,"A,AAPL,ABBV,ABT,ACN,ADBE,ADI,ADM,ADP,ADSK,AEE,AEP,AES,AFL,AIG,AIZ,AKAM,ALL,ALLE,AMAT,AME,AMGN,AMP,AMT,AMZN,AON,APA,APD,APH,APTV,AVB,AVGO,AVY,AXP,AZO,BA,BAC,BALL,BAX,BBY,BDX,BEN,BF-B,BIIB,BK,BKNG,BLK,BMY,BRK-B,BSX,BXP,C,CAG,CAH,CAT,CB,CBRE,CCI,CCL,CF,CHRW,CI,CINF,CL,CLX,CMCSA,CME,CMG,CMI,CMS,CNP,COF,COP,COR,COST,CPAY,CPB,CRH,CRM,CSCO,CSRA,CSX,CTAS,CTRA,CTSH,CVS,CVX,D,DAL,DE,DG,DGX,DHI,DHR,DIS,DLTR,DOC,DOV,DRI,DTE,DUK,DVA,DVN,EA,EBAY,ECL,ED,EFX,EG,EIX,EL,ELV,EMR,EOG,EQIX,EQR,ES,ESS,ETN,ETR,EW,EXC,EXPD,EXPE,F,FAST,FCX,FDX,FE,FFIV,FIS,FISV,FITB,GD,GE,GEN,GILD,GIS,GL,GLW,GM,GOOG,GOOGL,GPC,GRMN,GS,GWW,HAL,HAS,HBAN,HCA,HD,HIG,HON,HPQ,HRL,HSIC,HST,HSY,HUM,IBM,ICE,IFF,INTC,INTU,IP,IQV,IRM,ISRG,ITW,IVZ,J,JBHT,JCI,JNJ,JPM,KEY,KHC,KIM,KKR,KLAC,KMB,KMI,KO,KR,L,LEN,LH,LHX,LIN,LLY,LMT,LOW,LRCX,LUV,LYB,MA,MAR,MAS,MCD,MCHP,MCK,MCO,MDLZ,MDT,MET,META,MKC,MLM,MMM,MNST,MO,MOS,MPC,MRK,MRSH,MS,MSCI,MSFT,MSI,MTB,MU,NDAQ,NEE,NEM,NFLX,NI,NKE,NOC,NRG,NSC,NTAP,NTRS,NUE,NVDA,NVR,NWSA,NXP,O,OKE,OMC,ORCL,ORLY,OXY,PAYX,PCAR,PEG,PEP,PFE,PFG,PG,PGR,PH,PHM,PLD,PM,PNC,PNR,PNW,PPG,PPL,PRU,PSA,PSKY,PSX,PTC,PWR,PYPL,QCOM,RCL,REGN,RF,RL,ROK,ROP,ROST,RSG,RTX,RVTY,SBUX,SCHW,SHW,SJM,SLB,SNA,SO,SPG,SPGI,SRE,STT,STX,STZ,SW,SWK,SWKS,SYK,SYY,T,TAP,TEL,TFC,TGT,TJX,TMO,TPR,TROW,TRV,TSCO,TSN,TT,TXN,TXT,UDR,UHS,UNH,UNP,UPS,URI,USB,V,VLO,VMC,VRSN,VRTX,VTR,VTRS,VZ,WAT,WDC,WEC,WELL,WFC,WM,WMB,WMT,WTW,WY,WYNN,XEL,XOM,XYL,YUM,ZBH,ZTS"
2015-07-31,"A,AAPL,ABBV,ABT,ACN,ADBE,ADI,ADM,ADP,ADSK,AEE,AEP,AES,AFL,AIG,AIZ,AKAM,ALL,ALLE,AMAT,AME,AMGN,AMP,AMT,AMZN,AON,APA,APD,APH,APTV,AVB,AVGO,AVY,AXP,AZO,BA,BAC,BALL,BAX,BBY,BDX,BEN,BF-B,BIIB,BK,BKNG,BLK,BMY,BRK-B,BSX,BXP,C,CAG,CAH,CAT,CB,CBRE,CCI,CCL,CF,CHRW,CI,CINF,CL,CLX,CMCSA,CME,CMG,CMI,CMS,CNP,COF,COP,COR,COST,CPAY,CPB,CRH,CRM,CSCO,CSRA,CSX,CTAS,CTRA,CTSH,CVS,CVX,D,DAL,DE,DG,DGX,DHI,DHR,DIS,DLTR,DOC,DOV,DRI,DTE,DUK,DVA,DVN,EA,EBAY,ECL,ED,EFX,EG,EIX,EL,ELV,EMR,EOG,EQIX,EQR,ES,ESS,ETN,ETR,EW,EXC,EXPD,EXPE,F,FAST,FCX,FDX,FE,FFIV,FIS,FISV,FITB,GD,GE,GEN,GILD,GIS,GL,GLW,GM,GOOG,GOOGL,GPC,GRMN,GS,GWW,HAL,HAS,HBAN,HCA,HD,HIG,HON,HPQ,HRL,HSIC,HST,HSY,HUM,IBM,ICE,IFF,INTC,INTU,IP,IQV,IRM,ISRG,ITW,IVZ,J,JBHT,JCI,JNJ,JPM,KEY,KHC,KIM,KKR,KLAC,KMB,KMI,KO,KR,L,LEN,LH,LHX,LIN,LLY,LMT,LOW,LRCX,LUV,LYB,MA,MAR,MAS,MCD,MCHP,MCK,MCO,MDLZ,MDT,MET,META,MKC,MLM,MMM,MNST,MO,MOS,MPC,MRK,MRSH,MS,MSCI,MSFT,MSI,MTB,MU,NDAQ,NEE,NEM,NFLX,NI,NKE,NOC,NRG,NSC,NTAP,NTRS,NUE,NVDA,NVR,NWSA,NXP,O,OKE,OMC,ORCL,ORLY,OXY,PAYX,PCAR,PEG,PEP,PFE,PFG,PG,PGR,PH,PHM,PLD,PM,PNC,PNR,PNW,PPG,PPL,PRU,PSA,PSKY,PSX,PTC,PWR,PYPL,QCOM,RCL,REGN,RF,RL,ROK,ROP,ROST,RSG,RTX,RVTY,SBUX,SCHW,SHW,SJM,SLB,SNA,SO,SPG,SPGI,SRE,STT,STX,STZ,SW,SWK,SWKS,SYK,SYY,T,TAP,TEL,TFC,TGT,TJX,TMO,TPR,TROW,TRV,TSCO,TSN,TT,TXN,TXT,UDR,UHS,UNH,UNP,UPS,URI,USB,V,VLO,VMC,VRSN,VRTX,VTR,VTRS,VZ,WAT,WDC,WEC,WELL,WFC,WM,WMB,WMT,WTW,WY,WYNN,XEL,XOM,XYL,YUM,ZBH,ZTS"
2015-08-31,"A,AAPL,ABBV,ABT,ACN,ADBE,ADI,ADM,ADP,ADSK,AEE,AEP,AES,AFL,AIG,AIZ,AKAM,ALL,ALLE,AMAT,AME,AMGN,AMP,AMT,AMZN,AON,APA,APD,APH,APTV,AVB,AVGO,AVY,AXP,AZO,BA,BAC,BALL,BAX,BBY,BDX,BEN,BF-B,BIIB,BK,BKNG,BLK,BMY,BRK-B,BSX,BXP,C,CAG,CAH,CAT,CB,CBRE,CCI,CCL,CF,CHRW,CI,CINF,CL,CLX,CMCSA,CME,CMG,CMI,CMS,CNP,COF,COP,COR,COST,CPAY,CPB,CRH,CRM,CSCO,CSRA,CSX,CTAS,CTRA,CTSH,CVS,CVX,D,DAL,DE,DG,DGX,DHI,DHR,DIS,DLTR,DOC,DOV,DRI,DTE,DUK,DVA,DVN,EA,EBAY,ECL,ED,EFX,EG,EIX,EL,ELV,EMR,EOG,EQIX,EQR,ES,ESS,ETN,ETR,EW,EXC,EXPD,EXPE,F,FAST,FCX,FDX,FE,FFIV,FIS,FISV,FITB,GD,GE,GEN,GILD,GIS,GL,GLW,GM,GOOG,GOOGL,GPC,GRMN,GS,GWW,HAL,HAS,HBAN,HCA,HD,HIG,HON,HPQ,HRL,HSIC,HST,HSY,HUM,IBM,ICE,IFF,INTC,INTU,IP,IQV,IRM,ISRG,ITW,IVZ,J,JBHT,JCI,JNJ,JPM,KEY,KHC,KIM,KKR,KLAC,KMB,KMI,KO,KR,L,LEN,LH,LHX,LIN,LLY,LMT,LOW,LRCX,LUV,LYB,MA,MAR,MAS,MCD,MCHP,MCK,MCO,MDLZ,MDT,MET,META,MKC,MLM,MMM,MNST,MO,MOS,MPC,MRK,MRSH,MS,MSCI,MSFT,MSI,MTB,MU,NDAQ,NEE,NEM,NFLX,NI,NKE,NOC,NRG,NSC,NTAP,NTRS,NUE,NVDA,NVR,NWS,NWSA,NXP,O,OKE,OMC,ORCL,ORLY,OXY,PAYX,PCAR,PEG,PEP,PFE,PFG,PG,PGR,PH,PHM,PLD,PM,PNC,PNR,PNW,PPG,PPL,PRU,PSA,PSKY,PSX,PTC,PWR,PYPL,QCOM,RCL,REGN,RF,RL,ROK,ROP,ROST,RSG,RTX,RVTY,SBUX,SCHW,SHW,SJM,SLB,SNA,SO,SPG,SPGI,SRE,STT,STX,STZ,SW,SWK,SWKS,SYK,SYY,T,TAP,TEL,TFC,TGT,TJX,TMO,TPR,TROW,TRV,TSCO,TSN,TT,TXN,TXT,UAL,UDR,UHS,UNH,UNP,UPS,URI,USB,V,VLO,VMC,VRSN,VRTX,VTR,VTRS,VZ,WAT,WDC,WEC,WELL,WFC,WM,WMB,WMT,WTW,WY,WYNN,XEL,XOM,XYL,YUM,ZBH,ZTS"
2015-09-30,"A,AAPL,ABBV,ABT,ACN,ADBE,ADI,ADM,ADP,ADSK,AEE,AEP,AES,AFL,AIG,AIZ,AKAM,ALL,ALLE,AMAT,AME,AMGN,AMP,AMT,AMZN,AON,APA,APD,APH,APTV,AVB,AVGO,AVY,AXP,AZO,BA,BAC,BALL,BAX,BBY,BDX,BEN,BF-B,BIIB,BK,BKNG,BLK,BMY,BRK-B,BSX,BXP,C,CAG,CAH,CAT,CB,CBRE,CCI,CCL,CF,CHRW,CI,CINF,CL,CLX,CMCSA,CME,CMG,CMI,CMS,CNP,COF,COP,COR,COST,CPAY,CPB,CRH,CRM,CSCO,CSRA,CSX,CTAS,CTRA,CTSH,CVS,CVX,D,DAL,DE,DG,DGX,DHI,DHR,DIS,DLTR,DOC,DOV,DRI,DTE,DUK,DVA,DVN,EA,EBAY,ECL,ED,EFX,EG,EIX,EL,ELV,EMR,EOG,EQIX,EQR,ES,ESS,ETN,ETR,EW,EXC,EXPD,EXPE,F,FAST,FCX,FDX,FE,FFIV,FIS,FISV,FITB,GD,GE,GEN,GILD,GIS,GL,GLW,GM,GOOG,GOOGL,GPC,GRMN,GS,GWW,HAL,HAS,HBAN,HCA,HD,HIG,HON,HPQ,HRL,HSIC,HST,HSY,HUM,IBM,ICE,IFF,INTC,INTU,IP,IQV,IRM,ISRG,ITW,IVZ,J,JBHT,JCI,JNJ,JPM,KEY,KHC,KIM,KKR,KLAC,KMB,KMI,KO,KR,L,LEN,LH,LHX,LIN,LLY,LMT,LOW,LRCX,LUV,LYB,MA,MAR,MAS,MCD,MCHP,MCK,MCO,MDLZ,MDT,MET,META,MKC,MLM,MMM,MNST,MO,MOS,MPC,MRK,MRSH,MS,MSCI,MSFT,MSI,MTB,MU,NDAQ,NEE,NEM,NFLX,NI,NKE,NOC,NRG,NSC,NTAP,NTRS,NUE,NVDA,NVR,NWS,NWSA,NXP,O,OKE,OMC,ORCL,ORLY,OXY,PAYX,PCAR,PEG,PEP,PFE,PFG,PG,PGR,PH,PHM,PLD,PM,PNC,PNR,PNW,PPG,PPL,PRU,PSA,PSKY,PSX,PTC,PWR,PYPL,QCOM,RCL,REGN,RF,RL,ROK,ROP,ROST,RSG,RTX,RVTY,SBUX,SCHW,SHW,SJM,SLB,SNA,SO,SPG,SPGI,SRE,STT,STX,STZ,SW,SWK,SWKS,SYK,SYY,T,TAP,TEL,TFC,TGT,TJX,TMO,TPR,TROW,TRV,TSCO,TSN,TT,TXN,TXT,UAL,UDR,UHS,UNH,UNP,UPS,URI,USB,V,VLO,VMC,VRSK,VRSN,VRTX,VTR,VTRS,VZ,WAT,WDC,WEC,WELL,WFC,WM,WMB,WMT,WTW,WY,WYNN,XEL,XOM,XYL,YUM,ZBH,ZTS"
2015-10-31,"A,AAPL,ABBV,ABT,ACN,ADBE,ADI,ADM,ADP,ADSK,AEE,AEP,AES,AFL,AIG,AIZ,AKAM,ALL,ALLE,AMAT,AME,AMGN,AMP,AMT,AMZN,AON,APA,APD,APH,APTV,AVB,AVGO,AVY,AXP,AZO,BA,BAC,BALL,BAX,BBY,BDX,BEN,BF-B,BIIB,BK,BKNG,BLK,BMY,BRK-B,BSX,BXP,C,CAG,CAH,CAT,CB,CBRE,CCI,CCL,CF,CHRW,CI,CINF,CL,CLX,CMCSA,CME,CMG,CMI,CMS,CNP,COF,COP,COR,COST,CPAY,CPB,CRH,CRM,CSCO,CSRA,CSX,CTAS,CTRA,CTSH,CVS,CVX,D,DAL,DE,DG,DGX,DHI,DHR,DIS,DLTR,DOC,DOV,DRI,DTE,DUK,DVA,DVN,EA,EBAY,ECL,ED,EFX,EG,EIX,EL,ELV,EMR,EOG,EQIX,EQR,ES,ESS,ETN,ETR,EW,EXC,EXPD,EXPE,F,FAST,FCX,FDX,FE,FFIV,FIS,FISV,FITB,GD,GE,GEN,GILD,GIS,GL,GLW,GM,GOOG,GOOGL,GPC,GRMN,GS,GWW,HAL,HAS,HBAN,HCA,HD,HIG,HON,HPE,HPQ,HRL,HSIC,HST,HSY,HUM,IBM,ICE,IFF,INTC,INTU,IP,IQV,IRM,ISRG,ITW,IVZ,J,JBHT,JCI,JNJ,JPM,KEY,KHC,KIM,KKR,KLAC,KMB,KMI,KO,KR,L,LEN,LH,LHX,LIN,LLY,LMT,LOW,LRCX,LUV,LYB,MA,MAR,MAS,MCD,MCHP,MCK,MCO,MDLZ,MDT,MET,META,MKC,MLM,MMM,MNST,MO,MOS,MPC,MRK,MRSH,MS,MSCI,MSFT,MSI,MTB,MU,NDAQ,NEE,NEM,NFLX,NI,NKE,NOC,NRG,NSC,NTAP,NTRS,NUE,NVDA,NVR,NWS,NWSA,NXP,O,OKE,OMC,ORCL,ORLY,OXY,PAYX,PCAR,PEG,PEP,PFE,PFG,PG,PGR,PH,PHM,PLD,PM,PNC,PNR,PNW,PPG,PPL,PRU,PSA,PSKY,PSX,PTC,PWR,PYPL,QCOM,RCL,REGN,RF,RL,ROK,ROP,ROST,RSG,RTX,RVTY,SBUX,SCHW,SHW,SJM,SLB,SNA,SO,SPG,SPGI,SRE,STT,STX,STZ,SW,SWK,SWKS,SYF,SYK,SYY,T,TAP,TEL,TFC,TGT,TJX,TMO,TPR,TROW,TRV,TSCO,TSN,TT,TXN,TXT,UAL,UDR,UHS,UNH,UNP,UPS,URI,USB,V,VLO,VMC,VRSK,VRSN,VRTX,VTR,VTRS,VZ,WAT,WDC,WEC,WELL,WFC,WM,WMB,WMT,WTW,WY,WYNN,XEL,XOM,XYL,YUM,ZBH,ZTS"
2015-11-30,"A,AAPL,ABBV,ABT,ACN,ADBE,ADI,ADM,ADP,ADSK,AEE,AEP,AES,AFL,AIG,AIZ,AKAM,ALL,ALLE,AMAT,AME,AMGN,AMP,AMT,AMZN,AON,APA,APD,APH,APTV,AVB,AVGO,AVY,AXP,AZO,BA,BAC,BALL,BAX,BBY,BDX,BEN,BF-B,BIIB,BK,BKNG,BLK,BMY,BRK-B,BSX,BXP,C,CAG,CAH,CAT,CB,CBRE,CCI,CCL,CF,CHD,CHRW,CI,CINF,CL,CLX,CMCSA,CME,CMG,CMI,CMS,CNP,COF,COP,COR,COST,CPAY,CPB,CRH,CRM,CSCO,CSX,CTAS,CTRA,CTSH,CVS,CVX,D,DAL,DE,DG,DGX,DHI,DHR,DIS,DLTR,DOC,DOV,DRI,DTE,DUK,DVA,DVN,EA,EBAY,ECL,ED,EFX,EG,EIX,EL,ELV,EMR,EOG,EQIX,EQR,ES,ESS,ETN,ETR,EW,EXC,EXPD,EXPE,F,FAST,FCX,FDX,FE,FFIV,FIS,FISV,FITB,GD,GE,GEN,GILD,GIS,GL,GLW,GM,GOOG,GOOGL,GPC,GRMN,GS,GWW,HAL,HAS,HBAN,HCA,HD,HIG,HON,HPE,HPQ,HRL,HSIC,HST,HSY,HUM,IBM,ICE,IFF,INTC,INTU,IP,IQV,IRM,ISRG,ITW,IVZ,J,JBHT,JCI,JNJ,JPM,KEY,KHC,KIM,KKR,KLAC,KMB,KMI,KO,KR,L,LEN,LH,LHX,LIN,LLY,LMT,LOW,LRCX,LUV,LYB,MA,MAR,MAS,MCD,MCHP,MCK,MCO,MDLZ,MDT,MET,META,MKC,MLM,MMM,MNST,MO,MOS,MPC,MRK,MRSH,MS,MSCI,MSFT,MSI,MTB,MU,NDAQ,NEE,NEM,NFLX,NI,NKE,NOC,NRG,NSC,NTAP,NTRS,NUE,NVDA,NVR,NWS,NWSA,NXP,O,OKE,OMC,ORCL,ORLY,OXY,PAYX,PCAR,PEG,PEP,PFE,PFG,PG,PGR,PH,PHM,PLD,PM,PNC,PNR,PNW,PPG,PPL,PRU,PSA,PSKY,PSX,PTC,PWR,PYPL,QCOM,RCL,REGN,RF,RL,ROK,ROP,ROST,RSG,RTX,RVTY,SBUX,SCHW,SHW,SJM,SLB,SNA,SO,SPG,SPGI,SRE,STT,STX,STZ,SW,SWK,SWKS,SYF,SYK,SYY,T,TAP,TEL,TFC,TGT,TJX,TMO,TPR,TROW,TRV,TSCO,TSN,TT,TXN,TXT,UAL,UDR,UHS,UNH,UNP,UPS,URI,USB,V,VLO,VMC,VRSK,VRSN,VRTX,VTR,VTRS,VZ,WAT,WDC,WEC,WELL,WFC,WM,WMB,WMT,WTW,WY,WYNN,XEL,XOM,XYL,YUM,ZBH,ZTS"
2015-12-31,"A,AAPL,ABBV,ABT,ACN,ADBE,ADI,ADM,ADP,ADSK,AEE,AEP,AES,AFL,AIG,AIZ,AKAM,ALL,ALLE,AMAT,AME,AMGN,AMP,AMT,AMZN,AON,APA,APD,APH,APTV,AVB,AVGO,AVY,AXP,AZO,BA,BAC,BALL,BAX,BBY,BDX,BEN,BF-B,BIIB,BK,BKNG,BLK,BMY,BRK-B,BSX,BXP,C,CAG,CAH,CAT,CB,CBRE,CCI,CCL,CF,CHD,CHRW,CI,CINF,CL,CLX,CMCSA,CME,CMG,CMI,CMS,CNP,COF,COP,COR,COST,CPAY,CPB,CRH,CRM,CSCO,CSX,CTAS,CTRA,CTSH,CVS,CVX,D,DAL,DE,DG,DGX,DHI,DHR,DIS,DLTR,DOC,DOV,DRI,DTE,DUK,DVA,DVN,EA,EBAY,ECL,ED,EFX,EG,EIX,EL,ELV,EMR,EOG,EQIX,EQR,ES,ESS,ETN,ETR,EW,EXC,EXPD,EXPE,EXR,F,FAST,FCX,FDX,FE,FFIV,FIS,FISV,FITB,GD,GE,GEN,GILD,GIS,GL,GLW,GM,GOOG,GOOGL,GPC,GRMN,GS,GWW,HAL,HAS,HBAN,HCA,HD,HIG,HON,HPE,HPQ,HRL,HSIC,HST,HSY,HUM,IBM,ICE,IFF,INTC,INTU,IP,IQV,IRM,ISRG,ITW,IVZ,J,JBHT,JCI,JNJ,JPM,KEY,KHC,KIM,KKR,KLAC,KMB,KMI,KO,KR,L,LEN,LH,LHX,LIN,LLY,LMT,LOW,LRCX,LUV,LYB,MA,MAR,MAS,MCD,MCHP,MCK,MCO,MDLZ,MDT,MET,META,MKC,MLM,MMM,MNST,MO,MOS,MPC,MRK,MRSH,MS,MSCI,MSFT,MSI,MTB,MU,NDAQ,NEE,NEM,NFLX,NI,NKE,NOC,NRG,NSC,NTAP,NTRS,NUE,NVDA,NVR,NWS,NWSA,NXP,O,OKE,OMC,ORCL,ORLY,OXY,PAYX,PCAR,PEG,PEP,PFE,PFG,PG,PGR,PH,PHM,PLD,PM,PNC,PNR,PNW,PPG,PPL,PRU,PSA,PSKY,PSX,PTC,PWR,PYPL,QCOM,RCL,REGN,RF,RL,ROK,ROP,ROST,RSG,RTX,RVTY,SBUX,SCHW,SHW,SJM,SLB,SNA,SO,SPG,SPGI,SRE,STT,STX,STZ,SW,SWK,SWKS,SYF,SYK,SYY,T,TAP,TEL,TFC,TGT,TJX,TMO,TPR,TROW,TRV,TSCO,TSN,TT,TXN,TXT,UAL,UDR,UHS,UNH,UNP,UPS,URI,USB,V,VLO,VMC,VRSK,VRSN,VRTX,VTR,VTRS,VZ,WAT,WDC,WEC,WELL,WFC,WM,WMB,WMT,WTW,WY,WYNN,XEL,XOM,XYL,YUM,ZBH,ZTS"
2016-01-31,"A,AAPL,ABBV,ABT,ACN,ADBE,ADI,ADM,ADP,ADSK,AEE,AEP,AES,AFL,AIG,AIZ,AKAM,ALL,ALLE,AMAT,AME,AMGN,AMP,AMT,AMZN,AON,APA,APD,APH,APTV,AVB,AVGO,AVY,AXP,AZO,BA,BAC,BALL,BAX,BBY,BDX,BEN,BF-B,BIIB,BK,BKNG,BLK,BMY,BRK-B,BSX,BXP,C,CAG,CAH,CAT,CB,CBRE,CCI,CCL,CF,CFG,CHD,CHRW,CI,CINF,CL,CLX,CMCSA,CME,CMG,CMI,CMS,CNP,COF,COP,COR,COST,CPAY,CPB,CRH,CRM,CSCO,CSX,CTAS,CTRA,CTSH,CVS,CVX,D,DAL,DE,DG,DGX,DHI,DHR,DIS,DLTR,DOC,DOV,DRI,DTE,DUK,DVA,DVN,EA,EBAY,ECL,ED,EFX,EG,EIX,EL,ELV,EMR,EOG,EQIX,EQR,ES,ESS,ETN,ETR,EW,EXC,EXPD,EXPE,EXR,F,FAST,FCX,FDX,FE,FFIV,FIS,FISV,FITB,FRT,GD,GE,GEN,GILD,GIS,GL,GLW,GM,GOOG,GOOGL,GPC,GRMN,GS,GWW,HAL,HAS,HBAN,HCA,HD,HIG,HON,HPE,HPQ,HRL,HSIC,HST,HSY,HUM,IBM,ICE,IFF,INTC,INTU,IP,IQV,IRM,ISRG,ITW,IVZ,J,JBHT,JCI,JNJ,JPM,KEY,KHC,KIM,KKR,KLAC,KMB,KMI,KO,KR,L,LEN,LH,LHX,LIN,LLY,LMT,LOW,LRCX,LUV,LYB,MA,MAR,MAS,MCD,MCHP,MCK,MCO,MDLZ,MDT,MET,META,MKC,MLM,MMM,MNST,MO,MOS,MPC,MRK,MRSH,MS,MSCI,MSFT,MSI,MTB,MU,NDAQ,NEE,NEM,NFLX,NI,NKE,NOC,NRG,NSC,NTAP,NTRS,NUE,NVDA,NVR,NWS,NWSA,NXP,O,OKE,OMC,ORCL,ORLY,OXY,PAYX,PCAR,PEG,PEP,PFE,PFG,PG,PGR,PH,PHM,PLD,PM,PNC,PNR,PNW,PPG,PPL,PRU,PSA,PSKY,PSX,PTC,PWR,PYPL,QCOM,RCL,REGN,RF,RL,ROK,ROP,ROST,RSG,RTX,RVTY,SBUX,SCHW,SHW,SJM,SLB,SNA,SO,SPG,SPGI,SRE,STT,STX,STZ,SW,SWK,SWKS,SYF,SYK,SYY,T,TAP,TEL,TFC,TGT,TJX,TMO,TPR,TROW,TRV,TSCO,TSN,TT,TXN,TXT,UAL,UDR,UHS,UNH,UNP,UPS,URI,USB,V,VLO,VMC,VRSK,VRSN,VRTX,VTR,VTRS,VZ,WAT,WDC,WEC,WELL,WFC,WM,WMB,WMT,WTW,WY,WYNN,XEL,XOM,XYL,YUM,ZBH,ZTS"
2016-02-29,"A,AAPL,ABBV,ABT,ACN,ADBE,ADI,ADM,ADP,ADSK,AEE,AEP,AES,AFL,AIG,AIZ,AKAM,ALL,ALLE,AMAT,AME,AMGN,AMP,AMT,AMZN,AON,APA,APD,APH,APTV,AVB,AVGO,AVY,AWK,AXP,AZO,BA,BAC,BALL,BAX,BBY,BDX,BEN,BF-B,BIIB,BK,BKNG,BLK,BMY,BRK-B,BSX,BXP,C,CAG,CAH,CAT,CB,CBRE,CCI,CCL,CF,CFG,CHD,CHRW,CI,CINF,CL,CLX,CMCSA,CME,CMG,CMI,CMS,CNC,CNP,COF,COP,COR,COST,CPAY,CPB,CRH,CRM,CSCO,CSX,CTAS,CTRA,CTSH,CVS,CVX,D,DAL,DE,DG,DGX,DHI,DHR,DIS,DLTR,DOC,DOV,DRI,DTE,DUK,DVA,DVN,EA,EBAY,ECL,ED,EFX,EG,EIX,EL,ELV,EMR,EOG,EQIX,EQR,ES,ESS,ETN,ETR,EW,EXC,EXPD,EXPE,EXR,F,FAST,FCX,FDX,FE,FFIV,FIS,FISV,FITB,FRT,GD,GE,GEN,GILD,GIS,GL,GLW,GM,GOOG,GOOGL,GPC,GRMN,GS,GWW,HAL,HAS,HBAN,HCA,HD,HIG,HOLX,HON,HPE,HPQ,HRL,HSIC,HST,HSY,HUM,IBM,ICE,IFF,INTC,INTU,IP,IQV,IRM,ISRG,ITW,IVZ,J,JBHT,JCI,JNJ,JPM,KEY,KHC,KIM,KKR,KLAC,KMB,KMI,KO,KR,L,LEN,LH,LHX,LIN,LLY,LMT,LOW,LRCX,LUV,LYB,MA,MAR,MAS,MCD,MCHP,MCK,MCO,MDLZ,MDT,MET,META,MKC,MLM,MMM,MNST,MO,MOS,MPC,MRK,MRSH,MS,MSCI,MSFT,MSI,MTB,MU,NDAQ,NEE,NEM,NFLX,NI,NKE,NOC,NRG,NSC,NTAP,NTRS,NUE,NVDA,NVR,NWS,NWSA,NXP,O,OKE,OMC,ORCL,ORLY,OXY,PAYX,PCAR,PEG,PEP,PFE,PFG,PG,PGR,PH,PHM,PLD,PM,PNC,PNR,PNW,PPG,PPL,PRU,PSA,PSKY,PSX,PTC,PWR,PYPL,QCOM,RCL,REGN,RF,RL,ROK,ROP,ROST,RSG,RTX,RVTY,SBUX,SCHW,SHW,SJM,SLB,SNA,SO,SPG,SPGI,SRE,STT,STX,STZ,SW,SWK,SWKS,SYF,SYK,SYY,T,TAP,TEL,TFC,TGT,TJX,TMO,TPR,TROW,TRV,TSCO,TSN,TT,TXN,TXT,UAL,UDR,UHS,UNH,UNP,UPS,URI,USB,V,VLO,VMC,VRSK,VRSN,VRTX,VTR,VTRS,VZ,WAT,WDC,WEC,WELL,WFC,WM,WMB,WMT,WTW,WY,WYNN,XEL,XOM,XYL,YUM,ZBH,ZTS"
2016-03-31,"A,AAPL,ABBV,ABT,ACN,ADBE,ADI,ADM,ADP,ADSK,AEE,AEP,AES,AFL,AIG,AIZ,AKAM,ALL,ALLE,AMAT,AME,AMGN,AMP,AMT,AMZN,AON,APA,APD,APH,APTV,AVB,AVGO,AVY,AWK,AXP,AZO,BA,BAC,BALL,BAX,BBY,BDX,BEN,BF-B,BIIB,BK,BKNG,BLK,BMY,BRK-B,BSX,BXP,C,CAG,CAH,CAT,CB,CBRE,CCI,CCL,CF,CFG,CHD,CHRW,CI,CINF,CL,CLX,CMCSA,CME,CMG,CMI,CMS,CNC,CNP,COF,COP,COR,COST,CPAY,CPB,CRH,CRM,CSCO,CSX,CTAS,CTRA,CTSH,CVS,CVX,D,DAL,DE,DG,DGX,DHI,DHR,DIS,DLTR,DOC,DOV,DRI,DTE,DUK,DVA,DVN,EA,EBAY,ECL,ED,EFX,EG,EIX,EL,ELV,EMR,EOG,EQIX,EQR,ES,ESS,ETN,ETR,EW,EXC,EXPD,EXPE,EXR,F,FAST,FCX,FDX,FE,FFIV,FIS,FISV,FITB,FRT,GD,GE,GEN,GILD,GIS,GL,GLW,GM,GOOG,GOOGL,GPC,GPN,GRMN,GS,GWW,HAL,HAS,HBAN,HCA,HD,HIG,HOLX,HON,HPE,HPQ,HRL,HSIC,HST,HSY,HUM,IBM,ICE,IFF,INTC,INTU,IP,IQV,IRM,ISRG,ITW,IVZ,J,JBHT,JCI,JNJ,JPM,KEY,KHC,KIM,KKR,KLAC,KMB,KMI,KO,KR,L,LEN,LH,LHX,LIN,LLY,LMT,LOW,LRCX,LUV,LYB,MA,MAR,MAS,MCD,MCHP,MCK,MCO,MDLZ,MDT,MET,META,MKC,MLM,MMM,MNST,MO,MOS,MPC,MRK,MRSH,MS,MSCI,MSFT,MSI,MTB,MU,NDAQ,NEE,NEM,NFLX,NI,NKE,NOC,NRG,NSC,NTAP,NTRS,NUE,NVDA,NVR,NWS,NWSA,NXP,O,OKE,OMC,ORCL,ORLY,OXY,PAYX,PCAR,PEG,PEP,PFE,PFG,PG,PGR,PH,PHM,PLD,PM,PNC,PNR,PNW,PPG,PPL,PRU,PSA,PSKY,PSX,PTC,PWR,PYPL,QCOM,RCL,REGN,RF,RL,ROK,ROP,ROST,RSG,RTX,RVTY,SBUX,SCHW,SHW,SJM,SLB,SNA,SO,SPG,SPGI,SRE,STT,STX,STZ,SW,SWK,SWKS,SYF,SYK,SYY,T,TAP,TEL,TFC,TGT,TJX,TMO,TPR,TROW,TRV,TSCO,TSN,TT,TXN,TXT,UAL,UDR,UHS,ULTA,UNH,UNP,UPS,URI,USB,V,VLO,VMC,VRSK,VRSN,VRTX,VTR,VTRS,VZ,WAT,WDC,WEC,WELL,WFC,WM,WMB,WMT,WTW,WY,WYNN,XEL,XOM,XYL,YUM,ZBH,ZTS"
2016-04-30,"A,AAPL,ABBV,ABT,ACN,ADBE,ADI,ADM,ADP,ADSK,AEE,AEP,AES,AFL,AIG,AIZ,AJG,AKAM,ALL,ALLE,AMAT,AME,AMGN,AMP,AMT,AMZN,AON,APA,APD,APH,APTV,AVB,AVGO,AVY,AWK,AXP,AZO,BA,BAC,BALL,BAX,BBY,BDX,BEN,BF-B,BIIB,BK,BKNG,BLK,BMY,BRK-B,BSX,BXP,C,CAG,CAH,CAT,CB,CBRE,CCI,CCL,CF,CFG,CHD,CHRW,CI,CINF,CL,CLX,CMCSA,CME,CMG,CMI,CMS,CNC,CNP,COF,COP,COR,COST,CPAY,CPB,CRH,CRM,CSCO,CSX,CTAS,CTRA,CTSH,CVS,CVX,D,DAL,DE,DG,DGX,DHI,DHR,DIS,DLR,DLTR,DOC,DOV,DRI,DTE,DUK,DVA,DVN,EA,EBAY,ECL,ED,EFX,EG,EIX,EL,ELV,EMR,EOG,EQIX,EQR,ES,ESS,ETN,ETR,EW,EXC,EXPD,EXPE,EXR,F,FAST,FCX,FDX,FE,FFIV,FIS,FISV,FITB,FRT,GD,GE,GEN,GILD,GIS,GL,GLW,GM,GOOG,GOOGL,GPC,GPN,GRMN,GS,GWW,HAL,HAS,HBAN,HCA,HD,HIG,HOLX,HON,HPE,HPQ,HRL,HSIC,HST,HSY,HUM,IBM,ICE,IFF,INTC,INTU,IP,IQV,IRM,ISRG,ITW,IVZ,J,JBHT,JCI,JNJ,JPM,KEY,KHC,KIM,KKR,KLAC,KMB,KMI,KO,KR,L,LEN,LH,LHX,LIN,LLY,LMT,LOW,LRCX,LUV,LYB,MA,MAR,MAS,MCD,MCHP,MCK,MCO,MDLZ,MDT,MET,META,MKC,MLM,MMM,MNST,MO,MOS,MPC,MRK,MRSH,MS,MSCI,MSFT,MSI,MTB,MU,NDAQ,NEE,NEM,NFLX,NI,NKE,NOC,NRG,NSC,NTAP,NTRS,NUE,NVDA,NVR,NWS,NWSA,NXP,O,OKE,OMC,ORCL,ORLY,OXY,PAYX,PCAR,PEG,PEP,PFE,PFG,PG,PGR,PH,PHM,PLD,PM,PNC,PNR,PNW,PPG,PPL,PRU,PSA,PSKY,PSX,PTC,PWR,PYPL,QCOM,RCL,REGN,RF,RL,ROK,ROP,ROST,RSG,RTX,RVTY,SBUX,SCHW,SHW,SJM,SLB,SNA,SO,SPG,SPGI,SRE,STT,STX,STZ,SW,SWK,SWKS,SYF,SYK,SYY,T,TAP,TEL,TFC,TGT,TJX,TMO,TPR,TROW,TRV,TSCO,TSN,TT,TXN,TXT,UAL,UDR,UHS,ULTA,UNH,UNP,UPS,URI,USB,V,VLO,VMC,VRSK,VRSN,VRTX,VTR,VTRS,VZ,WAT,WDC,WEC,WELL,WFC,WM,WMB,WMT,WTW,WY,WYNN,XEL,XOM,XYL,YUM,ZBH,ZTS"
2016-05-31,"A,AAPL,ABBV,ABT,ACN,ADBE,ADI,ADM,ADP,ADSK,AEE,AEP,AES,AFL,AIG,AIZ,AJG,AKAM,ALL,ALLE,AMAT,AME,AMGN,AMP,AMT,AMZN,AON,APA,APD,APH,APTV,AVB,AVGO,AVY,AWK,AXP,AZO,BA,BAC,BALL,BAX,BBY,BDX,BEN,BF-B,BIIB,BK,BKNG,BLK,BMY,BRK-B,BSX,BXP,C,CAG,CAH,CAT,CB,CBRE,CCI,CCL,CF,CFG,CHD,CHRW,CI,CINF,CL,CLX,CMCSA,CME,CMG,CMI,CMS,CNC,CNP,COF,COP,COR,COST,CPAY,CPB,CRH,CRM,CSCO,CSX,CTAS,CTRA,CTSH,CVS,CVX,D,DAL,DE,DG,DGX,DHI,DHR,DIS,DLR,DLTR,DOC,DOV,DRI,DTE,DUK,DVA,DVN,EA,EBAY,ECL,ED,EFX,EG,EIX,EL,ELV,EMR,EOG,EQIX,EQR,ES,ESS,ETN,ETR,EW,EXC,EXPD,EXPE,EXR,F,FAST,FCX,FDX,FE,FFIV,FIS,FISV,FITB,FRT,GD,GE,GEN,GILD,GIS,GL,GLW,GM,GOOG,GOOGL,GPC,GPN,GRMN,GS,GWW,HAL,HAS,HBAN,HCA,HD,HIG,HOLX,HON,HPE,HPQ,HRL,HSIC,HST,HSY,HUM,IBM,ICE,IFF,INTC,INTU,IP,IQV,IRM,ISRG,ITW,IVZ,J,JBHT,JCI,JNJ,JPM,KEY,KHC,KIM,KKR,KLAC,KMB,KMI,KO,KR,L,LEN,LH,LHX,LIN,LLY,LMT,LOW,LRCX,LUV,LYB,MA,MAR,MAS,MCD,MCHP,MCK,MCO,MDLZ,MDT,MET,META,MKC,MLM,MMM,MNST,MO,MOS,MPC,MRK,MRSH,MS,MSCI,MSFT,MSI,MTB,MU,NDAQ,NEE,NEM,NFLX,NI,NKE,NOC,NRG,NSC,NTAP,NTRS,NUE,NVDA,NVR,NWS,NWSA,NXP,O,OKE,OMC,ORCL,ORLY,OXY,PAYX,PCAR,PEG,PEP,PFE,PFG,PG,PGR,PH,PHM,PLD,PM,PNC,PNR,PNW,PPG,PPL,PRU,PSA,PSKY,PSX,PTC,PWR,PYPL,QCOM,RCL,REGN,RF,RL,ROK,ROP,ROST,RSG,RTX,RVTY,SBUX,SCHW,SHW,SJM,SLB,SNA,SO,SPG,SPGI,SRE,STT,STX,STZ,SW,SWK,SWKS,SYF,SYK,SYY,T,TAP,TDG,TEL,TFC,TGT,TJX,TMO,TPR,TROW,TRV,TSCO,TSN,TT,TXN,TXT,UAL,UDR,UHS,ULTA,UNH,UNP,UPS,URI,USB,V,VLO,VMC,VRSK,VRSN,VRTX,VTR,VTRS,VZ,WAT,WDC,WEC,WELL,WFC,WM,WMB,WMT,WTW,WY,WYNN,XEL,XOM,XYL,YUM,ZBH,ZTS"
2016-06-30,"A,AAPL,ABBV,ABT,ACN,ADBE,ADI,ADM,ADP,ADSK,AEE,AEP,AES,AFL,AIG,AIZ,AJG,AKAM,ALB,ALL,ALLE,AMAT,AME,AMGN,AMP,AMT,AMZN,AON,APA,APD,APH,APTV,AVB,AVGO,AVY,AWK,AXP,AZO,BA,BAC,BALL,BAX,BBY,BDX,BEN,BF-B,BIIB,BK,BKNG,BLK,BMY,BRK-B,BSX,BXP,C,CAG,CAH,CAT,CB,CBRE,CCI,CCL,CF,CFG,CHD,CHRW,CI,CINF,CL,CLX,CMCSA,CME,CMG,CMI,CMS,CNC,CNP,COF,COP,COR,COST,CPAY,CPB,CRH,CRM,CSCO,CSX,CTAS,CTRA,CTSH,CVS,CVX,D,DAL,DE,DG,DGX,DHI,DHR,DIS,DLR,DLTR,DOC,DOV,DRI,DTE,DUK,DVA,DVN,EA,EBAY,ECL,ED,EFX,EG,EIX,EL,ELV,EMR,EOG,EQIX,EQR,ES,ESS,ETN,ETR,EW,EXC,EXPD,EXPE,EXR,F,FAST,FCX,FDX,FE,FFIV,FIS,FISV,FITB,FRT,FTV,GD,GE,GEN,GILD,GIS,GL,GLW,GM,GOOG,GOOGL,GPC,GPN,GRMN,GS,GWW,HAL,HAS,HBAN,HCA,HD,HIG,HOLX,HON,HPE,HPQ,HRL,HSIC,HST,HSY,HUM,IBM,ICE,IFF,INTC,INTU,IP,IQV,IRM,ISRG,ITW,IVZ,J,JBHT,JCI,JNJ,JPM,KEY,KHC,KIM,KKR,KLAC,KMB,KMI,KO,KR,L,LEN,LH,LHX,LIN,LLY,LMT,LNT,LOW,LRCX,LUV,LYB,MA,MAR,MAS,MCD,MCHP,MCK,MCO,MDLZ,MDT,MET,META,MKC,MLM,MMM,MNST,MO,MOS,MPC,MRK,MRSH,MS,MSCI,MSFT,MSI,MTB,MU,NDAQ,NEE,NEM,NFLX,NI,NKE,NOC,NRG,NSC,NTAP,NTRS,NUE,NVDA,NVR,NWS,NWSA,NXP,O,OKE,OMC,ORCL,ORLY,OXY,PAYX,PCAR,PEG,PEP,PFE,PFG,PG,PGR,PH,PHM,PLD,PM,PNC,PNR,PNW,PPG,PPL,PRU,PSA,PSKY,PSX,PTC,PWR,PYPL,QCOM,RCL,REGN,RF,RL,ROK,ROP,ROST,RSG,RTX,RVTY,SBUX,SCHW,SHW,SJM,SLB,SNA,SO,SPG,SPGI,SRE,STT,STX,STZ,SW,SWK,SWKS,SYF,SYK,SYY,T,TAP,TDG,TEL,TFC,TGT,TJX,TMO,TPR,TROW,TRV,TSCO,TSN,TT,TXN,TXT,UAL,UDR,UHS,ULTA,UNH,UNP,UPS,URI,USB,V,VLO,VMC,VRSK,VRSN,VRTX,VTR,VTRS,VZ,WAT,WDC,WEC,WELL,WFC,WM,WMB,WMT,WTW,WY,WYNN,XEL,XOM,XYL,YUM,ZBH,ZTS"
2016-07-31,"A,AAPL,ABBV,ABT,ACN,ADBE,ADI,ADM,ADP,ADSK,AEE,AEP,AES,AFL,AIG,AIZ,AJG,AKAM,ALB,ALL,ALLE,AMAT,AME,AMGN,AMP,AMT,AMZN,AON,APA,APD,APH,APTV,AVB,AVGO,AVY,AWK,AXP,AZO,BA,BAC,BALL,BAX,BBY,BDX,BEN,BF-B,BIIB,BK,BKNG,BLK,BMY,BRK-B,BSX,BXP,C,CAG,CAH,CAT,CB,CBRE,CCI,CCL,CF,CFG,CHD,CHRW,CI,CINF,CL,CLX,CMCSA,CME,CMG,CMI,CMS,CNC,CNP,COF,COP,COR,COST,CPAY,CPB,CRH,CRM,CSCO,CSX,CTAS,CTRA,CTSH,CVS,CVX,D,DAL,DE,DG,DGX,DHI,DHR,DIS,DLR,DLTR,DOC,DOV,DRI,DTE,DUK,DVA,DVN,EA,EBAY,ECL,ED,EFX,EG,EIX,EL,ELV,EMR,EOG,EQIX,EQR,ES,ESS,ETN,ETR,EW,EXC,EXPD,EXPE,EXR,F,FAST,FCX,FDX,FE,FFIV,FIS,FISV,FITB,FRT,FTV,GD,GE,GEN,GILD,GIS,GL,GLW,GM,GOOG,GOOGL,GPC,GPN,GRMN,GS,GWW,HAL,HAS,HBAN,HCA,HD,HIG,HOLX,HON,HPE,HPQ,HRL,HSIC,HST,HSY,HUM,IBM,ICE,IFF,INTC,INTU,IP,IQV,IRM,ISRG,ITW,IVZ,J,JBHT,JCI,JNJ,JPM,KEY,KHC,KIM,KKR,KLAC,KMB,KMI,KO,KR,L,LEN,LH,LHX,LIN,LLY,LMT,LNT,LOW,LRCX,LUV,LYB,MA,MAR,MAS,MCD,MCHP,MCK,MCO,MDLZ,MDT,MET,META,MKC,MLM,MMM,MNST,MO,MOS,MPC,MRK,MRSH,MS,MSCI,MSFT,MSI,MTB,MU,NDAQ,NEE,NEM,NFLX,NI,NKE,NOC,NRG,NSC,NTAP,NTRS,NUE,NVDA,NVR,NWS,NWSA,NXP,O,OKE,OMC,ORCL,ORLY,OXY,PAYX,PCAR,PEG,PEP,PFE,PFG,PG,PGR,PH,PHM,PLD,PM,PNC,PNR,PNW,PPG,PPL,PRU,PSA,PSKY,PSX,PTC,PWR,PYPL,QCOM,RCL,REGN,RF,RL,ROK,ROP,ROST,RSG,RTX,RVTY,SBUX,SCHW,SHW,SJM,SLB,SNA,SO,SPG,SPGI,SRE,STT,STX,STZ,SW,SWK,SWKS,SYF,SYK,SYY,T,TAP,TDG,TEL,TFC,TGT,TJX,TMO,TPR,TROW,TRV,TSCO,TSN,TT,TXN,TXT,UAL,UDR,UHS,ULTA,UNH,UNP,UPS,URI,USB,V,VLO,VMC,VRSK,VRSN,VRTX,VTR,VTRS,VZ,WAT,WDC,WEC,WELL,WFC,WM,WMB,WMT,WTW,WY,WYNN,XEL,XOM,XYL,YUM,ZBH,ZTS"
2016-08-31,"A,AAPL,ABBV,ABT,ACN,ADBE,ADI,ADM,ADP,ADSK,AEE,AEP,AES,AFL,AIG,AIZ,AJG,AKAM,ALB,ALL,ALLE,AMAT,AME,AMGN,AMP,AMT,AMZN,AON,APA,APD,APH,APTV,AVB,AVGO,AVY,AWK,AXP,AZO,BA,BAC,BALL,BAX,BBY,BDX,BEN,BF-B,BIIB,BK,BKNG,BLK,BMY,BRK-B,BSX,BXP,C,CAG,CAH,CAT,CB,CBRE,CCI,CCL,CF,CFG,CHD,CHRW,CHTR,CI,CINF,CL,CLX,CMCSA,CME,CMG,CMI,CMS,CNC,CNP,COF,COO,COP,COR,COST,CPAY,CPB,CRH,CRM,CSCO,CSX,CTAS,CTRA,CTSH,CVS,CVX,D,DAL,DE,DG,DGX,DHI,DHR,DIS,DLR,DLTR,DOC,DOV,DRI,DTE,DUK,DVA,DVN,EA,EBAY,ECL,ED,EFX,EG,EIX,EL,ELV,EMR,EOG,EQIX,EQR,ES,ESS,ETN,ETR,EW,EXC,EXPD,EXPE,EXR,F,FAST,FCX,FDX,FE,FFIV,FIS,FISV,FITB,FRT,FTV,GD,GE,GEN,GILD,GIS,GL,GLW,GM,GOOG,GOOGL,GPC,GPN,GRMN,GS,GWW,HAL,HAS,HBAN,HCA,HD,HIG,HOLX,HON,HPE,HPQ,HRL,HSIC,HST,HSY,HUM,IBM,ICE,IFF,INTC,INTU,IP,IQV,IRM,ISRG,ITW,IVZ,J,JBHT,JCI,JNJ,JPM,KEY,KHC,KIM,KKR,KLAC,KMB,KMI,KO,KR,L,LEN,LH,LHX,LIN,LLY,LMT,LNT,LOW,LRCX,LUV,LYB,MA,MAR,MAS,MCD,MCHP,MCK,MCO,MDLZ,MDT,MET,META,MKC,MLM,MMM,MNST,MO,MOS,MPC,MRK,MRSH,MS,MSCI,MSFT,MSI,MTB,MTD,MU,NDAQ,NEE,NEM,NFLX,NI,NKE,NOC,NRG,NSC,NTAP,NTRS,NUE,NVDA,NVR,NWS,NWSA,NXP,O,OKE,OMC,ORCL,ORLY,OXY,PAYX,PCAR,PEG,PEP,PFE,PFG,PG,PGR,PH,PHM,PLD,PM,PNC,PNR,PNW,PPG,PPL,PRU,PSA,PSKY,PSX,PTC,PWR,PYPL,QCOM,RCL,REGN,RF,RL,ROK,ROP,ROST,RSG,RTX,RVTY,SBUX,SCHW,SHW,SJM,SLB,SNA,SO,SPG,SPGI,SRE,STT,STX,STZ,SW,SWK,SWKS,SYF,SYK,SYY,T,TAP,TDG,TEL,TFC,TGT,TJX,TMO,TPR,TROW,TRV,TSCO,TSN,TT,TXN,TXT,UAL,UDR,UHS,ULTA,UNH,UNP,UPS,URI,USB,V,VLO,VMC,VRSK,VRSN,VRTX,VTR,VTRS,VZ,WAT,WDC,WEC,WELL,WFC,WM,WMB,WMT,WTW,WY,WYNN,XEL,XOM,XYL,YUM,ZBH,ZTS"
2016-09-30,"A,AAPL,ABBV,ABT,ACN,ADBE,ADI,ADM,ADP,ADSK,AEE,AEP,AES,AFL,AIG,AIZ,AJG,AKAM,ALB,ALL,ALLE,AMAT,AME,AMGN,AMP,AMT,AMZN,AON,APA,APD,APH,APTV,AVB,AVGO,AVY,AWK,AXP,AZO,BA,BAC,BALL,BAX,BBY,BDX,BEN,BF-B,BIIB,BK,BKNG,BLK,BMY,BRK-B,BSX,BXP,C,CAG,CAH,CAT,CB,CBRE,CCI,CCL,CF,CFG,CHD,CHRW,CHTR,CI,CINF,CL,CLX,CMCSA,CME,CMG,CMI,CMS,CNC,CNP,COF,COO,COP,COR,COST,CPAY,CPB,CRH,CRM,CSCO,CSX,CTAS,CTRA,CTSH,CVS,CVX,D,DAL,DE,DG,DGX,DHI,DHR,DIS,DLR,DLTR,DOC,DOV,DRI,DTE,DUK,DVA,DVN,EA,EBAY,ECL,ED,EFX,EG,EIX,EL,ELV,EMR,EOG,EQIX,EQR,ES,ESS,ETN,ETR,EW,EXC,EXPD,EXPE,EXR,F,FAST,FCX,FDX,FE,FFIV,FIS,FISV,FITB,FRT,FTV,GD,GE,GEN,GILD,GIS,GL,GLW,GM,GOOG,GOOGL,GPC,GPN,GRMN,GS,GWW,HAL,HAS,HBAN,HCA,HD,HIG,HOLX,HON,HPE,HPQ,HRL,HSIC,HST,HSY,HUM,IBM,ICE,IFF,INTC,INTU,IP,IQV,IRM,ISRG,ITW,IVZ,J,JBHT,JCI,JNJ,JPM,KEY,KHC,KIM,KKR,KLAC,KMB,KMI,KO,KR,L,LEN,LH,LHX,LIN,LLY,LMT,LNT,LOW,LRCX,LUV,LYB,MA,MAR,MAS,MCD,MCHP,MCK,MCO,MDLZ,MDT,MET,META,MKC,MLM,MMM,MNST,MO,MOS,MPC,MRK,MRSH,MS,MSCI,MSFT,MSI,MTB,MTD,MU,NDAQ,NEE,NEM,NFLX,NI,NKE,NOC,NRG,NSC,NTAP,NTRS,NUE,NVDA,NVR,NWS,NWSA,NXP,O,OKE,OMC,ORCL,ORLY,OXY,PAYX,PCAR,PEG,PEP,PFE,PFG,PG,PGR,PH,PHM,PLD,PM,PNC,PNR,PNW,PPG,PPL,PRU,PSA,PSKY,PSX,PTC,PWR,PYPL,QCOM,RCL,REGN,RF,RL,ROK,ROP,ROST,RSG,RTX,RVTY,SBUX,SCHW,SHW,SJM,SLB,SNA,SO,SPG,SPGI,SRE,STT,STX,STZ,SW,SWK,SWKS,SYF,SYK,SYY,T,TAP,TDG,TEL,TFC,TGT,TJX,TMO,TPR,TROW,TRV,TSCO,TSN,TT,TXN,TXT,UAL,UDR,UHS,ULTA,UNH,UNP,UPS,URI,USB,V,VLO,VMC,VRSK,VRSN,VRTX,VTR,VTRS,VZ,WAT,WDC,WEC,WELL,WFC,WM,WMB,WMT,WTW,WY,WYNN,XEL,XOM,XYL,YUM,ZBH,ZTS"
2016-10-31,"A,AAPL,ABBV,ABT,ACN,ADBE,ADI,ADM,ADP,ADSK,AEE,AEP,AES,AFL,AIG,AIZ,AJG,AKAM,ALB,ALL,ALLE,AMAT,AME,AMGN,AMP,AMT,AMZN,AON,APA,APD,APH,APTV,AVB,AVGO,AVY,AWK,AXP,AZO,BA,BAC,BALL,BAX,BBY,BDX,BEN,BF-B,BIIB,BK,BKNG,BLK,BMY,BRK-B,BSX,BXP,C,CAG,CAH,CAT,CB,CBRE,CCI,CCL,CF,CFG,CHD,CHRW,CHTR,CI,CINF,CL,CLX,CMCSA,CME,CMG,CMI,CMS,CNC,CNP,COF,COO,COP,COR,COST,CPAY,CPB,CRH,CRM,CSCO,CSX,CTAS,CTRA,CTSH,CVS,CVX,D,DAL,DE,DG,DGX,DHI,DHR,DIS,DLR,DLTR,DOC,DOV,DRI,DTE,DUK,DVA,DVN,EA,EBAY,ECL,ED,EFX,EG,EIX,EL,ELV,EMR,EOG,EQIX,EQR,ES,ESS,ETN,ETR,EW,EXC,EXPD,EXPE,EXR,F,FAST,FCX,FDX,FE,FFIV,FIS,FISV,FITB,FRT,FTV,GD,GE,GEN,GILD,GIS,GL,GLW,GM,GOOG,GOOGL,GPC,GPN,GRMN,GS,GWW,HAL,HAS,HBAN,HCA,HD,HIG,HOLX,HON,HPE,HPQ,HRL,HSIC,HST,HSY,HUM,IBM,ICE,IFF,INTC,INTU,IP,IQV,IRM,ISRG,ITW,IVZ,J,JBHT,JCI,JNJ,JPM,KEY,KHC,KIM,KKR,KLAC,KMB,KMI,KO,KR,L,LEN,LH,LHX,LIN,LLY,LMT,LNT,LOW,LRCX,LUV,LYB,MA,MAR,MAS,MCD,MCHP,MCK,MCO,MDLZ,MDT,MET,META,MKC,MLM,MMM,MNST,MO,MOS,MPC,MRK,MRSH,MS,MSCI,MSFT,MSI,MTB,MTD,MU,NDAQ,NEE,NEM,NFLX,NI,NKE,NOC,NRG,NSC,NTAP,NTRS,NUE,NVDA,NVR,NWS,NWSA,NXP,O,OKE,OMC,ORCL,ORLY,OXY,PAYX,PCAR,PEG,PEP,PFE,PFG,PG,PGR,PH,PHM,PLD,PM,PNC,PNR,PNW,PPG,PPL,PRU,PSA,PSKY,PSX,PTC,PWR,PYPL,QCOM,RCL,REGN,RF,RL,ROK,ROP,ROST,RSG,RTX,RVTY,SBUX,SCHW,SHW,SJM,SLB,SNA,SO,SPG,SPGI,SRE,STT,STX,STZ,SW,SWK,SWKS,SYF,SYK,SYY,T,TAP,TDG,TEL,TFC,TGT,TJX,TMO,TPR,TROW,TRV,TSCO,TSN,TT,TXN,TXT,UAL,UDR,UHS,ULTA,UNH,UNP,UPS,URI,USB,V,VLO,VMC,VRSK,VRSN,VRTX,VTR,VTRS,VZ,WAT,WDC,WEC,WELL,WFC,WM,WMB,WMT,WTW,WY,WYNN,XEL,XOM,XYL,YUM,ZBH,ZTS"
2016-11-30,"A,AAPL,ABBV,ABT,ACN,ADBE,ADI,ADM,ADP,ADSK,AEE,AEP,AES,AFL,AIG,AIZ,AJG,AKAM,ALB,ALL,ALLE,AMAT,AME,AMGN,AMP,AMT,AMZN,AON,APA,APD,APH,APTV,AVB,AVGO,AVY,AWK,AXP,AZO,BA,BAC,BALL,BAX,BBY,BDX,BEN,BF-B,BIIB,BK,BKNG,BLK,BMY,BRK-B,BSX,BXP,C,CAG,CAH,CAT,CB,CBRE,CCI,CCL,CF,CFG,CHD,CHRW,CHTR,CI,CINF,CL,CLX,CMCSA,CME,CMG,CMI,CMS,CNC,CNP,COF,COO,COP,COR,COST,CPAY,CPB,CRH,CRM,CSCO,CSX,CTAS,CTRA,CTSH,CVS,CVX,D,DAL,DE,DG,DGX,DHI,DHR,DIS,DLR,DLTR,DOC,DOV,DRI,DTE,DUK,DVA,DVN,EA,EBAY,ECL,ED,EFX,EG,EIX,EL,ELV,EMR,EOG,EQIX,EQR,ES,ESS,ETN,ETR,EW,EXC,EXPD,EXPE,EXR,F,FAST,FCX,FDX,FE,FFIV,FIS,FISV,FITB,FRT,FTV,GD,GE,GEN,GILD,GIS,GL,GLW,GM,GOOG,GOOGL,GPC,GPN,GRMN,GS,GWW,HAL,HAS,HBAN,HCA,HD,HIG,HOLX,HON,HPE,HPQ,HRL,HSIC,HST,HSY,HUM,IBM,ICE,IFF,INTC,INTU,IP,IQV,IRM,ISRG,ITW,IVZ,J,JBHT,JCI,JNJ,JPM,KEY,KHC,KIM,KKR,KLAC,KMB,KMI,KO,KR,L,LEN,LH,LHX,LIN,LLY,LMT,LNT,LOW,LRCX,LUV,LYB,MA,MAA,MAR,MAS,MCD,MCHP,MCK,MCO,MDLZ,MDT,MET,META,MKC,MLM,MMM,MNST,MO,MOS,MPC,MRK,MRSH,MS,MSCI,MSFT,MSI,MTB,MTD,MU,NDAQ,NEE,NEM,NFLX,NI,NKE,NOC,NRG,NSC,NTAP,NTRS,NUE,NVDA,NVR,NWS,NWSA,NXP,O,OKE,OMC,ORCL,ORLY,OXY,PAYX,PCAR,PEG,PEP,PFE,PFG,PG,PGR,PH,PHM,PLD,PM,PNC,PNR,PNW,PPG,PPL,PRU,PSA,PSKY,PSX,PTC,PWR,PYPL,QCOM,RCL,REGN,RF,RL,ROK,ROP,ROST,RSG,RTX,RVTY,SBUX,SCHW,SHW,SJM,SLB,SNA,SO,SPG,SPGI,SRE,STT,STX,STZ,SW,SWK,SWKS,SYF,SYK,SYY,T,TAP,TDG,TEL,TFC,TGT,TJX,TMO,TPR,TROW,TRV,TSCO,TSN,TT,TXN,TXT,UAL,UDR,UHS,ULTA,UNH,UNP,UPS,URI,USB,V,VLO,VMC,VRSK,VRSN,VRTX,VTR,VTRS,VZ,WAT,WDC,WEC,WELL,WFC,WM,WMB,WMT,WTW,WY,WYNN,XEL,XOM,XYL,YUM,ZBH,ZTS"
2016-12-31,"A,AAPL,ABBV,ABT,ACN,ADBE,ADI,ADM,ADP,ADSK,AEE,AEP,AES,AFL,AIG,AIZ,AJG,AKAM,ALB,ALL,ALLE,AMAT,AME,AMGN,AMP,AMT,AMZN,AON,APA,APD,APH,APTV,AVB,AVGO,AVY,AWK,AXP,AZO,BA,BAC,BALL,BAX,BBY,BDX,BEN,BF-B,BIIB,BK,BKNG,BLK,BMY,BRK-B,BSX,BXP,C,CAG,CAH,CAT,CB,CBRE,CCI,CCL,CF,CFG,CHD,CHRW,CHTR,CI,CINF,CL,CLX,CMCSA,CME,CMG,CMI,CMS,CNC,CNP,COF,COO,COP,COR,COST,CPAY,CPB,CRH,CRM,CSCO,CSX,CTAS,CTRA,CTSH,CVS,CVX,D,DAL,DE,DG,DGX,DHI,DHR,DIS,DLR,DLTR,DOC,DOV,DRI,DTE,DUK,DVA,DVN,EA,EBAY,ECL,ED,EFX,EG,EIX,EL,ELV,EMR,EOG,EQIX,EQR,ES,ESS,ETN,ETR,EW,EXC,EXPD,EXPE,EXR,F,FAST,FCX,FDX,FE,FFIV,FIS,FISV,FITB,FRT,FTV,GD,GE,GEN,GILD,GIS,GL,GLW,GM,GOOG,GOOGL,GPC,GPN,GRMN,GS,GWW,HAL,HAS,HBAN,HCA,HD,HIG,HOLX,HON,HPE,HPQ,HRL,HSIC,HST,HSY,HUM,IBM,ICE,IDXX,IFF,INTC,INTU,IP,IQV,IRM,ISRG,ITW,IVZ,J,JBHT,JCI,JNJ,JPM,KEY,KHC,KIM,KKR,KLAC,KMB,KMI,KO,KR,L,LEN,LH,LHX,LIN,LLY,LMT,LNT,LOW,LRCX,LUV,LYB,MA,MAA,MAR,MAS,MCD,MCHP,MCK,MCO,MDLZ,MDT,MET,META,MKC,MLM,MMM,MNST,MO,MOS,MPC,MRK,MRSH,MS,MSCI,MSFT,MSI,MTB,MTD,MU,NDAQ,NEE,NEM,NFLX,NI,NKE,NOC,NRG,NSC,NTAP,NTRS,NUE,NVDA,NVR,NWS,NWSA,NXP,O,OKE,OMC,ORCL,ORLY,OXY,PAYX,PCAR,PEG,PEP,PFE,PFG,PG,PGR,PH,PHM,PLD,PM,PNC,PNR,PNW,PPG,PPL,PRU,PSA,PSKY,PSX,PTC,PWR,PYPL,QCOM,RCL,REGN,RF,RL,ROK,ROP,ROST,RSG,RTX,RVTY,SBUX,SCHW,SHW,SJM,SLB,SNA,SO,SPG,SPGI,SRE,STT,STX,STZ,SW,SWK,SWKS,SYF,SYK,SYY,T,TAP,TDG,TEL,TFC,TGT,TJX,TMO,TPR,TROW,TRV,TSCO,TSN,TT,TXN,TXT,UAL,UDR,UHS,ULTA,UNH,UNP,UPS,URI,USB,V,VLO,VMC,VRSK,VRSN,VRTX,VTR,VTRS,VZ,WAT,WDC,WEC,WELL,WFC,WM,WMB,WMT,WTW,WY,WYNN,XEL,XOM,XYL,YUM,ZBH,ZTS"
2017-01-31,"A,AAPL,ABBV,ABT,ACN,ADBE,ADI,ADM,ADP,ADSK,AEE,AEP,AES,AFL,AIG,AIZ,AJG,AKAM,ALB,ALL,ALLE,AMAT,AME,AMGN,AMP,AMT,AMZN,AON,APA,APD,APH,APTV,AVB,AVGO,AVY,AWK,AXP,AZO,BA,BAC,BALL,BAX,BBY,BDX,BEN,BF-B,BIIB,BK,BKNG,BLK,BMY,BRK-B,BSX,BXP,C,CAG,CAH,CAT,CB,CBRE,CCI,CCL,CF,CFG,CHD,CHRW,CHTR,CI,CINF,CL,CLX,CMCSA,CME,CMG,CMI,CMS,CNC,CNP,COF,COO,COP,COR,COST,CPAY,CPB,CRH,CRM,CSCO,CSX,CTAS,CTRA,CTSH,CVS,CVX,D,DAL,DE,DG,DGX,DHI,DHR,DIS,DLR,DLTR,DOC,DOV,DRI,DTE,DUK,DVA,DVN,EA,EBAY,ECL,ED,EFX,EG,EIX,EL,ELV,EMR,EOG,EQIX,EQR,ES,ESS,ETN,ETR,EW,EXC,EXPD,EXPE,EXR,F,FAST,FCX,FDX,FE,FFIV,FIS,FISV,FITB,FRT,FTV,GD,GE,GEN,GILD,GIS,GL,GLW,GM,GOOG,GOOGL,GPC,GPN,GRMN,GS,GWW,HAL,HAS,HBAN,HCA,HD,HIG,HOLX,HON,HPE,HPQ,HRL,HSIC,HST,HSY,HUM,IBM,ICE,IDXX,IFF,INCY,INTC,INTU,IP,IQV,IRM,ISRG,ITW,IVZ,J,JBHT,JCI,JNJ,JPM,KEY,KHC,KIM,KKR,KLAC,KMB,KMI,KO,KR,L,LEN,LH,LHX,LIN,LLY,LMT,LNT,LOW,LRCX,LUV,LYB,MA,MAA,MAR,MAS,MCD,MCHP,MCK,MCO,MDLZ,MDT,MET,META,MKC,MLM,MMM,MNST,MO,MOS,MPC,MRK,MRSH,MS,MSCI,MSFT,MSI,MTB,MTD,MU,NDAQ,NEE,NEM,NFLX,NI,NKE,NOC,NRG,NSC,NTAP,NTRS,NUE,NVDA,NVR,NWS,NWSA,NXP,O,OKE,OMC,ORCL,ORLY,OXY,PAYX,PCAR,PEG,PEP,PFE,PFG,PG,PGR,PH,PHM,PLD,PM,PNC,PNR,PNW,PPG,PPL,PRU,PSA,PSKY,PSX,PTC,PWR,PYPL,QCOM,RCL,REGN,RF,RL,ROK,ROP,ROST,RSG,RTX,RVTY,SBUX,SCHW,SHW,SJM,SLB,SNA,SO,SPG,SPGI,SRE,STT,STX,STZ,SW,SWK,SWKS,SYF,SYK,SYY,T,TAP,TDG,TEL,TFC,TGT,TJX,TMO,TPR,TROW,TRV,TSCO,TSN,TT,TXN,TXT,UAL,UDR,UHS,ULTA,UNH,UNP,UPS,URI,USB,V,VLO,VMC,VRSK,VRSN,VRTX,VTR,VTRS,VZ,WAT,WDC,WEC,WELL,WFC,WM,WMB,WMT,WTW,WY,WYNN,XEL,XOM,XYL,YUM,ZBH,ZTS"
2017-02-28,"A,AAPL,ABBV,ABT,ACN,ADBE,ADI,ADM,ADP,ADSK,AEE,AEP,AES,AFL,AIG,AIZ,AJG,AKAM,ALB,ALL,ALLE,AMAT,AMD,AME,AMGN,AMP,AMT,AMZN,AON,APA,APD,APH,APTV,ARE,AVB,AVGO,AVY,AWK,AXP,AZO,BA,BAC,BALL,BAX,BBY,BDX,BEN,BF-B,BIIB,BK,BKNG,BLK,BMY,BRK-B,BSX,BXP,C,CAG,CAH,CAT,CB,CBOE,CBRE,CCI,CCL,CF,CFG,CHD,CHRW,CHTR,CI,CINF,CL,CLX,CMCSA,CME,CMG,CMI,CMS,CNC,CNP,COF,COO,COP,COR,COST,CPAY,CPB,CRH,CRM,CSCO,CSX,CTAS,CTRA,CTSH,CVS,CVX,D,DAL,DE,DG,DGX,DHI,DHR,DIS,DLR,DLTR,DOC,DOV,DRI,DTE,DUK,DVA,DVN,EA,EBAY,ECL,ED,EFX,EG,EIX,EL,ELV,EMR,EOG,EQIX,EQR,ES,ESS,ETN,ETR,EW,EXC,EXPD,EXPE,EXR,F,FAST,FCX,FDX,FE,FFIV,FIS,FISV,FITB,FRT,FTV,GD,GE,GEN,GILD,GIS,GL,GLW,GM,GOOG,GOOGL,GPC,GPN,GRMN,GS,GWW,HAL,HAS,HBAN,HCA,HD,HIG,HOLX,HON,HPE,HPQ,HRL,HSIC,HST,HSY,HUM,IBM,ICE,IDXX,IFF,INCY,INTC,INTU,IP,IQV,IRM,ISRG,ITW,IVZ,J,JBHT,JCI,JNJ,JPM,KEY,KHC,KIM,KKR,KLAC,KMB,KMI,KO,KR,L,LEN,LH,LHX,LIN,LLY,LMT,LNT,LOW,LRCX,LUV,LYB,MA,MAA,MAR,MAS,MCD,MCHP,MCK,MCO,MDLZ,MDT,MET,META,MKC,MLM,MMM,MNST,MO,MOS,MPC,MRK,MRSH,MS,MSCI,MSFT,MSI,MTB,MTD,MU,NDAQ,NEE,NEM,NFLX,NI,NKE,NOC,NRG,NSC,NTAP,NTRS,NUE,NVDA,NVR,NWS,NWSA,NXP,O,OKE,OMC,ORCL,ORLY,OXY,PAYX,PCAR,PEG,PEP,PFE,PFG,PG,PGR,PH,PHM,PLD,PM,PNC,PNR,PNW,PPG,PPL,PRU,PSA,PSKY,PSX,PTC,PWR,PYPL,QCOM,RCL,REG,REGN,RF,RJF,RL,ROK,ROP,ROST,RSG,RTX,RVTY,SBUX,SCHW,SHW,SJM,SLB,SNA,SNPS,SO,SPG,SPGI,SRE,STT,STX,STZ,SW,SWK,SWKS,SYF,SYK,SYY,T,TAP,TDG,TEL,TFC,TGT,TJX,TMO,TPR,TROW,TRV,TSCO,TSN,TT,TXN,TXT,UAL,UDR,UHS,ULTA,UNH,UNP,UPS,URI,USB,V,VLO,VMC,VRSK,VRSN,VRTX,VTR,VTRS,VZ,WAT,WDC,WEC,WELL,WFC,WM,WMB,WMT,WTW,WY,WYNN,XEL,XOM,XYL,YUM,ZBH,ZTS"
2017-03-31,"A,AAPL,ABBV,ABT,ACN,ADBE,ADI,ADM,ADP,ADSK,AEE,AEP,AES,AFL,AIG,AIZ,AJG,AKAM,ALB,ALL,ALLE,AMAT,AMD,AME,AMGN,AMP,AMT,AMZN,AON,APA,APD,APH,APTV,ARE,AVB,AVGO,AVY,AWK,AXP,AZO,BA,BAC,BALL,BAX,BBY,BDX,BEN,BF-B,BIIB,BK,BKNG,BLK,BMY,BRK-B,BSX,BXP,C,CAG,CAH,CAT,CB,CBOE,CBRE,CCI,CCL,CF,CFG,CHD,CHRW,CHTR,CI,CINF,CL,CLX,CMCSA,CME,CMG,CMI,CMS,CNC,CNP,COF,COO,COP,COR,COST,CPAY,CPB,CRH,CRM,CSCO,CSX,CTAS,CTRA,CTSH,CVS,CVX,D,DAL,DE,DG,DGX,DHI,DHR,DIS,DLR,DLTR,DOC,DOV,DRI,DTE,DUK,DVA,DVN,EA,EBAY,ECL,ED,EFX,EG,EIX,EL,ELV,EMR,EOG,EQIX,EQR,ES,ESS,ETN,ETR,EW,EXC,EXPD,EXPE,EXR,F,FAST,FCX,FDX,FE,FFIV,FIS,FISV,FITB,FRT,FTV,GD,GE,GEN,GILD,GIS,GL,GLW,GM,GOOG,GOOGL,GPC,GPN,GRMN,GS,GWW,HAL,HAS,HBAN,HCA,HD,HIG,HOLX,HON,HPE,HPQ,HRL,HSIC,HST,HSY,HUM,IBM,ICE,IDXX,IFF,INCY,INTC,INTU,IP,IQV,IRM,ISRG,IT,ITW,IVZ,J,JBHT,JCI,JNJ,JPM,KEY,KHC,KIM,KKR,KLAC,KMB,KMI,KO,KR,L,LEN,LH,LHX,LIN,LLY,LMT,LNT,LOW,LRCX,LUV,LYB,MA,MAA,MAR,MAS,MCD,MCHP,MCK,MCO,MDLZ,MDT,MET,META,MKC,MLM,MMM,MNST,MO,MOS,MPC,MRK,MRSH,MS,MSCI,MSFT,MSI,MTB,MTD,MU,NDAQ,NEE,NEM,NFLX,NI,NKE,NOC,NRG,NSC,NTAP,NTRS,NUE,NVDA,NVR,NWS,NWSA,NXP,O,OKE,OMC,ORCL,ORLY,OXY,PAYX,PCAR,PEG,PEP,PFE,PFG,PG,PGR,PH,PHM,PLD,PM,PNC,PNR,PNW,PPG,PPL,PRU,PSA,PSKY,PSX,PTC,PWR,PYPL,QCOM,RCL,REG,REGN,RF,RJF,RL,ROK,ROP,ROST,RSG,RTX,RVTY,SBUX,SCHW,SHW,SJM,SLB,SNA,SNPS,SO,SPG,SPGI,SRE,STT,STX,STZ,SW,SWK,SWKS,SYF,SYK,SYY,T,TAP,TDG,TEL,TFC,TGT,TJX,TMO,TPR,TROW,TRV,TSCO,TSN,TT,TXN,TXT,UAL,UDR,UHS,ULTA,UNH,UNP,UPS,URI,USB,V,VLO,VMC,VRSK,VRSN,VRTX,VTR,VTRS,VZ,WAT,WDC,WEC,WELL,WFC,WM,WMB,WMT,WTW,WY,WYNN,XEL,XOM,XYL,YUM,ZBH,ZTS"
2017-04-30,"A,AAPL,ABBV,ABT,ACN,ADBE,ADI,ADM,ADP,ADSK,AEE,AEP,AES,AFL,AIG,AIZ,AJG,AKAM,ALB,ALL,ALLE,AMAT,AMD,AME,AMGN,AMP,AMT,AMZN,AON,APA,APD,APH,APTV,ARE,AVB,AVGO,AVY,AWK,AXP,AZO,BA,BAC,BALL,BAX,BBY,BDX,BEN,BF-B,BIIB,BK,BKNG,BLK,BMY,BRK-B,BSX,BXP,C,CAG,CAH,CAT,CB,CBOE,CBRE,CCI,CCL,CF,CFG,CHD,CHRW,CHTR,CI,CINF,CL,CLX,CMCSA,CME,CMG,CMI,CMS,CNC,CNP,COF,COO,COP,COR,COST,CPAY,CPB,CRH,CRM,CSCO,CSX,CTAS,CTRA,CTSH,CVS,CVX,D,DAL,DE,DG,DGX,DHI,DHR,DIS,DLR,DLTR,DOC,DOV,DRI,DTE,DUK,DVA,DVN,EA,EBAY,ECL,ED,EFX,EG,EIX,EL,ELV,EMR,EOG,EQIX,EQR,ES,ESS,ETN,ETR,EW,EXC,EXPD,EXPE,EXR,F,FAST,FCX,FDX,FE,FFIV,FIS,FISV,FITB,FRT,FTV,GD,GE,GEN,GILD,GIS,GL,GLW,GM,GOOG,GOOGL,GPC,GPN,GRMN,GS,GWW,HAL,HAS,HBAN,HCA,HD,HIG,HOLX,HON,HPE,HPQ,HRL,HSIC,HST,HSY,HUM,IBM,ICE,IDXX,IFF,INCY,INTC,INTU,IP,IQV,IRM,ISRG,IT,ITW,IVZ,J,JBHT,JCI,JNJ,JPM,KEY,KHC,KIM,KKR,KLAC,KMB,KMI,KO,KR,L,LEN,LH,LHX,LIN,LLY,LMT,LNT,LOW,LRCX,LUV,LYB,MA,MAA,MAR,MAS,MCD,MCHP,MCK,MCO,MDLZ,MDT,MET,META,MKC,MLM,MMM,MNST,MO,MOS,MPC,MRK,MRSH,MS,MSCI,MSFT,MSI,MTB,MTD,MU,NDAQ,NEE,NEM,NFLX,NI,NKE,NOC,NRG,NSC,NTAP,NTRS,NUE,NVDA,NVR,NWS,NWSA,NXP,O,OKE,OMC,ORCL,ORLY,OXY,PAYX,PCAR,PEG,PEP,PFE,PFG,PG,PGR,PH,PHM,PLD,PM,PNC,PNR,PNW,PPG,PPL,PRU,PSA,PSKY,PSX,PTC,PWR,PYPL,QCOM,RCL,REG,REGN,RF,RJF,RL,ROK,ROP,ROST,RSG,RTX,RVTY,SBUX,SCHW,SHW,SJM,SLB,SNA,SNPS,SO,SPG,SPGI,SRE,STT,STX,STZ,SW,SWK,SWKS,SYF,SYK,SYY,T,TAP,TDG,TEL,TFC,TGT,TJX,TMO,TPR,TROW,TRV,TSCO,TSN,TT,TXN,TXT,UAL,UDR,UHS,ULTA,UNH,UNP,UPS,URI,USB,V,VLO,VMC,VRSK,VRSN,VRTX,VTR,VTRS,VZ,WAT,WDC,WEC,WELL,WFC,WM,WMB,WMT,WTW,WY,WYNN,XEL,XOM,XYL,YUM,ZBH,ZTS"
2017-05-31,"A,AAPL,ABBV,ABT,ACN,ADBE,ADI,ADM,ADP,ADSK,AEE,AEP,AES,AFL,AIG,AIZ,AJG,AKAM,ALB,ALGN,ALL,ALLE,AMAT,AMD,AME,AMGN,AMP,AMT,AMZN,AON,APA,APD,APH,APTV,ARE,AVB,AVGO,AVY,AWK,AXP,AZO,BA,BAC,BALL,BAX,BBY,BDX,BEN,BF-B,BIIB,BK,BKNG,BLK,BMY,BRK-B,BSX,BXP,C,CAG,CAH,CAT,CB,CBOE,CBRE,CCI,CCL,CF,CFG,CHD,CHRW,CHTR,CI,CINF,CL,CLX,CMCSA,CME,CMG,CMI,CMS,CNC,CNP,COF,COO,COP,COR,COST,CPAY,CPB,CRH,CRM,CSCO,CSX,CTAS,CTRA,CTSH,CVS,CVX,D,DAL,DE,DG,DGX,DHI,DHR,DIS,DLR,DLTR,DOC,DOV,DRI,DTE,DUK,DVA,DVN,EA,EBAY,ECL,ED,EFX,EG,EIX,EL,ELV,EMR,EOG,EQIX,EQR,ES,ESS,ETN,ETR,EW,EXC,EXPD,EXPE,EXR,F,FAST,FCX,FDX,FE,FFIV,FIS,FISV,FITB,FRT,FTV,GD,GE,GEN,GILD,GIS,GL,GLW,GM,GOOG,GOOGL,GPC,GPN,GRMN,GS,GWW,HAL,HAS,HBAN,HCA,HD,HIG,HLT,HOLX,HON,HPE,HPQ,HRL,HSIC,HST,HSY,HUM,IBM,ICE,IDXX,IFF,INCY,INTC,INTU,IP,IQV,IRM,ISRG,IT,ITW,IVZ,J,JBHT,JCI,JNJ,JPM,KEY,KHC,KIM,KKR,KLAC,KMB,KMI,KO,KR,L,LEN,LH,LHX,LIN,LLY,LMT,LNT,LOW,LRCX,LUV,LYB,MA,MAA,MAR,MAS,MCD,MCHP,MCK,MCO,MDLZ,MDT,MET,META,MKC,MLM,MMM,MNST,MO,MOS,MPC,MRK,MRSH,MS,MSCI,MSFT,MSI,MTB,MTD,MU,NDAQ,NEE,NEM,NFLX,NI,NKE,NOC,NRG,NSC,NTAP,NTRS,NUE,NVDA,NVR,NWS,NWSA,NXP,O,OKE,OMC,ORCL,ORLY,OXY,PAYX,PCAR,PEG,PEP,PFE,PFG,PG,PGR,PH,PHM,PLD,PM,PNC,PNR,PNW,PPG,PPL,PRU,PSA,PSKY,PSX,PTC,PWR,PYPL,QCOM,RCL,REG,REGN,RF,RJF,RL,ROK,ROP,ROST,RSG,RTX,RVTY,SBUX,SCHW,SHW,SJM,SLB,SNA,SNPS,SO,SPG,SPGI,SRE,STT,STX,STZ,SW,SWK,SWKS,SYF,SYK,SYY,T,TAP,TDG,TEL,TFC,TGT,TJX,TMO,TPR,TROW,TRV,TSCO,TSN,TT,TXN,TXT,UAL,UDR,UHS,ULTA,UNH,UNP,UPS,URI,USB,V,VLO,VMC,VRSK,VRSN,VRTX,VTR,VTRS,VZ,WAT,WDC,WEC,WELL,WFC,WM,WMB,WMT,WTW,WY,WYNN,XEL,XOM,XYL,YUM,ZBH,ZTS"
2017-06-30,"A,AAPL,ABBV,ABT,ACN,ADBE,ADI,ADM,ADP,ADSK,AEE,AEP,AES,AFL,AIG,AIZ,AJG,AKAM,ALB,ALGN,ALL,ALLE,AMAT,AMD,AME,AMGN,AMP,AMT,AMZN,AON,AOS,APA,APD,APH,APTV,ARE,AVB,AVGO,AVY,AWK,AXP,AZO,BA,BAC,BALL,BAX,BBY,BDX,BEN,BF-B,BIIB,BK,BKNG,BKR,BLK,BMY,BRK-B,BSX,BXP,C,CAG,CAH,CAT,CB,CBOE,CBRE,CCI,CCL,CF,CFG,CHD,CHRW,CHTR,CI,CINF,CL,CLX,CMCSA,CME,CMG,CMI,CMS,CNC,CNP,COF,COO,COP,COR,COST,CPAY,CPB,CRH,CRM,CSCO,CSX,CTAS,CTRA,CTSH,CVS,CVX,D,DAL,DE,DG,DGX,DHI,DHR,DIS,DLR,DLTR,DOC,DOV,DRI,DTE,DUK,DVA,DVN,EA,EBAY,ECL,ED,EFX,EG,EIX,EL,ELV,EMR,EOG,EQIX,EQR,ES,ESS,ETN,ETR,EW,EXC,EXPD,EXPE,EXR,F,FAST,FCX,FDX,FE,FFIV,FIS,FISV,FITB,FRT,FTV,GD,GE,GEN,GILD,GIS,GL,GLW,GM,GOOG,GOOGL,GPC,GPN,GRMN,GS,GWW,HAL,HAS,HBAN,HCA,HD,HIG,HLT,HOLX,HON,HPE,HPQ,HRL,HSIC,HST,HSY,HUM,IBM,ICE,IDXX,IFF,INCY,INTC,INTU,IP,IQV,IRM,ISRG,IT,ITW,IVZ,J,JBHT,JCI,JNJ,JPM,KEY,KHC,KIM,KKR,KLAC,KMB,KMI,KO,KR,L,LEN,LH,LHX,LIN,LLY,LMT,LNT,LOW,LRCX,LUV,LYB,MA,MAA,MAR,MAS,MCD,MCHP,MCK,MCO,MDLZ,MDT,MET,META,MGM,MKC,MLM,MMM,MNST,MO,MOS,MPC,MRK,MRSH,MS,MSCI,MSFT,MSI,MTB,MTD,MU,NDAQ,NEE,NEM,NFLX,NI,NKE,NOC,NRG,NSC,NTAP,NTRS,NUE,NVDA,NVR,NWS,NWSA,NXP,O,OKE,OMC,ORCL,ORLY,OXY,PAYX,PCAR,PEG,PEP,PFE,PFG,PG,PGR,PH,PHM,PKG,PLD,PM,PNC,PNR,PNW,PPG,PPL,PRU,PSA,PSKY,PSX,PTC,PWR,PYPL,QCOM,RCL,REG,REGN,RF,RJF,RL,RMD,ROK,ROP,ROST,RSG,RTX,RVTY,SBUX,SCHW,SHW,SJM,SLB,SNA,SNPS,SO,SPG,SPGI,SRE,STT,STX,STZ,SW,SWK,SWKS,SYF,SYK,SYY,T,TAP,TDG,TEL,TFC,TGT,TJX,TMO,TPR,TROW,TRV,TSCO,TSN,TT,TXN,TXT,UAL,UDR,UHS,ULTA,UNH,UNP,UPS,URI,USB,V,VLO,VMC,VRSK,VRSN,VRTX,VTR,VTRS,VZ,WAT,WDC,WEC,WELL,WFC,WM,WMB,WMT,WTW,WY,WYNN,XEL,XOM,XYL,YUM,ZBH,ZTS"
2017-07-31,"A,AAPL,ABBV,ABT,ACN,ADBE,ADI,ADM,ADP,ADSK,AEE,AEP,AES,AFL,AIG,AIZ,AJG,AKAM,ALB,ALGN,ALL,ALLE,AMAT,AMD,AME,AMGN,AMP,AMT,AMZN,AON,AOS,APA,APD,APH,APTV,ARE,AVB,AVGO,AVY,AWK,AXP,AZO,BA,BAC,BALL,BAX,BBY,BDX,BEN,BF-B,BIIB,BK,BKNG,BKR,BLK,BMY,BRK-B,BSX,BXP,C,CAG,CAH,CAT,CB,CBOE,CBRE,CCI,CCL,CF,CFG,CHD,CHRW,CHTR,CI,CINF,CL,CLX,CMCSA,CME,CMG,CMI,CMS,CNC,CNP,COF,COO,COP,COR,COST,CPAY,CPB,CRH,CRM,CSCO,CSX,CTAS,CTRA,CTSH,CVS,CVX,D,DAL,DE,DG,DGX,DHI,DHR,DIS,DLR,DLTR,DOC,DOV,DRI,DTE,DUK,DVA,DVN,EA,EBAY,ECL,ED,EFX,EG,EIX,EL,ELV,EMR,EOG,EQIX,EQR,ES,ESS,ETN,ETR,EW,EXC,EXPD,EXPE,EXR,F,FAST,FCX,FDX,FE,FFIV,FIS,FISV,FITB,FRT,FTV,GD,GE,GEN,GILD,GIS,GL,GLW,GM,GOOG,GOOGL,GPC,GPN,GRMN,GS,GWW,HAL,HAS,HBAN,HCA,HD,HIG,HLT,HOLX,HON,HPE,HPQ,HRL,HSIC,HST,HSY,HUM,IBM,ICE,IDXX,IFF,INCY,INTC,INTU,IP,IQV,IRM,ISRG,IT,ITW,IVZ,J,JBHT,JCI,JNJ,JPM,KEY,KHC,KIM,KKR,KLAC,KMB,KMI,KO,KR,L,LEN,LH,LHX,LIN,LLY,LMT,LNT,LOW,LRCX,LUV,LYB,MA,MAA,MAR,MAS,MCD,MCHP,MCK,MCO,MDLZ,MDT,MET,META,MGM,MKC,MLM,MMM,MNST,MO,MOS,MPC,MRK,MRSH,MS,MSCI,MSFT,MSI,MTB,MTD,MU,NDAQ,NEE,NEM,NFLX,NI,NKE,NOC,NRG,NSC,NTAP,NTRS,NUE,NVDA,NVR,NWS,NWSA,NXP,O,OKE,OMC,ORCL,ORLY,OXY,PAYX,PCAR,PEG,PEP,PFE,PFG,PG,PGR,PH,PHM,PKG,PLD,PM,PNC,PNR,PNW,PPG,PPL,PRU,PSA,PSKY,PSX,PTC,PWR,PYPL,QCOM,RCL,REG,REGN,RF,RJF,RL,RMD,ROK,ROP,ROST,RSG,RTX,RVTY,SBUX,SCHW,SHW,SJM,SLB,SNA,SNPS,SO,SPG,SPGI,SRE,STT,STX,STZ,SW,SWK,SWKS,SYF,SYK,SYY,T,TAP,TDG,TEL,TFC,TGT,TJX,TMO,TPR,TROW,TRV,TSCO,TSN,TT,TXN,TXT,UAL,UDR,UHS,ULTA,UNH,UNP,UPS,URI,USB,V,VLO,VMC,VRSK,VRSN,VRTX,VTR,VTRS,VZ,WAT,WDC,WEC,WELL,WFC,WM,WMB,WMT,WTW,WY,WYNN,XEL,XOM,XYL,YUM,ZBH,ZTS"
2017-08-31,"A,AAPL,ABBV,ABT,ACN,ADBE,ADI,ADM,ADP,ADSK,AEE,AEP,AES,AFL,AIG,AIZ,AJG,AKAM,ALB,ALGN,ALL,ALLE,AMAT,AMD,AME,AMGN,AMP,AMT,AMZN,AON,AOS,APA,APD,APH,APTV,ARE,AVB,AVGO,AVY,AWK,AXP,AZO,BA,BAC,BALL,BAX,BBY,BDX,BEN,BF-B,BIIB,BK,BKNG,BKR,BLK,BMY,BRK-B,BSX,BXP,C,CAG,CAH,CAT,CB,CBOE,CBRE,CCI,CCL,CDNS,CF,CFG,CHD,CHRW,CHTR,CI,CINF,CL,CLX,CMCSA,CME,CMG,CMI,CMS,CNC,CNP,COF,COO,COP,COR,COST,CPAY,CPB,CRH,CRM,CSCO,CSX,CTAS,CTRA,CTSH,CVS,CVX,D,DAL,DE,DG,DGX,DHI,DHR,DIS,DLR,DLTR,DOC,DOV,DRI,DTE,DUK,DVA,DVN,EA,EBAY,ECL,ED,EFX,EG,EIX,EL,ELV,EMR,EOG,EQIX,EQR,ES,ESS,ETN,ETR,EW,EXC,EXPD,EXPE,EXR,F,FAST,FCX,FDX,FE,FFIV,FIS,FISV,FITB,FRT,FTV,GD,GE,GEN,GILD,GIS,GL,GLW,GM,GOOG,GOOGL,GPC,GPN,GRMN,GS,GWW,HAL,HAS,HBAN,HCA,HD,HIG,HLT,HOLX,HON,HPE,HPQ,HRL,HSIC,HST,HSY,HUM,IBM,ICE,IDXX,IFF,INCY,INTC,INTU,IP,IQV,IRM,ISRG,IT,ITW,IVZ,J,JBHT,JCI,JNJ,JPM,KEY,KHC,KIM,KKR,KLAC,KMB,KMI,KO,KR,L,LEN,LH,LHX,LIN,LLY,LMT,LNT,LOW,LRCX,LUV,LYB,MA,MAA,MAR,MAS,MCD,MCHP,MCK,MCO,MDLZ,MDT,MET,META,MGM,MKC,MLM,MMM,MNST,MO,MOS,MPC,MRK,MRSH,MS,MSCI,MSFT,MSI,MTB,MTD,MU,NDAQ,NEE,NEM,NFLX,NI,NKE,NOC,NRG,NSC,NTAP,NTRS,NUE,NVDA,NVR,NWS,NWSA,NXP,O,OKE,OMC,ORCL,ORLY,OXY,PAYX,PCAR,PEG,PEP,PFE,PFG,PG,PGR,PH,PHM,PKG,PLD,PM,PNC,PNR,PNW,PPG,PPL,PRU,PSA,PSKY,PSX,PTC,PWR,PYPL,QCOM,RCL,REG,REGN,RF,RJF,RL,RMD,ROK,ROP,ROST,RSG,RTX,RVTY,SBAC,SBUX,SCHW,SHW,SJM,SLB,SNA,SNPS,SO,SPG,SPGI,SRE,STT,STX,STZ,SW,SWK,SWKS,SYF,SYK,SYY,T,TAP,TDG,TEL,TFC,TGT,TJX,TMO,TPR,TROW,TRV,TSCO,TSN,TT,TXN,TXT,UAL,UDR,UHS,ULTA,UNH,UNP,UPS,URI,USB,V,VLO,VMC,VRSK,VRSN,VRTX,VTR,VTRS,VZ,WAT,WDC,WEC,WELL,WFC,WM,WMB,WMT,WTW,WY,WYNN,XEL,XOM,XYL,YUM,ZBH,ZTS"
2017-09-30,"A,AAPL,ABBV,ABT,ACN,ADBE,ADI,ADM,ADP,ADSK,AEE,AEP,AES,AFL,AIG,AIZ,AJG,AKAM,ALB,ALGN,ALL,ALLE,AMAT,AMD,AME,AMGN,AMP,AMT,AMZN,AON,AOS,APA,APD,APH,APTV,ARE,AVB,AVGO,AVY,AWK,AXP,AZO,BA,BAC,BALL,BAX,BBY,BDX,BEN,BF-B,BIIB,BK,BKNG,BKR,BLK,BMY,BRK-B,BSX,BXP,C,CAG,CAH,CAT,CB,CBOE,CBRE,CCI,CCL,CDNS,CF,CFG,CHD,CHRW,CHTR,CI,CINF,CL,CLX,CMCSA,CME,CMG,CMI,CMS,CNC,CNP,COF,COO,COP,COR,COST,CPAY,CPB,CRH,CRM,CSCO,CSX,CTAS,CTRA,CTSH,CVS,CVX,D,DAL,DE,DG,DGX,DHI,DHR,DIS,DLR,DLTR,DOC,DOV,DRI,DTE,DUK,DVA,DVN,EA,EBAY,ECL,ED,EFX,EG,EIX,EL,ELV,EMR,EOG,EQIX,EQR,ES,ESS,ETN,ETR,EW,EXC,EXPD,EXPE,EXR,F,FAST,FCX,FDX,FE,FFIV,FIS,FISV,FITB,FRT,FTV,GD,GE,GEN,GILD,GIS,GL,GLW,GM,GOOG,GOOGL,GPC,GPN,GRMN,GS,GWW,HAL,HAS,HBAN,HCA,HD,HIG,HLT,HOLX,HON,HPE,HPQ,HRL,HSIC,HST,HSY,HUM,IBM,ICE,IDXX,IFF,INCY,INTC,INTU,IP,IQV,IRM,ISRG,IT,ITW,IVZ,J,JBHT,JCI,JNJ,JPM,KEY,KHC,KIM,KKR,KLAC,KMB,KMI,KO,KR,L,LEN,LH,LHX,LIN,LLY,LMT,LNT,LOW,LRCX,LUV,LYB,MA,MAA,MAR,MAS,MCD,MCHP,MCK,MCO,MDLZ,MDT,MET,META,MGM,MKC,MLM,MMM,MNST,MO,MOS,MPC,MRK,MRSH,MS,MSCI,MSFT,MSI,MTB,MTD,MU,NCLH,NDAQ,NEE,NEM,NFLX,NI,NKE,NOC,NRG,NSC,NTAP,NTRS,NUE,NVDA,NVR,NWS,NWSA,NXP,O,OKE,OMC,ORCL,ORLY,OXY,PAYX,PCAR,PEG,PEP,PFE,PFG,PG,PGR,PH,PHM,PKG,PLD,PM,PNC,PNR,PNW,PPG,PPL,PRU,PSA,PSKY,PSX,PTC,PWR,PYPL,QCOM,RCL,REG,REGN,RF,RJF,RL,RMD,ROK,ROP,ROST,RSG,RTX,RVTY,SBAC,SBUX,SCHW,SHW,SJM,SLB,SNA,SNPS,SO,SPG,SPGI,SRE,STT,STX,STZ,SW,SWK,SWKS,SYF,SYK,SYY,T,TAP,TDG,TEL,TFC,TGT,TJX,TMO,TPR,TROW,TRV,TSCO,TSN,TT,TXN,TXT,UAL,UDR,UHS,ULTA,UNH,UNP,UPS,URI,USB,V,VLO,VMC,VRSK,VRSN,VRTX,VTR,VTRS,VZ,WAT,WDC,WEC,WELL,WFC,WM,WMB,WMT,WTW,WY,WYNN,XEL,XOM,XYL,YUM,ZBH,ZTS"
2017-10-31,"A,AAPL,ABBV,ABT,ACN,ADBE,ADI,ADM,ADP,ADSK,AEE,AEP,AES,AFL,AIG,AIZ,AJG,AKAM,ALB,ALGN,ALL,ALLE,AMAT,AMD,AME,AMGN,AMP,AMT,AMZN,AON,AOS,APA,APD,APH,APTV,ARE,AVB,AVGO,AVY,AWK,AXP,AZO,BA,BAC,BALL,BAX,BBY,BDX,BEN,BF-B,BIIB,BK,BKNG,BKR,BLK,BMY,BRK-B,BSX,BXP,C,CAG,CAH,CAT,CB,CBOE,CBRE,CCI,CCL,CDNS,CF,CFG,CHD,CHRW,CHTR,CI,CINF,CL,CLX,CMCSA,CME,CMG,CMI,CMS,CNC,CNP,COF,COO,COP,COR,COST,CPAY,CPB,CRH,CRM,CSCO,CSX,CTAS,CTRA,CTSH,CVS,CVX,D,DAL,DE,DG,DGX,DHI,DHR,DIS,DLR,DLTR,DOC,DOV,DRI,DTE,DUK,DVA,DVN,EA,EBAY,ECL,ED,EFX,EG,EIX,EL,ELV,EMR,EOG,EQIX,EQR,ES,ESS,ETN,ETR,EW,EXC,EXPD,EXPE,EXR,F,FAST,FCX,FDX,FE,FFIV,FIS,FISV,FITB,FRT,FTV,GD,GE,GEN,GILD,GIS,GL,GLW,GM,GOOG,GOOGL,GPC,GPN,GRMN,GS,GWW,HAL,HAS,HBAN,HCA,HD,HIG,HLT,HOLX,HON,HPE,HPQ,HRL,HSIC,HST,HSY,HUM,IBM,ICE,IDXX,IFF,INCY,INTC,INTU,IP,IQV,IRM,ISRG,IT,ITW,IVZ,J,JBHT,JCI,JNJ,JPM,KEY,KHC,KIM,KKR,KLAC,KMB,KMI,KO,KR,L,LEN,LH,LHX,LIN,LLY,LMT,LNT,LOW,LRCX,LUV,LYB,MA,MAA,MAR,MAS,MCD,MCHP,MCK,MCO,MDLZ,MDT,MET,META,MGM,MKC,MLM,MMM,MNST,MO,MOS,MPC,MRK,MRSH,MS,MSCI,MSFT,MSI,MTB,MTD,MU,NCLH,NDAQ,NEE,NEM,NFLX,NI,NKE,NOC,NRG,NSC,NTAP,NTRS,NUE,NVDA,NVR,NWS,NWSA,NXP,O,OKE,OMC,ORCL,ORLY,OXY,PAYX,PCAR,PEG,PEP,PFE,PFG,PG,PGR,PH,PHM,PKG,PLD,PM,PNC,PNR,PNW,PPG,PPL,PRU,PSA,PSKY,PSX,PTC,PWR,PYPL,QCOM,RCL,REG,REGN,RF,RJF,RL,RMD,ROK,ROP,ROST,RSG,RTX,RVTY,SBAC,SBUX,SCHW,SHW,SJM,SLB,SNA,SNPS,SO,SPG,SPGI,SRE,STT,STX,STZ,SW,SWK,SWKS,SYF,SYK,SYY,T,TAP,TDG,TEL,TFC,TGT,TJX,TMO,TPR,TROW,TRV,TSCO,TSN,TT,TXN,TXT,UAL,UDR,UHS,ULTA,UNH,UNP,UPS,URI,USB,V,VLO,VMC,VRSK,VRSN,VRTX,VTR,VTRS,VZ,WAT,WDC,WEC,WELL,WFC,WM,WMB,WMT,WTW,WY,WYNN,XEL,XOM,XYL,YUM,ZBH,ZTS"
2017-11-30,"A,AAPL,ABBV,ABT,ACN,ADBE,ADI,ADM,ADP,ADSK,AEE,AEP,AES,AFL,AIG,AIZ,AJG,AKAM,ALB,ALGN,ALL,ALLE,AMAT,AMD,AME,AMGN,AMP,AMT,AMZN,AON,AOS,APA,APD,APH,APTV,ARE,AVB,AVGO,AVY,AWK,AXP,AZO,BA,BAC,BALL,BAX,BBY,BDX,BEN,BF-B,BIIB,BK,BKNG,BKR,BLK,BMY,BRK-B,BSX,BXP,C,CAG,CAH,CAT,CB,CBOE,CBRE,CCI,CCL,CDNS,CF,CFG,CHD,CHRW,CHTR,CI,CINF,CL,CLX,CMCSA,CME,CMG,CMI,CMS,CNC,CNP,COF,COO,COP,COR,COST,CPAY,CPB,CRH,CRM,CSCO,CSX,CTAS,CTRA,CTSH,CVS,CVX,D,DAL,DE,DG,DGX,DHI,DHR,DIS,DLR,DLTR,DOC,DOV,DRI,DTE,DUK,DVA,DVN,EA,EBAY,ECL,ED,EFX,EG,EIX,EL,ELV,EMR,EOG,EQIX,EQR,ES,ESS,ETN,ETR,EW,EXC,EXPD,EXPE,EXR,F,FAST,FCX,FDX,FE,FFIV,FIS,FISV,FITB,FRT,FTV,GD,GE,GEN,GILD,GIS,GL,GLW,GM,GOOG,GOOGL,GPC,GPN,GRMN,GS,GWW,HAL,HAS,HBAN,HCA,HD,HIG,HLT,HOLX,HON,HPE,HPQ,HRL,HSIC,HST,HSY,HUM,IBM,ICE,IDXX,IFF,INCY,INTC,INTU,IP,IQV,IRM,ISRG,IT,ITW,IVZ,J,JBHT,JCI,JNJ,JPM,KEY,KHC,KIM,KKR,KLAC,KMB,KMI,KO,KR,L,LEN,LH,LHX,LIN,LLY,LMT,LNT,LOW,LRCX,LUV,LYB,MA,MAA,MAR,MAS,MCD,MCHP,MCK,MCO,MDLZ,MDT,MET,META,MGM,MKC,MLM,MMM,MNST,MO,MOS,MPC,MRK,MRSH,MS,MSCI,MSFT,MSI,MTB,MTD,MU,NCLH,NDAQ,NEE,NEM,NFLX,NI,NKE,NOC,NRG,NSC,NTAP,NTRS,NUE,NVDA,NVR,NWS,NWSA,NXP,O,OKE,OMC,ORCL,ORLY,OXY,PAYX,PCAR,PEG,PEP,PFE,PFG,PG,PGR,PH,PHM,PKG,PLD,PM,PNC,PNR,PNW,PPG,PPL,PRU,PSA,PSKY,PSX,PTC,PWR,PYPL,QCOM,RCL,REG,REGN,RF,RJF,RL,RMD,ROK,ROP,ROST,RSG,RTX,RVTY,SBAC,SBUX,SCHW,SHW,SJM,SLB,SNA,SNPS,SO,SPG,SPGI,SRE,STT,STX,STZ,SW,SWK,SWKS,SYF,SYK,SYY,T,TAP,TDG,TEL,TFC,TGT,TJX,TMO,TPR,TROW,TRV,TSCO,TSN,TT,TXN,TXT,UAL,UDR,UHS,ULTA,UNH,UNP,UPS,URI,USB,V,VLO,VMC,VRSK,VRSN,VRTX,VTR,VTRS,VZ,WAT,WDC,WEC,WELL,WFC,WM,WMB,WMT,WTW,WY,WYNN,XEL,XOM,XYL,YUM,ZBH,ZTS"
2017-12-31,"A,AAPL,ABBV,ABT,ACN,ADBE,ADI,ADM,ADP,ADSK,AEE,AEP,AES,AFL,AIG,AIZ,AJG,AKAM,ALB,ALGN,ALL,ALLE,AMAT,AMD,AME,AMGN,AMP,AMT,AMZN,AON,AOS,APA,APD,APH,APTV,ARE,AVB,AVGO,AVY,AWK,AXP,AZO,BA,BAC,BALL,BAX,BBY,BDX,BEN,BF-B,BIIB,BK,BKNG,BKR,BLK,BMY,BRK-B,BSX,BXP,C,CAG,CAH,CAT,CB,CBOE,CBRE,CCI,CCL,CDNS,CF,CFG,CHD,CHRW,CHTR,CI,CINF,CL,CLX,CMCSA,CME,CMG,CMI,CMS,CNC,CNP,COF,COO,COP,COR,COST,CPAY,CPB,CRH,CRM,CSCO,CSX,CTAS,CTRA,CTSH,CVS,CVX,D,DAL,DE,DG,DGX,DHI,DHR,DIS,DLR,DLTR,DOC,DOV,DRI,DTE,DUK,DVA,DVN,EA,EBAY,ECL,ED,EFX,EG,EIX,EL,ELV,EMR,EOG,EQIX,EQR,ES,ESS,ETN,ETR,EW,EXC,EXPD,EXPE,EXR,F,FAST,FCX,FDX,FE,FFIV,FIS,FISV,FITB,FRT,FTV,GD,GE,GEN,GILD,GIS,GL,GLW,GM,GOOG,GOOGL,GPC,GPN,GRMN,GS,GWW,HAL,HAS,HBAN,HCA,HD,HIG,HII,HLT,HOLX,HON,HPE,HPQ,HRL,HSIC,HST,HSY,HUM,IBM,ICE,IDXX,IFF,INCY,INTC,INTU,IP,IQV,IRM,ISRG,IT,ITW,IVZ,J,JBHT,JCI,JNJ,JPM,KEY,KHC,KIM,KKR,KLAC,KMB,KMI,KO,KR,L,LEN,LH,LHX,LIN,LLY,LMT,LNT,LOW,LRCX,LUV,LYB,MA,MAA,MAR,MAS,MCD,MCHP,MCK,MCO,MDLZ,MDT,MET,META,MGM,MKC,MLM,MMM,MNST,MO,MOS,MPC,MRK,MRSH,MS,MSCI,MSFT,MSI,MTB,MTD,MU,NCLH,NDAQ,NEE,NEM,NFLX,NI,NKE,NOC,NRG,NSC,NTAP,NTRS,NUE,NVDA,NVR,NWS,NWSA,NXP,O,OKE,OMC,ORCL,ORLY,OXY,PAYX,PCAR,PEG,PEP,PFE,PFG,PG,PGR,PH,PHM,PKG,PLD,PM,PNC,PNR,PNW,PPG,PPL,PRU,PSA,PSKY,PSX,PTC,PWR,PYPL,QCOM,RCL,REG,REGN,RF,RJF,RL,RMD,ROK,ROP,ROST,RSG,RTX,RVTY,SBAC,SBUX,SCHW,SHW,SJM,SLB,SNA,SNPS,SO,SPG,SPGI,SRE,STT,STX,STZ,SW,SWK,SWKS,SYF,SYK,SYY,T,TAP,TDG,TEL,TFC,TGT,TJX,TMO,TPR,TROW,TRV,TSCO,TSN,TT,TXN,TXT,UAL,UDR,UHS,ULTA,UNH,UNP,UPS,URI,USB,V,VLO,VMC,VRSK,VRSN,VRTX,VTR,VTRS,VZ,WAT,WDC,WEC,WELL,WFC,WM,WMB,WMT,WTW,WY,WYNN,XEL,XOM,XYL,YUM,ZBH,ZTS"
2018-01-31,"A,AAPL,ABBV,ABT,ACN,ADBE,ADI,ADM,ADP,ADSK,AEE,AEP,AES,AFL,AIG,AIZ,AJG,AKAM,ALB,ALGN,ALL,ALLE,AMAT,AMD,AME,AMGN,AMP,AMT,AMZN,AON,AOS,APA,APD,APH,APTV,ARE,AVB,AVGO,AVY,AWK,AXP,AZO,BA,BAC,BALL,BAX,BBY,BDX,BEN,BF-B,BIIB,BK,BKNG,BKR,BLK,BMY,BRK-B,BSX,BXP,C,CAG,CAH,CAT,CB,CBOE,CBRE,CCI,CCL,CDNS,CF,CFG,CHD,CHRW,CHTR,CI,CINF,CL,CLX,CMCSA,CME,CMG,CMI,CMS,CNC,CNP,COF,COO,COP,COR,COST,CPAY,CPB,CRH,CRM,CSCO,CSX,CTAS,CTRA,CTSH,CVS,CVX,D,DAL,DE,DG,DGX,DHI,DHR,DIS,DLR,DLTR,DOC,DOV,DRI,DTE,DUK,DVA,DVN,EA,EBAY,ECL,ED,EFX,EG,EIX,EL,ELV,EMR,EOG,EQIX,EQR,ES,ESS,ETN,ETR,EW,EXC,EXPD,EXPE,EXR,F,FAST,FCX,FDX,FE,FFIV,FIS,FISV,FITB,FRT,FTV,GD,GE,GEN,GILD,GIS,GL,GLW,GM,GOOG,GOOGL,GPC,GPN,GRMN,GS,GWW,HAL,HAS,HBAN,HCA,HD,HIG,HII,HLT,HOLX,HON,HPE,HPQ,HRL,HSIC,HST,HSY,HUM,IBM,ICE,IDXX,IFF,INCY,INTC,INTU,IP,IQV,IRM,ISRG,IT,ITW,IVZ,J,JBHT,JCI,JNJ,JPM,KEY,KHC,KIM,KKR,KLAC,KMB,KMI,KO,KR,L,LEN,LH,LHX,LIN,LLY,LMT,LNT,LOW,LRCX,LUV,LYB,MA,MAA,MAR,MAS,MCD,MCHP,MCK,MCO,MDLZ,MDT,MET,META,MGM,MKC,MLM,MMM,MNST,MO,MOS,MPC,MRK,MRSH,MS,MSCI,MSFT,MSI,MTB,MTD,MU,NCLH,NDAQ,NEE,NEM,NFLX,NI,NKE,NOC,NRG,NSC,NTAP,NTRS,NUE,NVDA,NVR,NWS,NWSA,NXP,O,OKE,OMC,ORCL,ORLY,OXY,PAYX,PCAR,PEG,PEP,PFE,PFG,PG,PGR,PH,PHM,PKG,PLD,PM,PNC,PNR,PNW,PPG,PPL,PRU,PSA,PSKY,PSX,PTC,PWR,PYPL,QCOM,RCL,REG,REGN,RF,RJF,RL,RMD,ROK,ROP,ROST,RSG,RTX,RVTY,SBAC,SBUX,SCHW,SHW,SJM,SLB,SNA,SNPS,SO,SPG,SPGI,SRE,STT,STX,STZ,SW,SWK,SWKS,SYF,SYK,SYY,T,TAP,TDG,TEL,TFC,TGT,TJX,TMO,TPR,TROW,TRV,TSCO,TSN,TT,TXN,TXT,UAL,UDR,UHS,ULTA,UNH,UNP,UPS,URI,USB,V,VLO,VMC,VRSK,VRSN,VRTX,VTR,VTRS,VZ,WAT,WDC,WEC,WELL,WFC,WM,WMB,WMT,WTW,WY,WYNN,XEL,XOM,XYL,YUM,ZBH,ZTS"
2018-02-28,"A,AAPL,ABBV,ABT,ACN,ADBE,ADI,ADM,ADP,ADSK,AEE,AEP,AES,AFL,AIG,AIZ,AJG,AKAM,ALB,ALGN,ALL,ALLE,AMAT,AMD,AME,AMGN,AMP,AMT,AMZN,AON,AOS,APA,APD,APH,APTV,ARE,AVB,AVGO,AVY,AWK,AXP,AZO,BA,BAC,BALL,BAX,BBY,BDX,BEN,BF-B,BIIB,BK,BKNG,BKR,BLK,BMY,BRK-B,BSX,BXP,C,CAG,CAH,CAT,CB,CBOE,CBRE,CCI,CCL,CDNS,CF,CFG,CHD,CHRW,CHTR,CI,CINF,CL,CLX,CMCSA,CME,CMG,CMI,CMS,CNC,CNP,COF,COO,COP,COR,COST,CPAY,CPB,CRH,CRM,CSCO,CSX,CTAS,CTRA,CTSH,CVS,CVX,D,DAL,DE,DG,DGX,DHI,DHR,DIS,DLR,DLTR,DOC,DOV,DRI,DTE,DUK,DVA,DVN,EA,EBAY,ECL,ED,EFX,EG,EIX,EL,ELV,EMR,EOG,EQIX,EQR,ES,ESS,ETN,ETR,EW,EXC,EXPD,EXPE,EXR,F,FAST,FCX,FDX,FE,FFIV,FIS,FISV,FITB,FRT,FTV,GD,GE,GEN,GILD,GIS,GL,GLW,GM,GOOG,GOOGL,GPC,GPN,GRMN,GS,GWW,HAL,HAS,HBAN,HCA,HD,HIG,HII,HLT,HOLX,HON,HPE,HPQ,HRL,HSIC,HST,HSY,HUM,IBM,ICE,IDXX,IFF,INCY,INTC,INTU,IP,IQV,IRM,ISRG,IT,ITW,IVZ,J,JBHT,JCI,JNJ,JPM,KEY,KHC,KIM,KKR,KLAC,KMB,KMI,KO,KR,L,LEN,LH,LHX,LIN,LLY,LMT,LNT,LOW,LRCX,LUV,LYB,MA,MAA,MAR,MAS,MCD,MCHP,MCK,MCO,MDLZ,MDT,MET,META,MGM,MKC,MLM,MMM,MNST,MO,MOS,MPC,MRK,MRSH,MS,MSCI,MSFT,MSI,MTB,MTD,MU,NCLH,NDAQ,NEE,NEM,NFLX,NI,NKE,NOC,NRG,NSC,NTAP,NTRS,NUE,NVDA,NVR,NWS,NWSA,NXP,O,OKE,OMC,ORCL,ORLY,OXY,PAYX,PCAR,PEG,PEP,PFE,PFG,PG,PGR,PH,PHM,PKG,PLD,PM,PNC,PNR,PNW,PPG,PPL,PRU,PSA,PSKY,PSX,PTC,PWR,PYPL,QCOM,RCL,REG,REGN,RF,RJF,RL,RMD,ROK,ROP,ROST,RSG,RTX,RVTY,SBAC,SBUX,SCHW,SHW,SJM,SLB,SNA,SNPS,SO,SPG,SPGI,SRE,STT,STX,STZ,SW,SWK,SWKS,SYF,SYK,SYY,T,TAP,TDG,TEL,TFC,TGT,TJX,TMO,TPR,TROW,TRV,TSCO,TSN,TT,TTWO,TXN,TXT,UAL,UDR,UHS,ULTA,UNH,UNP,UPS,URI,USB,V,VLO,VMC,VRSK,VRSN,VRTX,VTR,VTRS,VZ,WAT,WDC,WEC,WELL,WFC,WM,WMB,WMT,WTW,WY,WYNN,XEL,XOM,XYL,YUM,ZBH,ZTS"
2018-03-31,"A,AAPL,ABBV,ABT,ACN,ADBE,ADI,ADM,ADP,ADSK,AEE,AEP,AES,AFL,AIG,AIZ,AJG,AKAM,ALB,ALGN,ALL,ALLE,AMAT,AMD,AME,AMGN,AMP,AMT,AMZN,AON,AOS,APA,APD,APH,APTV,ARE,AVB,AVGO,AVY,AWK,AXP,AZO,BA,BAC,BALL,BAX,BBY,BDX,BEN,BF-B,BIIB,BK,BKNG,BKR,BLK,BMY,BRK-B,BSX,BXP,C,CAG,CAH,CAT,CB,CBOE,CBRE,CCI,CCL,CDNS,CF,CFG,CHD,CHRW,CHTR,CI,CINF,CL,CLX,CMCSA,CME,CMG,CMI,CMS,CNC,CNP,COF,COO,COP,COR,COST,CPAY,CPB,CRH,CRM,CSCO,CSX,CTAS,CTRA,CTSH,CVS,CVX,D,DAL,DE,DG,DGX,DHI,DHR,DIS,DLR,DLTR,DOC,DOV,DRI,DTE,DUK,DVA,DVN,EA,EBAY,ECL,ED,EFX,EG,EIX,EL,ELV,EMR,EOG,EQIX,EQR,ES,ESS,ETN,ETR,EW,EXC,EXPD,EXPE,EXR,F,FAST,FCX,FDX,FE,FFIV,FIS,FISV,FITB,FRT,FTV,GD,GE,GEN,GILD,GIS,GL,GLW,GM,GOOG,GOOGL,GPC,GPN,GRMN,GS,GWW,HAL,HAS,HBAN,HCA,HD,HIG,HII,HLT,HOLX,HON,HPE,HPQ,HRL,HSIC,HST,HSY,HUM,IBM,ICE,IDXX,IFF,INCY,INTC,INTU,IP,IQV,IRM,ISRG,IT,ITW,IVZ,J,JBHT,JCI,JNJ,JPM,KEY,KHC,KIM,KKR,KLAC,KMB,KMI,KO,KR,L,LEN,LH,LHX,LIN,LLY,LMT,LNT,LOW,LRCX,LUV,LYB,MA,MAA,MAR,MAS,MCD,MCHP,MCK,MCO,MDLZ,MDT,MET,META,MGM,MKC,MLM,MMM,MNST,MO,MOS,MPC,MRK,MRSH,MS,MSCI,MSFT,MSI,MTB,MTD,MU,NCLH,NDAQ,NEE,NEM,NFLX,NI,NKE,NOC,NRG,NSC,NTAP,NTRS,NUE,NVDA,NVR,NWS,NWSA,NXP,O,OKE,OMC,ORCL,ORLY,OXY,PAYX,PCAR,PEG,PEP,PFE,PFG,PG,PGR,PH,PHM,PKG,PLD,PM,PNC,PNR,PNW,PPG,PPL,PRU,PSA,PSKY,PSX,PTC,PWR,PYPL,QCOM,RCL,REG,REGN,RF,RJF,RL,RMD,ROK,ROP,ROST,RSG,RTX,RVTY,SBAC,SBUX,SCHW,SHW,SJM,SLB,SNA,SNPS,SO,SPG,SPGI,SRE,STT,STX,STZ,SW,SWK,SWKS,SYF,SYK,SYY,T,TAP,TDG,TEL,TFC,TGT,TJX,TMO,TPR,TROW,TRV,TSCO,TSN,TT,TTWO,TXN,TXT,UAL,UDR,UHS,ULTA,UNH,UNP,UPS,URI,USB,V,VLO,VMC,VRSK,VRSN,VRTX,VTR,VTRS,VZ,WAT,WDC,WEC,WELL,WFC,WM,WMB,WMT,WTW,WY,WYNN,XEL,XOM,XYL,YUM,ZBH,ZTS"
2018-04-30,"A,AAPL,ABBV,ABT,ACN,ADBE,ADI,ADM,ADP,ADSK,AEE,AEP,AES,AFL,AIG,AIZ,AJG,AKAM,ALB,ALGN,ALL,ALLE,AMAT,AMD,AME,AMGN,AMP,AMT,AMZN,AON,AOS,APA,APD,APH,APTV,ARE,AVB,AVGO,AVY,AWK,AXP,AZO,BA,BAC,BALL,BAX,BBY,BDX,BEN,BF-B,BIIB,BK,BKNG,BKR,BLK,BMY,BRK-B,BSX,BXP,C,CAG,CAH,CAT,CB,CBOE,CBRE,CCI,CCL,CDNS,CF,CFG,CHD,CHRW,CHTR,CI,CINF,CL,CLX,CMCSA,CME,CMG,CMI,CMS,CNC,CNP,COF,COO,COP,COR,COST,CPAY,CPB,CRH,CRM,CSCO,CSX,CTAS,CTRA,CTSH,CVS,CVX,D,DAL,DE,DG,DGX,DHI,DHR,DIS,DLR,DLTR,DOC,DOV,DRI,DTE,DUK,DVA,DVN,EA,EBAY,ECL,ED,EFX,EG,EIX,EL,ELV,EMR,EOG,EQIX,EQR,ES,ESS,ETN,ETR,EW,EXC,EXPD,EXPE,EXR,F,FAST,FCX,FDX,FE,FFIV,FIS,FISV,FITB,FRT,FTV,GD,GE,GEN,GILD,GIS,GL,GLW,GM,GOOG,GOOGL,GPC,GPN,GRMN,GS,GWW,HAL,HAS,HBAN,HCA,HD,HIG,HII,HLT,HOLX,HON,HPE,HPQ,HRL,HSIC,HST,HSY,HUM,IBM,ICE,IDXX,IFF,INCY,INTC,INTU,IP,IQV,IRM,ISRG,IT,ITW,IVZ,J,JBHT,JCI,JNJ,JPM,KEY,KHC,KIM,KKR,KLAC,KMB,KMI,KO,KR,L,LEN,LH,LHX,LIN,LLY,LMT,LNT,LOW,LRCX,LUV,LYB,MA,MAA,MAR,MAS,MCD,MCHP,MCK,MCO,MDLZ,MDT,MET,META,MGM,MKC,MLM,MMM,MNST,MO,MOS,MPC,MRK,MRSH,MS,MSCI,MSFT,MSI,MTB,MTD,MU,NCLH,NDAQ,NEE,NEM,NFLX,NI,NKE,NOC,NRG,NSC,NTAP,NTRS,NUE,NVDA,NVR,NWS,NWSA,NXP,O,OKE,OMC,ORCL,ORLY,OXY,PAYX,PCAR,PEG,PEP,PFE,PFG,PG,PGR,PH,PHM,PKG,PLD,PM,PNC,PNR,PNW,PPG,PPL,PRU,PSA,PSKY,PSX,PTC,PWR,PYPL,QCOM,RCL,REG,REGN,RF,RJF,RL,RMD,ROK,ROP,ROST,RSG,RTX,RVTY,SBAC,SBUX,SCHW,SHW,SJM,SLB,SNA,SNPS,SO,SPG,SPGI,SRE,STT,STX,STZ,SW,SWK,SWKS,SYF,SYK,SYY,T,TAP,TDG,TEL,TFC,TGT,TJX,TMO,TPR,TROW,TRV,TSCO,TSN,TT,TTWO,TXN,TXT,UAL,UDR,UHS,ULTA,UNH,UNP,UPS,URI,USB,V,VLO,VMC,VRSK,VRSN,VRTX,VTR,VTRS,VZ,WAT,WDC,WEC,WELL,WFC,WM,WMB,WMT,WTW,WY,WYNN,XEL,XOM,XYL,YUM,ZBH,ZTS"
2018-05-31,"A,AAPL,ABBV,ABT,ACN,ADBE,ADI,ADM,ADP,ADSK,AEE,AEP,AES,AFL,AIG,AIZ,AJG,AKAM,ALB,ALGN,ALL,ALLE,AMAT,AMD,AME,AMGN,AMP,AMT,AMZN,AON,AOS,APA,APD,APH,APTV,ARE,AVB,AVGO,AVY,AWK,AXP,AZO,BA,BAC,BALL,BAX,BBY,BDX,BEN,BF-B,BIIB,BK,BKNG,BKR,BLK,BMY,BR,BRK-B,BSX,BXP,C,CAG,CAH,CAT,CB,CBOE,CBRE,CCI,CCL,CDNS,CF,CFG,CHD,CHRW,CHTR,CI,CINF,CL,CLX,CMCSA,CME,CMG,CMI,CMS,CNC,CNP,COF,COO,COP,COR,COST,CPAY,CPB,CRH,CRM,CSCO,CSX,CTAS,CTRA,CTSH,CVS,CVX,D,DAL,DE,DG,DGX,DHI,DHR,DIS,DLR,DLTR,DOC,DOV,DRI,DTE,DUK,DVA,DVN,EA,EBAY,ECL,ED,EFX,EG,EIX,EL,ELV,EMR,EOG,EQIX,EQR,ES,ESS,ETN,ETR,EVRG,EW,EXC,EXPD,EXPE,EXR,F,FAST,FCX,FDX,FE,FFIV,FIS,FISV,FITB,FRT,FTV,GD,GE,GEN,GILD,GIS,GL,GLW,GM,GOOG,GOOGL,GPC,GPN,GRMN,GS,GWW,HAL,HAS,HBAN,HCA,HD,HIG,HII,HLT,HOLX,HON,HPE,HPQ,HRL,HSIC,HST,HSY,HUM,IBM,ICE,IDXX,IFF,INCY,INTC,INTU,IP,IQV,IRM,ISRG,IT,ITW,IVZ,J,JBHT,JCI,JNJ,JPM,KEY,KHC,KIM,KKR,KLAC,KMB,KMI,KO,KR,L,LEN,LH,LHX,LIN,LLY,LMT,LNT,LOW,LRCX,LUV,LYB,MA,MAA,MAR,MAS,MCD,MCHP,MCK,MCO,MDLZ,MDT,MET,META,MGM,MKC,MLM,MMM,MNST,MO,MOS,MPC,MRK,MRSH,MS,MSCI,MSFT,MSI,MTB,MTD,MU,NCLH,NDAQ,NEE,NEM,NFLX,NI,NKE,NOC,NRG,NSC,NTAP,NTRS,NUE,NVDA,NVR,NWS,NWSA,NXP,O,OKE,OMC,ORCL,ORLY,OXY,PAYX,PCAR,PEG,PEP,PFE,PFG,PG,PGR,PH,PHM,PKG,PLD,PM,PNC,PNR,PNW,PPG,PPL,PRU,PSA,PSKY,PSX,PTC,PWR,PYPL,QCOM,RCL,REG,REGN,RF,RJF,RL,RMD,ROK,ROP,ROST,RSG,RTX,RVTY,SBAC,SBUX,SCHW,SHW,SJM,SLB,SNA,SNPS,SO,SPG,SPGI,SRE,STT,STX,STZ,SW,SWK,SWKS,SYF,SYK,SYY,T,TAP,TDG,TEL,TFC,TGT,TJX,TMO,TPR,TROW,TRV,TSCO,TSN,TT,TTWO,TXN,TXT,UAL,UDR,UHS,ULTA,UNH,UNP,UPS,URI,USB,V,VLO,VMC,VRSK,VRSN,VRTX,VTR,VTRS,VZ,WAT,WDC,WEC,WELL,WFC,WM,WMB,WMT,WTW,WY,WYNN,XEL,XOM,XYL,YUM,ZBH,ZTS"
2018-06-30,"A,AAPL,ABBV,ABT,ACN,ADBE,ADI,ADM,ADP,ADSK,AEE,AEP,AES,AFL,AIG,AIZ,AJG,AKAM,ALB,ALGN,ALL,ALLE,AMAT,AMD,AME,AMGN,AMP,AMT,AMZN,AON,AOS,APA,APD,APH,APTV,ARE,AVB,AVGO,AVY,AWK,AXP,AZO,BA,BAC,BALL,BAX,BBY,BDX,BEN,BF-B,BIIB,BK,BKNG,BKR,BLK,BMY,BR,BRK-B,BSX,BXP,C,CAG,CAH,CAT,CB,CBOE,CBRE,CCI,CCL,CDNS,CF,CFG,CHD,CHRW,CHTR,CI,CINF,CL,CLX,CMCSA,CME,CMG,CMI,CMS,CNC,CNP,COF,COO,COP,COR,COST,CPAY,CPB,CPRT,CRH,CRM,CSCO,CSX,CTAS,CTRA,CTSH,CVS,CVX,D,DAL,DE,DG,DGX,DHI,DHR,DIS,DLR,DLTR,DOC,DOV,DRI,DTE,DUK,DVA,DVN,EA,EBAY,ECL,ED,EFX,EG,EIX,EL,ELV,EMR,EOG,EQIX,EQR,ES,ESS,ETN,ETR,EVRG,EW,EXC,EXPD,EXPE,EXR,F,FAST,FCX,FDX,FE,FFIV,FIS,FISV,FITB,FRT,FTV,GD,GE,GEN,GILD,GIS,GL,GLW,GM,GOOG,GOOGL,GPC,GPN,GRMN,GS,GWW,HAL,HAS,HBAN,HCA,HD,HIG,HII,HLT,HOLX,HON,HPE,HPQ,HRL,HSIC,HST,HSY,HUM,IBM,ICE,IDXX,IFF,INCY,INTC,INTU,IP,IQV,IRM,ISRG,IT,ITW,IVZ,J,JBHT,JCI,JNJ,JPM,KEY,KHC,KIM,KKR,KLAC,KMB,KMI,KO,KR,L,LEN,LH,LHX,LIN,LLY,LMT,LNT,LOW,LRCX,LUV,LYB,MA,MAA,MAR,MAS,MCD,MCHP,MCK,MCO,MDLZ,MDT,MET,META,MGM,MKC,MLM,MMM,MNST,MO,MOS,MPC,MRK,MRSH,MS,MSCI,MSFT,MSI,MTB,MTD,MU,NCLH,NDAQ,NEE,NEM,NFLX,NI,NKE,NOC,NRG,NSC,NTAP,NTRS,NUE,NVDA,NVR,NWS,NWSA,NXP,O,OKE,OMC,ORCL,ORLY,OXY,PAYX,PCAR,PEG,PEP,PFE,PFG,PG,PGR,PH,PHM,PKG,PLD,PM,PNC,PNR,PNW,PPG,PPL,PRU,PSA,PSKY,PSX,PTC,PWR,PYPL,QCOM,RCL,REG,REGN,RF,RJF,RL,RMD,ROK,ROP,ROST,RSG,RTX,RVTY,SBAC,SBUX,SCHW,SHW,SJM,SLB,SNA,SNPS,SO,SPG,SPGI,SRE,STT,STX,STZ,SW,SWK,SWKS,SYF,SYK,SYY,T,TAP,TDG,TEL,TFC,TGT,TJX,TMO,TPR,TROW,TRV,TSCO,TSN,TT,TTWO,TXN,TXT,UAL,UDR,UHS,ULTA,UNH,UNP,UPS,URI,USB,V,VLO,VMC,VRSK,VRSN,VRTX,VTR,VTRS,VZ,WAT,WDC,WEC,WELL,WFC,WM,WMB,WMT,WTW,WY,WYNN,XEL,XOM,XYL,YUM,ZBH,ZTS"
2018-07-31,"A,AAPL,ABBV,ABT,ACN,ADBE,ADI,ADM,ADP,ADSK,AEE,AEP,AES,AFL,AIG,AIZ,AJG,AKAM,ALB,ALGN,ALL,ALLE,AMAT,AMD,AME,AMGN,AMP,AMT,AMZN,ANET,AON,AOS,APA,APD,APH,APTV,ARE,AVB,AVGO,AVY,AWK,AXP,AZO,BA,BAC,BALL,BAX,BBY,BDX,BEN,BF-B,BIIB,BK,BKNG,BKR,BLK,BMY,BR,BRK-B,BSX,BXP,C,CAG,CAH,CAT,CB,CBOE,CBRE,CCI,CCL,CDNS,CF,CFG,CHD,CHRW,CHTR,CI,CINF,CL,CLX,CMCSA,CME,CMG,CMI,CMS,CNC,CNP,COF,COO,COP,COR,COST,CPAY,CPB,CPRT,CRH,CRM,CSCO,CSX,CTAS,CTRA,CTSH,CVS,CVX,D,DAL,DE,DG,DGX,DHI,DHR,DIS,DLR,DLTR,DOC,DOV,DRI,DTE,DUK,DVA,DVN,EA,EBAY,ECL,ED,EFX,EG,EIX,EL,ELV,EMR,EOG,EQIX,EQR,ES,ESS,ETN,ETR,EVRG,EW,EXC,EXPD,EXPE,EXR,F,FAST,FCX,FDX,FE,FFIV,FIS,FISV,FITB,FRT,FTV,GD,GE,GEN,GILD,GIS,GL,GLW,GM,GOOG,GOOGL,GPC,GPN,GRMN,GS,GWW,HAL,HAS,HBAN,HCA,HD,HIG,HII,HLT,HOLX,HON,HPE,HPQ,HRL,HSIC,HST,HSY,HUM,IBM,ICE,IDXX,IFF,INCY,INTC,INTU,IP,IQV,IRM,ISRG,IT,ITW,IVZ,J,JBHT,JCI,JNJ,JPM,KEY,KHC,KIM,KKR,KLAC,KMB,KMI,KO,KR,L,LEN,LH,LHX,LIN,LLY,LMT,LNT,LOW,LRCX,LUV,LYB,MA,MAA,MAR,MAS,MCD,MCHP,MCK,MCO,MDLZ,MDT,MET,META,MGM,MKC,MLM,MMM,MNST,MO,MOS,MPC,MRK,MRSH,MS,MSCI,MSFT,MSI,MTB,MTD,MU,NCLH,NDAQ,NEE,NEM,NFLX,NI,NKE,NOC,NRG,NSC,NTAP,NTRS,NUE,NVDA,NVR,NWS,NWSA,NXP,O,OKE,OMC,ORCL,ORLY,OXY,PAYX,PCAR,PEG,PEP,PFE,PFG,PG,PGR,PH,PHM,PKG,PLD,PM,PNC,PNR,PNW,PPG,PPL,PRU,PSA,PSKY,PSX,PTC,PWR,PYPL,QCOM,RCL,REG,REGN,RF,RJF,RL,RMD,ROK,ROP,ROST,RSG,RTX,RVTY,SBAC,SBUX,SCHW,SHW,SJM,SLB,SNA,SNPS,SO,SPG,SPGI,SRE,STT,STX,STZ,SW,SWK,SWKS,SYF,SYK,SYY,T,TAP,TDG,TEL,TFC,TGT,TJX,TMO,TPR,TROW,TRV,TSCO,TSN,TT,TTWO,TXN,TXT,UAL,UDR,UHS,ULTA,UNH,UNP,UPS,URI,USB,V,VLO,VMC,VRSK,VRSN,VRTX,VTR,VTRS,VZ,WAT,WDC,WEC,WELL,WFC,WM,WMB,WMT,WTW,WY,WYNN,XEL,XOM,XYL,YUM,ZBH,ZTS"
2018-08-31,"A,AAPL,ABBV,ABT,ACN,ADBE,ADI,ADM,ADP,ADSK,AEE,AEP,AES,AFL,AIG,AIZ,AJG,AKAM,ALB,ALGN,ALL,ALLE,AMAT,AMD,AME,AMGN,AMP,AMT,AMZN,ANET,AON,AOS,APA,APD,APH,APTV,ARE,AVB,AVGO,AVY,AWK,AXP,AZO,BA,BAC,BALL,BAX,BBY,BDX,BEN,BF-B,BIIB,BK,BKNG,BKR,BLK,BMY,BR,BRK-B,BSX,BXP,C,CAG,CAH,CAT,CB,CBOE,CBRE,CCI,CCL,CDNS,CF,CFG,CHD,CHRW,CHTR,CI,CINF,CL,CLX,CMCSA,CME,CMG,CMI,CMS,CNC,CNP,COF,COO,COP,COR,COST,CPAY,CPB,CPRT,CRH,CRM,CSCO,CSX,CTAS,CTRA,CTSH,CVS,CVX,D,DAL,DE,DG,DGX,DHI,DHR,DIS,DLR,DLTR,DOC,DOV,DRI,DTE,DUK,DVA,DVN,EA,EBAY,ECL,ED,EFX,EG,EIX,EL,ELV,EMR,EOG,EQIX,EQR,ES,ESS,ETN,ETR,EVRG,EW,EXC,EXPD,EXPE,EXR,F,FAST,FCX,FDX,FE,FFIV,FIS,FISV,FITB,FRT,FTV,GD,GE,GEN,GILD,GIS,GL,GLW,GM,GOOG,GOOGL,GPC,GPN,GRMN,GS,GWW,HAL,HAS,HBAN,HCA,HD,HIG,HII,HLT,HOLX,HON,HPE,HPQ,HRL,HSIC,HST,HSY,HUM,IBM,ICE,IDXX,IFF,INCY,INTC,INTU,IP,IQV,IRM,ISRG,IT,ITW,IVZ,J,JBHT,JCI,JNJ,JPM,KEY,KHC,KIM,KKR,KLAC,KMB,KMI,KO,KR,L,LEN,LH,LHX,LIN,LLY,LMT,LNT,LOW,LRCX,LUV,LYB,MA,MAA,MAR,MAS,MCD,MCHP,MCK,MCO,MDLZ,MDT,MET,META,MGM,MKC,MLM,MMM,MNST,MO,MOS,MPC,MRK,MRSH,MS,MSCI,MSFT,MSI,MTB,MTD,MU,NCLH,NDAQ,NEE,NEM,NFLX,NI,NKE,NOC,NRG,NSC,NTAP,NTRS,NUE,NVDA,NVR,NWS,NWSA,NXP,O,OKE,OMC,ORCL,ORLY,OXY,PAYX,PCAR,PEG,PEP,PFE,PFG,PG,PGR,PH,PHM,PKG,PLD,PM,PNC,PNR,PNW,PPG,PPL,PRU,PSA,PSKY,PSX,PTC,PWR,PYPL,QCOM,RCL,REG,REGN,RF,RJF,RL,RMD,ROK,ROP,ROST,RSG,RTX,RVTY,SBAC,SBUX,SCHW,SHW,SJM,SLB,SNA,SNPS,SO,SPG,SPGI,SRE,STT,STX,STZ,SW,SWK,SWKS,SYF,SYK,SYY,T,TAP,TDG,TEL,TFC,TGT,TJX,TMO,TPR,TROW,TRV,TSCO,TSN,TT,TTWO,TXN,TXT,UAL,UDR,UHS,ULTA,UNH,UNP,UPS,URI,USB,V,VLO,VMC,VRSK,VRSN,VRTX,VTR,VTRS,VZ,WAT,WDC,WEC,WELL,WFC,WM,WMB,WMT,WTW,WY,WYNN,XEL,XOM,XYL,YUM,ZBH,ZTS"
2018-09-30,"A,AAPL,ABBV,ABT,ACN,ADBE,ADI,ADM,ADP,ADSK,AEE,AEP,AES,AFL,AIG,AIZ,AJG,AKAM,ALB,ALGN,ALL,ALLE,AMAT,AMD,AME,AMGN,AMP,AMT,AMZN,ANET,AON,AOS,APA,APD,APH,APTV,ARE,AVB,AVGO,AVY,AWK,AXP,AZO,BA,BAC,BALL,BAX,BBY,BDX,BEN,BF-B,BIIB,BK,BKNG,BKR,BLK,BMY,BR,BRK-B,BSX,BXP,C,CAG,CAH,CAT,CB,CBOE,CBRE,CCI,CCL,CDNS,CF,CFG,CHD,CHRW,CHTR,CI,CINF,CL,CLX,CMCSA,CME,CMG,CMI,CMS,CNC,CNP,COF,COO,COP,COR,COST,CPAY,CPB,CPRT,CRH,CRM,CSCO,CSX,CTAS,CTRA,CTSH,CVS,CVX,D,DAL,DE,DG,DGX,DHI,DHR,DIS,DLR,DLTR,DOC,DOV,DRI,DTE,DUK,DVA,DVN,EA,EBAY,ECL,ED,EFX,EG,EIX,EL,ELV,EMR,EOG,EQIX,EQR,ES,ESS,ETN,ETR,EVRG,EW,EXC,EXPD,EXPE,EXR,F,FAST,FCX,FDX,FE,FFIV,FIS,FISV,FITB,FRT,FTNT,FTV,GD,GE,GEN,GILD,GIS,GL,GLW,GM,GOOG,GOOGL,GPC,GPN,GRMN,GS,GWW,HAL,HAS,HBAN,HCA,HD,HIG,HII,HLT,HOLX,HON,HPE,HPQ,HRL,HSIC,HST,HSY,HUM,IBM,ICE,IDXX,IFF,INCY,INTC,INTU,IP,IQV,IRM,ISRG,IT,ITW,IVZ,J,JBHT,JCI,JNJ,JPM,KEY,KHC,KIM,KKR,KLAC,KMB,KMI,KO,KR,L,LEN,LH,LHX,LIN,LLY,LMT,LNT,LOW,LRCX,LUV,LYB,MA,MAA,MAR,MAS,MCD,MCHP,MCK,MCO,MDLZ,MDT,MET,META,MGM,MKC,MLM,MMM,MNST,MO,MOS,MPC,MRK,MRSH,MS,MSCI,MSFT,MSI,MTB,MTD,MU,NCLH,NDAQ,NEE,NEM,NFLX,NI,NKE,NOC,NRG,NSC,NTAP,NTRS,NUE,NVDA,NVR,NWS,NWSA,NXP,O,OKE,OMC,ORCL,ORLY,OXY,PAYX,PCAR,PEG,PEP,PFE,PFG,PG,PGR,PH,PHM,PKG,PLD,PM,PNC,PNR,PNW,PPG,PPL,PRU,PSA,PSKY,PSX,PTC,PWR,PYPL,QCOM,RCL,REG,REGN,RF,RJF,RL,RMD,ROK,ROL,ROP,ROST,RSG,RTX,RVTY,SBAC,SBUX,SCHW,SHW,SJM,SLB,SNA,SNPS,SO,SPG,SPGI,SRE,STT,STX,STZ,SW,SWK,SWKS,SYF,SYK,SYY,T,TAP,TDG,TEL,TFC,TGT,TJX,TMO,TPR,TROW,TRV,TSCO,TSN,TT,TTWO,TXN,TXT,UAL,UDR,UHS,ULTA,UNH,UNP,UPS,URI,USB,V,VLO,VMC,VRSK,VRSN,VRTX,VTR,VTRS,VZ,WAT,WDC,WEC,WELL,WFC,WM,WMB,WMT,WTW,WY,WYNN,XEL,XOM,XYL,YUM,ZBH,ZTS"
2018-10-31,"A,AAPL,ABBV,ABT,ACN,ADBE,ADI,ADM,ADP,ADSK,AEE,AEP,AES,AFL,AIG,AIZ,AJG,AKAM,ALB,ALGN,ALL,ALLE,AMAT,AMD,AME,AMGN,AMP,AMT,AMZN,ANET,AON,AOS,APA,APD,APH,APTV,ARE,AVB,AVGO,AVY,AWK,AXP,AZO,BA,BAC,BALL,BAX,BBY,BDX,BEN,BF-B,BIIB,BK,BKNG,BKR,BLK,BMY,BR,BRK-B,BSX,BXP,C,CAG,CAH,CAT,CB,CBOE,CBRE,CCI,CCL,CDNS,CF,CFG,CHD,CHRW,CHTR,CI,CINF,CL,CLX,CMCSA,CME,CMG,CMI,CMS,CNC,CNP,COF,COO,COP,COR,COST,CPAY,CPB,CPRT,CRH,CRM,CSCO,CSX,CTAS,CTRA,CTSH,CVS,CVX,D,DAL,DE,DG,DGX,DHI,DHR,DIS,DLR,DLTR,DOC,DOV,DRI,DTE,DUK,DVA,DVN,EA,EBAY,ECL,ED,EFX,EG,EIX,EL,ELV,EMR,EOG,EQIX,EQR,ES,ESS,ETN,ETR,EVRG,EW,EXC,EXPD,EXPE,EXR,F,FAST,FCX,FDX,FE,FFIV,FIS,FISV,FITB,FRT,FTNT,FTV,GD,GE,GEN,GILD,GIS,GL,GLW,GM,GOOG,GOOGL,GPC,GPN,GRMN,GS,GWW,HAL,HAS,HBAN,HCA,HD,HIG,HII,HLT,HOLX,HON,HPE,HPQ,HRL,HSIC,HST,HSY,HUM,IBM,ICE,IDXX,IFF,INCY,INTC,INTU,IP,IQV,IRM,ISRG,IT,ITW,IVZ,J,JBHT,JCI,JKHY,JNJ,JPM,KEY,KEYS,KHC,KIM,KKR,KLAC,KMB,KMI,KO,KR,L,LEN,LH,LHX,LIN,LLY,LMT,LNT,LOW,LRCX,LUV,LYB,MA,MAA,MAR,MAS,MCD,MCHP,MCK,MCO,MDLZ,MDT,MET,META,MGM,MKC,MLM,MMM,MNST,MO,MOS,MPC,MRK,MRSH,MS,MSCI,MSFT,MSI,MTB,MTD,MU,NCLH,NDAQ,NEE,NEM,NFLX,NI,NKE,NOC,NRG,NSC,NTAP,NTRS,NUE,NVDA,NVR,NWS,NWSA,NXP,O,OKE,OMC,ORCL,ORLY,OXY,PAYX,PCAR,PEG,PEP,PFE,PFG,PG,PGR,PH,PHM,PKG,PLD,PM,PNC,PNR,PNW,PPG,PPL,PRU,PSA,PSKY,PSX,PTC,PWR,PYPL,QCOM,RCL,REG,REGN,RF,RJF,RL,RMD,ROK,ROL,ROP,ROST,RSG,RTX,RVTY,SBAC,SBUX,SCHW,SHW,SJM,SLB,SNA,SNPS,SO,SPG,SPGI,SRE,STT,STX,STZ,SW,SWK,SWKS,SYF,SYK,SYY,T,TAP,TDG,TEL,TFC,TGT,TJX,TMO,TPR,TROW,TRV,TSCO,TSN,TT,TTWO,TXN,TXT,UAL,UDR,UHS,ULTA,UNH,UNP,UPS,URI,USB,V,VLO,VMC,VRSK,VRSN,VRTX,VTR,VTRS,VZ,WAT,WDC,WEC,WELL,WFC,WM,WMB,WMT,WTW,WY,WYNN,XEL,XOM,XYL,YUM,ZBH,ZTS"
2018-11-30,"A,AAPL,ABBV,ABT,ACN,ADBE,ADI,ADM,ADP,ADSK,AEE,AEP,AES,AFL,AIG,AIZ,AJG,AKAM,ALB,ALGN,ALL,ALLE,AMAT,AMD,AME,AMGN,AMP,AMT,AMZN,ANET,AON,AOS,APA,APD,APH,APTV,ARE,AVB,AVGO,AVY,AWK,AXP,AZO,BA,BAC,BALL,BAX,BBY,BDX,BEN,BF-B,BIIB,BK,BKNG,BKR,BLK,BMY,BR,BRK-B,BSX,BXP,C,CAG,CAH,CAT,CB,CBOE,CBRE,CCI,CCL,CDNS,CF,CFG,CHD,CHRW,CHTR,CI,CINF,CL,CLX,CMCSA,CME,CMG,CMI,CMS,CNC,CNP,COF,COO,COP,COR,COST,CPAY,CPB,CPRT,CRH,CRM,CSCO,CSX,CTAS,CTRA,CTSH,CVS,CVX,D,DAL,DE,DG,DGX,DHI,DHR,DIS,DLR,DLTR,DOC,DOV,DRI,DTE,DUK,DVA,DVN,EA,EBAY,ECL,ED,EFX,EG,EIX,EL,ELV,EMR,EOG,EQIX,EQR,ES,ESS,ETN,ETR,EVRG,EW,EXC,EXPD,EXPE,EXR,F,FANG,FAST,FCX,FDX,FE,FFIV,FIS,FISV,FITB,FRT,FTNT,FTV,GD,GE,GEN,GILD,GIS,GL,GLW,GM,GOOG,GOOGL,GPC,GPN,GRMN,GS,GWW,HAL,HAS,HBAN,HCA,HD,HIG,HII,HLT,HOLX,HON,HPE,HPQ,HRL,HSIC,HST,HSY,HUM,IBM,ICE,IDXX,IFF,INCY,INTC,INTU,IP,IQV,IRM,ISRG,IT,ITW,IVZ,J,JBHT,JCI,JKHY,JNJ,JPM,KEY,KEYS,KHC,KIM,KKR,KLAC,KMB,KMI,KO,KR,L,LEN,LH,LHX,LIN,LLY,LMT,LNT,LOW,LRCX,LUV,LW,LYB,MA,MAA,MAR,MAS,MCD,MCHP,MCK,MCO,MDLZ,MDT,MET,META,MGM,MKC,MLM,MMM,MNST,MO,MOS,MPC,MRK,MRSH,MS,MSCI,MSFT,MSI,MTB,MTD,MU,NCLH,NDAQ,NEE,NEM,NFLX,NI,NKE,NOC,NRG,NSC,NTAP,NTRS,NUE,NVDA,NVR,NWS,NWSA,NXP,O,OKE,OMC,ORCL,ORLY,OXY,PAYX,PCAR,PEG,PEP,PFE,PFG,PG,PGR,PH,PHM,PKG,PLD,PM,PNC,PNR,PNW,PPG,PPL,PRU,PSA,PSKY,PSX,PTC,PWR,PYPL,QCOM,RCL,REG,REGN,RF,RJF,RL,RMD,ROK,ROL,ROP,ROST,RSG,RTX,RVTY,SBAC,SBUX,SCHW,SHW,SJM,SLB,SNA,SNPS,SO,SPG,SPGI,SRE,STT,STX,STZ,SW,SWK,SWKS,SYF,SYK,SYY,T,TAP,TDG,TEL,TFC,TGT,TJX,TMO,TPR,TROW,TRV,TSCO,TSN,TT,TTWO,TXN,TXT,UAL,UDR,UHS,ULTA,UNH,UNP,UPS,URI,USB,V,VLO,VMC,VRSK,VRSN,VRTX,VTR,VTRS,VZ,WAT,WDC,WEC,WELL,WFC,WM,WMB,WMT,WTW,WY,WYNN,XEL,XOM,XYL,YUM,ZBH,ZTS"
2018-12-31,"A,AAPL,ABBV,ABT,ACN,ADBE,ADI,ADM,ADP,ADSK,AEE,AEP,AES,AFL,AIG,AIZ,AJG,AKAM,ALB,ALGN,ALL,ALLE,AMAT,AMD,AME,AMGN,AMP,AMT,AMZN,ANET,AON,AOS,APA,APD,APH,APTV,ARE,AVB,AVGO,AVY,AWK,AXP,AZO,BA,BAC,BALL,BAX,BBY,BDX,BEN,BF-B,BIIB,BK,BKNG,BKR,BLK,BMY,BR,BRK-B,BSX,BXP,C,CAG,CAH,CAT,CB,CBOE,CBRE,CCI,CCL,CDNS,CF,CFG,CHD,CHRW,CHTR,CI,CINF,CL,CLX,CMCSA,CME,CMG,CMI,CMS,CNC,CNP,COF,COO,COP,COR,COST,CPAY,CPB,CPRT,CRH,CRM,CSCO,CSX,CTAS,CTRA,CTSH,CVS,CVX,D,DAL,DE,DG,DGX,DHI,DHR,DIS,DLR,DLTR,DOC,DOV,DRI,DTE,DUK,DVA,DVN,EA,EBAY,ECL,ED,EFX,EG,EIX,EL,ELV,EMR,EOG,EQIX,EQR,ES,ESS,ETN,ETR,EVRG,EW,EXC,EXPD,EXPE,EXR,F,FANG,FAST,FCX,FDX,FE,FFIV,FIS,FISV,FITB,FRT,FTNT,FTV,GD,GE,GEN,GILD,GIS,GL,GLW,GM,GOOG,GOOGL,GPC,GPN,GRMN,GS,GWW,HAL,HAS,HBAN,HCA,HD,HIG,HII,HLT,HOLX,HON,HPE,HPQ,HRL,HSIC,HST,HSY,HUM,IBM,ICE,IDXX,IFF,INCY,INTC,INTU,IP,IQV,IRM,ISRG,IT,ITW,IVZ,J,JBHT,JCI,JKHY,JNJ,JPM,KEY,KEYS,KHC,KIM,KKR,KLAC,KMB,KMI,KO,KR,L,LEN,LH,LHX,LIN,LLY,LMT,LNT,LOW,LRCX,LUV,LW,LYB,MA,MAA,MAR,MAS,MCD,MCHP,MCK,MCO,MDLZ,MDT,MET,META,MGM,MKC,MLM,MMM,MNST,MO,MOS,MPC,MRK,MRSH,MS,MSCI,MSFT,MSI,MTB,MTD,MU,NCLH,NDAQ,NEE,NEM,NFLX,NI,NKE,NOC,NRG,NSC,NTAP,NTRS,NUE,NVDA,NVR,NWS,NWSA,NXP,O,OKE,OMC,ORCL,ORLY,OXY,PAYX,PCAR,PEG,PEP,PFE,PFG,PG,PGR,PH,PHM,PKG,PLD,PM,PNC,PNR,PNW,PPG,PPL,PRU,PSA,PSKY,PSX,PTC,PWR,PYPL,QCOM,RCL,REG,REGN,RF,RJF,RL,RMD,ROK,ROL,ROP,ROST,RSG,RTX,RVTY,SBAC,SBUX,SCHW,SHW,SJM,SLB,SNA,SNPS,SO,SPG,SPGI,SRE,STT,STX,STZ,SW,SWK,SWKS,SYF,SYK,SYY,T,TAP,TDG,TEL,TFC,TGT,TJX,TMO,TPR,TROW,TRV,TSCO,TSN,TT,TTWO,TXN,TXT,UAL,UDR,UHS,ULTA,UNH,UNP,UPS,URI,USB,V,VLO,VMC,VRSK,VRSN,VRTX,VTR,VTRS,VZ,WAT,WDC,WEC,WELL,WFC,WM,WMB,WMT,WTW,WY,WYNN,XEL,XOM,XYL,YUM,ZBH,ZTS"
2019-01-31,"A,AAPL,ABBV,ABT,ACN,ADBE,ADI,ADM,ADP,ADSK,AEE,AEP,AES,AFL,AIG,AIZ,AJG,AKAM,ALB,ALGN,ALL,ALLE,AMAT,AMD,AME,AMGN,AMP,AMT,AMZN,ANET,AON,AOS,APA,APD,APH,APTV,ARE,ATO,AVB,AVGO,AVY,AWK,AXP,AZO,BA,BAC,BALL,BAX,BBY,BDX,BEN,BF-B,BIIB,BK,BKNG,BKR,BLK,BMY,BR,BRK-B,BSX,BXP,C,CAG,CAH,CAT,CB,CBOE,CBRE,CCI,CCL,CDNS,CF,CFG,CHD,CHRW,CHTR,CI,CINF,CL,CLX,CMCSA,CME,CMG,CMI,CMS,CNC,CNP,COF,COO,COP,COR,COST,CPAY,CPB,CPRT,CRH,CRM,CSCO,CSX,CTAS,CTRA,CTSH,CVS,CVX,D,DAL,DE,DG,DGX,DHI,DHR,DIS,DLR,DLTR,DOC,DOV,DRI,DTE,DUK,DVA,DVN,EA,EBAY,ECL,ED,EFX,EG,EIX,EL,ELV,EMR,EOG,EQIX,EQR,ES,ESS,ETN,ETR,EVRG,EW,EXC,EXPD,EXPE,EXR,F,FANG,FAST,FCX,FDX,FE,FFIV,FIS,FISV,FITB,FRT,FTNT,FTV,GD,GE,GEN,GILD,GIS,GL,GLW,GM,GOOG,GOOGL,GPC,GPN,GRMN,GS,GWW,HAL,HAS,HBAN,HCA,HD,HIG,HII,HLT,HOLX,HON,HPE,HPQ,HRL,HSIC,HST,HSY,HUM,IBM,ICE,IDXX,IFF,INCY,INTC,INTU,IP,IQV,IRM,ISRG,IT,ITW,IVZ,J,JBHT,JCI,JKHY,JNJ,JPM,KEY,KEYS,KHC,KIM,KKR,KLAC,KMB,KMI,KO,KR,L,LEN,LH,LHX,LIN,LLY,LMT,LNT,LOW,LRCX,LUV,LW,LYB,MA,MAA,MAR,MAS,MCD,MCHP,MCK,MCO,MDLZ,MDT,MET,META,MGM,MKC,MLM,MMM,MNST,MO,MOS,MPC,MRK,MRSH,MS,MSCI,MSFT,MSI,MTB,MTD,MU,NCLH,NDAQ,NEE,NEM,NFLX,NI,NKE,NOC,NRG,NSC,NTAP,NTRS,NUE,NVDA,NVR,NWS,NWSA,NXP,O,OKE,OMC,ORCL,ORLY,OXY,PAYX,PCAR,PEG,PEP,PFE,PFG,PG,PGR,PH,PHM,PKG,PLD,PM,PNC,PNR,PNW,PPG,PPL,PRU,PSA,PSKY,PSX,PTC,PWR,PYPL,QCOM,RCL,REG,REGN,RF,RJF,RL,RMD,ROK,ROL,ROP,ROST,RSG,RTX,RVTY,SBAC,SBUX,SCHW,SHW,SJM,SLB,SNA,SNPS,SO,SPG,SPGI,SRE,STT,STX,STZ,SW,SWK,SWKS,SYF,SYK,SYY,T,TAP,TDG,TEL,TFC,TGT,TJX,TMO,TPR,TROW,TRV,TSCO,TSN,TT,TTWO,TXN,TXT,UAL,UDR,UHS,ULTA,UNH,UNP,UPS,URI,USB,V,VLO,VMC,VRSK,VRSN,VRTX,VTR,VTRS,VZ,WAB,WAT,WDC,WEC,WELL,WFC,WM,WMB,WMT,WTW,WY,WYNN,XEL,XOM,XYL,YUM,ZBH,ZTS"
2019-02-28,"A,AAPL,ABBV,ABT,ACN,ADBE,ADI,ADM,ADP,ADSK,AEE,AEP,AES,AFL,AIG,AIZ,AJG,AKAM,ALB,ALGN,ALL,ALLE,AMAT,AMD,AME,AMGN,AMP,AMT,AMZN,ANET,AON,AOS,APA,APD,APH,APTV,ARE,ATO,AVB,AVGO,AVY,AWK,AXP,AZO,BA,BAC,BALL,BAX,BBY,BDX,BEN,BF-B,BIIB,BK,BKNG,BKR,BLK,BMY,BR,BRK-B,BSX,BXP,C,CAG,CAH,CAT,CB,CBOE,CBRE,CCI,CCL,CDNS,CF,CFG,CHD,CHRW,CHTR,CI,CINF,CL,CLX,CMCSA,CME,CMG,CMI,CMS,CNC,CNP,COF,COO,COP,COR,COST,CPAY,CPB,CPRT,CRH,CRM,CSCO,CSX,CTAS,CTRA,CTSH,CVS,CVX,D,DAL,DE,DG,DGX,DHI,DHR,DIS,DLR,DLTR,DOC,DOV,DRI,DTE,DUK,DVA,DVN,EA,EBAY,ECL,ED,EFX,EG,EIX,EL,ELV,EMR,EOG,EQIX,EQR,ES,ESS,ETN,ETR,EVRG,EW,EXC,EXPD,EXPE,EXR,F,FANG,FAST,FCX,FDX,FE,FFIV,FIS,FISV,FITB,FOX,FOXA,FRT,FTNT,FTV,GD,GE,GEN,GILD,GIS,GL,GLW,GM,GOOG,GOOGL,GPC,GPN,GRMN,GS,GWW,HAL,HAS,HBAN,HCA,HD,HIG,HII,HLT,HOLX,HON,HPE,HPQ,HRL,HSIC,HST,HSY,HUM,IBM,ICE,IDXX,IFF,INCY,INTC,INTU,IP,IQV,IRM,ISRG,IT,ITW,IVZ,J,JBHT,JCI,JKHY,JNJ,JPM,KEY,KEYS,KHC,KIM,KKR,KLAC,KMB,KMI,KO,KR,L,LEN,LH,LHX,LIN,LLY,LMT,LNT,LOW,LRCX,LUV,LW,LYB,MA,MAA,MAR,MAS,MCD,MCHP,MCK,MCO,MDLZ,MDT,MET,META,MGM,MKC,MLM,MMM,MNST,MO,MOS,MPC,MRK,MRSH,MS,MSCI,MSFT,MSI,MTB,MTD,MU,NCLH,NDAQ,NEE,NEM,NFLX,NI,NKE,NOC,NRG,NSC,NTAP,NTRS,NUE,NVDA,NVR,NWS,NWSA,NXP,O,OKE,OMC,ORCL,ORLY,OXY,PAYX,PCAR,PEG,PEP,PFE,PFG,PG,PGR,PH,PHM,PKG,PLD,PM,PNC,PNR,PNW,PPG,PPL,PRU,PSA,PSKY,PSX,PTC,PWR,PYPL,QCOM,RCL,REG,REGN,RF,RJF,RL,RMD,ROK,ROL,ROP,ROST,RSG,RTX,RVTY,SBAC,SBUX,SCHW,SHW,SJM,SLB,SNA,SNPS,SO,SPG,SPGI,SRE,STT,STX,STZ,SW,SWK,SWKS,SYF,SYK,SYY,T,TAP,TDG,TEL,TFC,TGT,TJX,TMO,TPR,TROW,TRV,TSCO,TSN,TT,TTWO,TXN,TXT,UAL,UDR,UHS,ULTA,UNH,UNP,UPS,URI,USB,V,VLO,VMC,VRSK,VRSN,VRTX,VTR,VTRS,VZ,WAB,WAT,WDC,WEC,WELL,WFC,WM,WMB,WMT,WTW,WY,WYNN,XEL,XOM,XYL,YUM,ZBH,ZTS"
2019-03-31,"A,AAPL,ABBV,ABT,ACN,ADBE,ADI,ADM,ADP,ADSK,AEE,AEP,AES,AFL,AIG,AIZ,AJG,AKAM,ALB,ALGN,ALL,ALLE,AMAT,AMD,AME,AMGN,AMP,AMT,AMZN,ANET,AON,AOS,APA,APD,APH,APTV,ARE,ATO,AVB,AVGO,AVY,AWK,AXP,AZO,BA,BAC,BALL,BAX,BBY,BDX,BEN,BF-B,BIIB,BK,BKNG,BKR,BLK,BMY,BR,BRK-B,BSX,BXP,C,CAG,CAH,CAT,CB,CBOE,CBRE,CCI,CCL,CDNS,CF,CFG,CHD,CHRW,CHTR,CI,CINF,CL,CLX,CMCSA,CME,CMG,CMI,CMS,CNC,CNP,COF,COO,COP,COR,COST,CPAY,CPB,CPRT,CRH,CRM,CSCO,CSX,CTAS,CTRA,CTSH,CVS,CVX,D,DAL,DE,DG,DGX,DHI,DHR,DIS,DLR,DLTR,DOC,DOV,DOW,DRI,DTE,DUK,DVA,DVN,EA,EBAY,ECL,ED,EFX,EG,EIX,EL,ELV,EMR,EOG,EQIX,EQR,ES,ESS,ETN,ETR,EVRG,EW,EXC,EXPD,EXPE,EXR,F,FANG,FAST,FCX,FDX,FE,FFIV,FIS,FISV,FITB,FOX,FOXA,FRT,FTNT,FTV,GD,GE,GEN,GILD,GIS,GL,GLW,GM,GOOG,GOOGL,GPC,GPN,GRMN,GS,GWW,HAL,HAS,HBAN,HCA,HD,HIG,HII,HLT,HOLX,HON,HPE,HPQ,HRL,HSIC,HST,HSY,HUM,IBM,ICE,IDXX,IFF,INCY,INTC,INTU,IP,IQV,IRM,ISRG,IT,ITW,IVZ,J,JBHT,JCI,JKHY,JNJ,JPM,KEY,KEYS,KHC,KIM,KKR,KLAC,KMB,KMI,KO,KR,L,LEN,LH,LHX,LIN,LLY,LMT,LNT,LOW,LRCX,LUV,LW,LYB,MA,MAA,MAR,MAS,MCD,MCHP,MCK,MCO,MDLZ,MDT,MET,META,MGM,MKC,MLM,MMM,MNST,MO,MOS,MPC,MRK,MRSH,MS,MSCI,MSFT,MSI,MTB,MTD,MU,NCLH,NDAQ,NEE,NEM,NFLX,NI,NKE,NOC,NRG,NSC,NTAP,NTRS,NUE,NVDA,NVR,NWS,NWSA,NXP,O,OKE,OMC,ORCL,ORLY,OXY,PAYX,PCAR,PEG,PEP,PFE,PFG,PG,PGR,PH,PHM,PKG,PLD,PM,PNC,PNR,PNW,PPG,PPL,PRU,PSA,PSKY,PSX,PTC,PWR,PYPL,QCOM,RCL,REG,REGN,RF,RJF,RL,RMD,ROK,ROL,ROP,ROST,RSG,RTX,RVTY,SBAC,SBUX,SCHW,SHW,SJM,SLB,SNA,SNPS,SO,SPG,SPGI,SRE,STT,STX,STZ,SW,SWK,SWKS,SYF,SYK,SYY,T,TAP,TDG,TEL,TFC,TGT,TJX,TMO,TPR,TROW,TRV,TSCO,TSN,TT,TTWO,TXN,TXT,UAL,UDR,UHS,ULTA,UNH,UNP,UPS,URI,USB,V,VLO,VMC,VRSK,VRSN,VRTX,VTR,VTRS,VZ,WAB,WAT,WDC,WEC,WELL,WFC,WM,WMB,WMT,WTW,WY,WYNN,XEL,XOM,XYL,YUM,ZBH,ZTS"
2019-04-30,"A,AAPL,ABBV,ABT,ACN,ADBE,ADI,ADM,ADP,ADSK,AEE,AEP,AES,AFL,AIG,AIZ,AJG,AKAM,ALB,ALGN,ALL,ALLE,AMAT,AMD,AME,AMGN,AMP,AMT,AMZN,ANET,AON,AOS,APA,APD,APH,APTV,ARE,ATO,AVB,AVGO,AVY,AWK,AXP,AZO,BA,BAC,BALL,BAX,BBY,BDX,BEN,BF-B,BIIB,BK,BKNG,BKR,BLK,BMY,BR,BRK-B,BSX,BXP,C,CAG,CAH,CAT,CB,CBOE,CBRE,CCI,CCL,CDNS,CF,CFG,CHD,CHRW,CHTR,CI,CINF,CL,CLX,CMCSA,CME,CMG,CMI,CMS,CNC,CNP,COF,COO,COP,COR,COST,CPAY,CPB,CPRT,CRH,CRM,CSCO,CSX,CTAS,CTRA,CTSH,CVS,CVX,D,DAL,DE,DG,DGX,DHI,DHR,DIS,DLR,DLTR,DOC,DOV,DOW,DRI,DTE,DUK,DVA,DVN,EA,EBAY,ECL,ED,EFX,EG,EIX,EL,ELV,EMR,EOG,EQIX,EQR,ES,ESS,ETN,ETR,EVRG,EW,EXC,EXPD,EXPE,EXR,F,FANG,FAST,FCX,FDX,FE,FFIV,FIS,FISV,FITB,FOX,FOXA,FRT,FTNT,FTV,GD,GE,GEN,GILD,GIS,GL,GLW,GM,GOOG,GOOGL,GPC,GPN,GRMN,GS,GWW,HAL,HAS,HBAN,HCA,HD,HIG,HII,HLT,HOLX,HON,HPE,HPQ,HRL,HSIC,HST,HSY,HUM,IBM,ICE,IDXX,IFF,INCY,INTC,INTU,IP,IQV,IRM,ISRG,IT,ITW,IVZ,J,JBHT,JCI,JKHY,JNJ,JPM,KEY,KEYS,KHC,KIM,KKR,KLAC,KMB,KMI,KO,KR,L,LEN,LH,LHX,LIN,LLY,LMT,LNT,LOW,LRCX,LUV,LW,LYB,MA,MAA,MAR,MAS,MCD,MCHP,MCK,MCO,MDLZ,MDT,MET,META,MGM,MKC,MLM,MMM,MNST,MO,MOS,MPC,MRK,MRSH,MS,MSCI,MSFT,MSI,MTB,MTD,MU,NCLH,NDAQ,NEE,NEM,NFLX,NI,NKE,NOC,NRG,NSC,NTAP,NTRS,NUE,NVDA,NVR,NWS,NWSA,NXP,O,OKE,OMC,ORCL,ORLY,OXY,PAYX,PCAR,PEG,PEP,PFE,PFG,PG,PGR,PH,PHM,PKG,PLD,PM,PNC,PNR,PNW,PPG,PPL,PRU,PSA,PSKY,PSX,PTC,PWR,PYPL,QCOM,RCL,REG,REGN,RF,RJF,RL,RMD,ROK,ROL,ROP,ROST,RSG,RTX,RVTY,SBAC,SBUX,SCHW,SHW,SJM,SLB,SNA,SNPS,SO,SPG,SPGI,SRE,STT,STX,STZ,SW,SWK,SWKS,SYF,SYK,SYY,T,TAP,TDG,TEL,TFC,TGT,TJX,TMO,TPR,TROW,TRV,TSCO,TSN,TT,TTWO,TXN,TXT,UAL,UDR,UHS,ULTA,UNH,UNP,UPS,URI,USB,V,VLO,VMC,VRSK,VRSN,VRTX,VTR,VTRS,VZ,WAB,WAT,WDC,WEC,WELL,WFC,WM,WMB,WMT,WTW,WY,WYNN,XEL,XOM,XYL,YUM,ZBH,ZTS"
2019-05-31,"A,AAPL,ABBV,ABT,ACN,ADBE,ADI,ADM,ADP,ADSK,AEE,AEP,AES,AFL,AIG,AIZ,AJG,AKAM,ALB,ALGN,ALL,ALLE,AMAT,AMCR,AMD,AME,AMGN,AMP,AMT,AMZN,ANET,AON,AOS,APA,APD,APH,APTV,ARE,ATO,AVB,AVGO,AVY,AWK,AXP,AZO,BA,BAC,BALL,BAX,BBY,BDX,BEN,BF-B,BIIB,BK,BKNG,BKR,BLK,BMY,BR,BRK-B,BSX,BXP,C,CAG,CAH,CAT,CB,CBOE,CBRE,CCI,CCL,CDNS,CF,CFG,CHD,CHRW,CHTR,CI,CINF,CL,CLX,CMCSA,CME,CMG,CMI,CMS,CNC,CNP,COF,COO,COP,COR,COST,CPAY,CPB,CPRT,CRH,CRM,CSCO,CSX,CTAS,CTRA,CTSH,CTVA,CVS,CVX,D,DAL,DD,DE,DG,DGX,DHI,DHR,DIS,DLR,DLTR,DOC,DOV,DOW,DRI,DTE,DUK,DVA,DVN,EA,EBAY,ECL,ED,EFX,EG,EIX,EL,ELV,EMR,EOG,EQIX,EQR,ES,ESS,ETN,ETR,EVRG,EW,EXC,EXPD,EXPE,EXR,F,FANG,FAST,FCX,FDX,FE,FFIV,FIS,FISV,FITB,FOX,FOXA,FRT,FTNT,FTV,GD,GE,GEN,GILD,GIS,GL,GLW,GM,GOOG,GOOGL,GPC,GPN,GRMN,GS,GWW,HAL,HAS,HBAN,HCA,HD,HIG,HII,HLT,HOLX,HON,HPE,HPQ,HRL,HSIC,HST,HSY,HUM,IBM,ICE,IDXX,IFF,INCY,INTC,INTU,IP,IQV,IRM,ISRG,IT,ITW,IVZ,J,JBHT,JCI,JKHY,JNJ,JPM,KEY,KEYS,KHC,KIM,KKR,KLAC,KMB,KMI,KO,KR,L,LEN,LH,LHX,LIN,LLY,LMT,LNT,LOW,LRCX,LUV,LW,LYB,MA,MAA,MAR,MAS,MCD,MCHP,MCK,MCO,MDLZ,MDT,MET,META,MGM,MKC,MLM,MMM,MNST,MO,MOS,MPC,MRK,MRSH,MS,MSCI,MSFT,MSI,MTB,MTD,MU,NCLH,NDAQ,NEE,NEM,NFLX,NI,NKE,NOC,NRG,NSC,NTAP,NTRS,NUE,NVDA,NVR,NWS,NWSA,NXP,O,OKE,OMC,ORCL,ORLY,OXY,PAYX,PCAR,PEG,PEP,PFE,PFG,PG,PGR,PH,PHM,PKG,PLD,PM,PNC,PNR,PNW,PPG,PPL,PRU,PSA,PSKY,PSX,PTC,PWR,PYPL,QCOM,RCL,REG,REGN,RF,RJF,RL,RMD,ROK,ROL,ROP,ROST,RSG,RTX,RVTY,SBAC,SBUX,SCHW,SHW,SJM,SLB,SNA,SNPS,SO,SPG,SPGI,SRE,STT,STX,STZ,SW,SWK,SWKS,SYF,SYK,SYY,T,TAP,TDG,TEL,TFC,TGT,TJX,TMO,TPR,TROW,TRV,TSCO,TSN,TT,TTWO,TXN,TXT,UAL,UDR,UHS,ULTA,UNH,UNP,UPS,URI,USB,V,VLO,VMC,VRSK,VRSN,VRTX,VTR,VTRS,VZ,WAB,WAT,WDC,WEC,WELL,WFC,WM,WMB,WMT,WTW,WY,WYNN,XEL,XOM,XYL,YUM,ZBH,ZTS"
2019-06-30,"A,AAPL,ABBV,ABT,ACN,ADBE,ADI,ADM,ADP,ADSK,AEE,AEP,AES,AFL,AIG,AIZ,AJG,AKAM,ALB,ALGN,ALL,ALLE,AMAT,AMCR,AMD,AME,AMGN,AMP,AMT,AMZN,ANET,AON,AOS,APA,APD,APH,APTV,ARE,ATO,AVB,AVGO,AVY,AWK,AXP,AZO,BA,BAC,BALL,BAX,BBY,BDX,BEN,BF-B,BIIB,BK,BKNG,BKR,BLK,BMY,BR,BRK-B,BSX,BXP,C,CAG,CAH,CAT,CB,CBOE,CBRE,CCI,CCL,CDNS,CF,CFG,CHD,CHRW,CHTR,CI,CINF,CL,CLX,CMCSA,CME,CMG,CMI,CMS,CNC,CNP,COF,COO,COP,COR,COST,CPAY,CPB,CPRT,CRH,CRM,CSCO,CSX,CTAS,CTRA,CTSH,CTVA,CVS,CVX,D,DAL,DD,DE,DG,DGX,DHI,DHR,DIS,DLR,DLTR,DOC,DOV,DOW,DRI,DTE,DUK,DVA,DVN,EA,EBAY,ECL,ED,EFX,EG,EIX,EL,ELV,EMR,EOG,EQIX,EQR,ES,ESS,ETN,ETR,EVRG,EW,EXC,EXPD,EXPE,EXR,F,FANG,FAST,FCX,FDX,FE,FFIV,FIS,FISV,FITB,FOX,FOXA,FRT,FTNT,FTV,GD,GE,GEN,GILD,GIS,GL,GLW,GM,GOOG,GOOGL,GPC,GPN,GRMN,GS,GWW,HAL,HAS,HBAN,HCA,HD,HIG,HII,HLT,HOLX,HON,HPE,HPQ,HRL,HSIC,HST,HSY,HUM,IBM,ICE,IDXX,IFF,INCY,INTC,INTU,IP,IQV,IRM,ISRG,IT,ITW,IVZ,J,JBHT,JCI,JKHY,JNJ,JPM,KEY,KEYS,KHC,KIM,KKR,KLAC,KMB,KMI,KO,KR,L,LEN,LH,LHX,LIN,LLY,LMT,LNT,LOW,LRCX,LUV,LW,LYB,MA,MAA,MAR,MAS,MCD,MCHP,MCK,MCO,MDLZ,MDT,MET,META,MGM,MKC,MLM,MMM,MNST,MO,MOS,MPC,MRK,MRSH,MS,MSCI,MSFT,MSI,MTB,MTD,MU,NCLH,NDAQ,NEE,NEM,NFLX,NI,NKE,NOC,NRG,NSC,NTAP,NTRS,NUE,NVDA,NVR,NWS,NWSA,NXP,O,OKE,OMC,ORCL,ORLY,OXY,PAYX,PCAR,PEG,PEP,PFE,PFG,PG,PGR,PH,PHM,PKG,PLD,PM,PNC,PNR,PNW,PPG,PPL,PRU,PSA,PSKY,PSX,PTC,PWR,PYPL,QCOM,RCL,REG,REGN,RF,RJF,RL,RMD,ROK,ROL,ROP,ROST,RSG,RTX,RVTY,SBAC,SBUX,SCHW,SHW,SJM,SLB,SNA,SNPS,SO,SPG,SPGI,SRE,STT,STX,STZ,SW,SWK,SWKS,SYF,SYK,SYY,T,TAP,TDG,TEL,TFC,TGT,TJX,TMO,TMUS,TPR,TROW,TRV,TSCO,TSN,TT,TTWO,TXN,TXT,UAL,UDR,UHS,ULTA,UNH,UNP,UPS,URI,USB,V,VLO,VMC,VRSK,VRSN,VRTX,VTR,VTRS,VZ,WAB,WAT,WDC,WEC,WELL,WFC,WM,WMB,WMT,WTW,WY,WYNN,XEL,XOM,XYL,YUM,ZBH,ZTS"
2019-07-31,"A,AAPL,ABBV,ABT,ACN,ADBE,ADI,ADM,ADP,ADSK,AEE,AEP,AES,AFL,AIG,AIZ,AJG,AKAM,ALB,ALGN,ALL,ALLE,AMAT,AMCR,AMD,AME,AMGN,AMP,AMT,AMZN,ANET,AON,AOS,APA,APD,APH,APTV,ARE,ATO,AVB,AVGO,AVY,AWK,AXP,AZO,BA,BAC,BALL,BAX,BBY,BDX,BEN,BF-B,BIIB,BK,BKNG,BKR,BLK,BMY,BR,BRK-B,BSX,BXP,C,CAG,CAH,CAT,CB,CBOE,CBRE,CCI,CCL,CDNS,CF,CFG,CHD,CHRW,CHTR,CI,CINF,CL,CLX,CMCSA,CME,CMG,CMI,CMS,CNC,CNP,COF,COO,COP,COR,COST,CPAY,CPB,CPRT,CRH,CRM,CSCO,CSX,CTAS,CTRA,CTSH,CTVA,CVS,CVX,D,DAL,DD,DE,DG,DGX,DHI,DHR,DIS,DLR,DLTR,DOC,DOV,DOW,DRI,DTE,DUK,DVA,DVN,EA,EBAY,ECL,ED,EFX,EG,EIX,EL,ELV,EMR,EOG,EQIX,EQR,ES,ESS,ETN,ETR,EVRG,EW,EXC,EXPD,EXPE,EXR,F,FANG,FAST,FCX,FDX,FE,FFIV,FIS,FISV,FITB,FOX,FOXA,FRT,FTNT,FTV,GD,GE,GEN,GILD,GIS,GL,GLW,GM,GOOG,GOOGL,GPC,GPN,GRMN,GS,GWW,HAL,HAS,HBAN,HCA,HD,HIG,HII,HLT,HOLX,HON,HPE,HPQ,HRL,HSIC,HST,HSY,HUM,IBM,ICE,IDXX,IEX,IFF,INCY,INTC,INTU,IP,IQV,IRM,ISRG,IT,ITW,IVZ,J,JBHT,JCI,JKHY,JNJ,JPM,KEY,KEYS,KHC,KIM,KKR,KLAC,KMB,KMI,KO,KR,L,LDOS,LEN,LH,LHX,LIN,LLY,LMT,LNT,LOW,LRCX,LUV,LW,LYB,MA,MAA,MAR,MAS,MCD,MCHP,MCK,MCO,MDLZ,MDT,MET,META,MGM,MKC,MLM,MMM,MNST,MO,MOS,MPC,MRK,MRSH,MS,MSCI,MSFT,MSI,MTB,MTD,MU,NCLH,NDAQ,NEE,NEM,NFLX,NI,NKE,NOC,NRG,NSC,NTAP,NTRS,NUE,NVDA,NVR,NWS,NWSA,NXP,O,OKE,OMC,ORCL,ORLY,OXY,PAYX,PCAR,PEG,PEP,PFE,PFG,PG,PGR,PH,PHM,PKG,PLD,PM,PNC,PNR,PNW,PPG,PPL,PRU,PSA,PSKY,PSX,PTC,PWR,PYPL,QCOM,RCL,REG,REGN,RF,RJF,RL,RMD,ROK,ROL,ROP,ROST,RSG,RTX,RVTY,SBAC,SBUX,SCHW,SHW,SJM,SLB,SNA,SNPS,SO,SPG,SPGI,SRE,STT,STX,STZ,SW,SWK,SWKS,SYF,SYK,SYY,T,TAP,TDG,TEL,TFC,TGT,TJX,TMO,TMUS,TPR,TROW,TRV,TSCO,TSN,TT,TTWO,TXN,TXT,UAL,UDR,UHS,ULTA,UNH,UNP,UPS,URI,USB,V,VLO,VMC,VRSK,VRSN,VRTX,VTR,VTRS,VZ,WAB,WAT,WDC,WEC,WELL,WFC,WM,WMB,WMT,WTW,WY,WYNN,XEL,XOM,XYL,YUM,ZBH,ZTS"
2019-08-31,"A,AAPL,ABBV,ABT,ACN,ADBE,ADI,ADM,ADP,ADSK,AEE,AEP,AES,AFL,AIG,AIZ,AJG,AKAM,ALB,ALGN,ALL,ALLE,AMAT,AMCR,AMD,AME,AMGN,AMP,AMT,AMZN,ANET,AON,AOS,APA,APD,APH,APTV,ARE,ATO,AVB,AVGO,AVY,AWK,AXP,AZO,BA,BAC,BALL,BAX,BBY,BDX,BEN,BF-B,BIIB,BK,BKNG,BKR,BLK,BMY,BR,BRK-B,BSX,BXP,C,CAG,CAH,CAT,CB,CBOE,CBRE,CCI,CCL,CDNS,CDW,CF,CFG,CHD,CHRW,CHTR,CI,CINF,CL,CLX,CMCSA,CME,CMG,CMI,CMS,CNC,CNP,COF,COO,COP,COR,COST,CPAY,CPB,CPRT,CRH,CRM,CSCO,CSX,CTAS,CTRA,CTSH,CTVA,CVS,CVX,D,DAL,DD,DE,DG,DGX,DHI,DHR,DIS,DLR,DLTR,DOC,DOV,DOW,DRI,DTE,DUK,DVA,DVN,EA,EBAY,ECL,ED,EFX,EG,EIX,EL,ELV,EMR,EOG,EQIX,EQR,ES,ESS,ETN,ETR,EVRG,EW,EXC,EXPD,EXPE,EXR,F,FANG,FAST,FCX,FDX,FE,FFIV,FIS,FISV,FITB,FOX,FOXA,FRT,FTNT,FTV,GD,GE,GEN,GILD,GIS,GL,GLW,GM,GOOG,GOOGL,GPC,GPN,GRMN,GS,GWW,HAL,HAS,HBAN,HCA,HD,HIG,HII,HLT,HOLX,HON,HPE,HPQ,HRL,HSIC,HST,HSY,HUM,IBM,ICE,IDXX,IEX,IFF,INCY,INTC,INTU,IP,IQV,IRM,ISRG,IT,ITW,IVZ,J,JBHT,JCI,JKHY,JNJ,JPM,KEY,KEYS,KHC,KIM,KKR,KLAC,KMB,KMI,KO,KR,L,LDOS,LEN,LH,LHX,LIN,LLY,LMT,LNT,LOW,LRCX,LUV,LW,LYB,MA,MAA,MAR,MAS,MCD,MCHP,MCK,MCO,MDLZ,MDT,MET,META,MGM,MKC,MLM,MMM,MNST,MO,MOS,MPC,MRK,MRSH,MS,MSCI,MSFT,MSI,MTB,MTD,MU,NCLH,NDAQ,NEE,NEM,NFLX,NI,NKE,NOC,NRG,NSC,NTAP,NTRS,NUE,NVDA,NVR,NWS,NWSA,NXP,O,OKE,OMC,ORCL,ORLY,OXY,PAYX,PCAR,PEG,PEP,PFE,PFG,PG,PGR,PH,PHM,PKG,PLD,PM,PNC,PNR,PNW,PPG,PPL,PRU,PSA,PSKY,PSX,PTC,PWR,PYPL,QCOM,RCL,REG,REGN,RF,RJF,RL,RMD,ROK,ROL,ROP,ROST,RSG,RTX,RVTY,SBAC,SBUX,SCHW,SHW,SJM,SLB,SNA,SNPS,SO,SPG,SPGI,SRE,STT,STX,STZ,SW,SWK,SWKS,SYF,SYK,SYY,T,TAP,TDG,TEL,TFC,TGT,TJX,TMO,TMUS,TPR,TROW,TRV,TSCO,TSN,TT,TTWO,TXN,TXT,UAL,UDR,UHS,ULTA,UNH,UNP,UPS,URI,USB,V,VLO,VMC,VRSK,VRSN,VRTX,VTR,VTRS,VZ,WAB,WAT,WDC,WEC,WELL,WFC,WM,WMB,WMT,WTW,WY,WYNN,XEL,XOM,XYL,YUM,ZBH,ZTS"
2019-09-30,"A,AAPL,ABBV,ABT,ACN,ADBE,ADI,ADM,ADP,ADSK,AEE,AEP,AES,AFL,AIG,AIZ,AJG,AKAM,ALB,ALGN,ALL,ALLE,AMAT,AMCR,AMD,AME,AMGN,AMP,AMT,AMZN,ANET,AON,AOS,APA,APD,APH,APTV,ARE,ATO,AVB,AVGO,AVY,AWK,AXP,AZO,BA,BAC,BALL,BAX,BBY,BDX,BEN,BF-B,BIIB,BK,BKNG,BKR,BLK,BMY,BR,BRK-B,BSX,BXP,C,CAG,CAH,CAT,CB,CBOE,CBRE,CCI,CCL,CDNS,CDW,CF,CFG,CHD,CHRW,CHTR,CI,CINF,CL,CLX,CMCSA,CME,CMG,CMI,CMS,CNC,CNP,COF,COO,COP,COR,COST,CPAY,CPB,CPRT,CRH,CRM,CSCO,CSX,CTAS,CTRA,CTSH,CTVA,CVS,CVX,D,DAL,DD,DE,DG,DGX,DHI,DHR,DIS,DLR,DLTR,DOC,DOV,DOW,DRI,DTE,DUK,DVA,DVN,EA,EBAY,ECL,ED,EFX,EG,EIX,EL,ELV,EMR,EOG,EQIX,EQR,ES,ESS,ETN,ETR,EVRG,EW,EXC,EXPD,EXPE,EXR,F,FANG,FAST,FCX,FDX,FE,FFIV,FIS,FISV,FITB,FOX,FOXA,FRT,FTNT,FTV,GD,GE,GEN,GILD,GIS,GL,GLW,GM,GOOG,GOOGL,GPC,GPN,GRMN,GS,GWW,HAL,HAS,HBAN,HCA,HD,HIG,HII,HLT,HOLX,HON,HPE,HPQ,HRL,HSIC,HST,HSY,HUM,IBM,ICE,IDXX,IEX,IFF,INCY,INTC,INTU,IP,IQV,IRM,ISRG,IT,ITW,IVZ,J,JBHT,JCI,JKHY,JNJ,JPM,KEY,KEYS,KHC,KIM,KKR,KLAC,KMB,KMI,KO,KR,L,LDOS,LEN,LH,LHX,LIN,LLY,LMT,LNT,LOW,LRCX,LUV,LVS,LW,LYB,MA,MAA,MAR,MAS,MCD,MCHP,MCK,MCO,MDLZ,MDT,MET,META,MGM,MKC,MLM,MMM,MNST,MO,MOS,MPC,MRK,MRSH,MS,MSCI,MSFT,MSI,MTB,MTD,MU,NCLH,NDAQ,NEE,NEM,NFLX,NI,NKE,NOC,NRG,NSC,NTAP,NTRS,NUE,NVDA,NVR,NWS,NWSA,NXP,O,OKE,OMC,ORCL,ORLY,OXY,PAYX,PCAR,PEG,PEP,PFE,PFG,PG,PGR,PH,PHM,PKG,PLD,PM,PNC,PNR,PNW,PPG,PPL,PRU,PSA,PSKY,PSX,PTC,PWR,PYPL,QCOM,RCL,REG,REGN,RF,RJF,RL,RMD,ROK,ROL,ROP,ROST,RSG,RTX,RVTY,SBAC,SBUX,SCHW,SHW,SJM,SLB,SNA,SNPS,SO,SPG,SPGI,SRE,STT,STX,STZ,SW,SWK,SWKS,SYF,SYK,SYY,T,TAP,TDG,TEL,TFC,TGT,TJX,TMO,TMUS,TPR,TROW,TRV,TSCO,TSN,TT,TTWO,TXN,TXT,UAL,UDR,UHS,ULTA,UNH,UNP,UPS,URI,USB,V,VLO,VMC,VRSK,VRSN,VRTX,VTR,VTRS,VZ,WAB,WAT,WDC,WEC,WELL,WFC,WM,WMB,WMT,WTW,WY,WYNN,XEL,XOM,XYL,YUM,ZBH,ZTS"
2019-10-31,"A,AAPL,ABBV,ABT,ACN,ADBE,ADI,ADM,ADP,ADSK,AEE,AEP,AES,AFL,AIG,AIZ,AJG,AKAM,ALB,ALGN,ALL,ALLE,AMAT,AMCR,AMD,AME,AMGN,AMP,AMT,AMZN,ANET,AON,AOS,APA,APD,APH,APTV,ARE,ATO,AVB,AVGO,AVY,AWK,AXP,AZO,BA,BAC,BALL,BAX,BBY,BDX,BEN,BF-B,BIIB,BK,BKNG,BKR,BLK,BMY,BR,BRK-B,BSX,BXP,C,CAG,CAH,CAT,CB,CBOE,CBRE,CCI,CCL,CDNS,CDW,CF,CFG,CHD,CHRW,CHTR,CI,CINF,CL,CLX,CMCSA,CME,CMG,CMI,CMS,CNC,CNP,COF,COO,COP,COR,COST,CPAY,CPB,CPRT,CRH,CRM,CSCO,CSX,CTAS,CTRA,CTSH,CTVA,CVS,CVX,D,DAL,DD,DE,DG,DGX,DHI,DHR,DIS,DLR,DLTR,DOC,DOV,DOW,DRI,DTE,DUK,DVA,DVN,EA,EBAY,ECL,ED,EFX,EG,EIX,EL,ELV,EMR,EOG,EQIX,EQR,ES,ESS,ETN,ETR,EVRG,EW,EXC,EXPD,EXPE,EXR,F,FANG,FAST,FCX,FDX,FE,FFIV,FIS,FISV,FITB,FOX,FOXA,FRT,FTNT,FTV,GD,GE,GEN,GILD,GIS,GL,GLW,GM,GOOG,GOOGL,GPC,GPN,GRMN,GS,GWW,HAL,HAS,HBAN,HCA,HD,HIG,HII,HLT,HOLX,HON,HPE,HPQ,HRL,HSIC,HST,HSY,HUM,IBM,ICE,IDXX,IEX,IFF,INCY,INTC,INTU,IP,IQV,IRM,ISRG,IT,ITW,IVZ,J,JBHT,JCI,JKHY,JNJ,JPM,KEY,KEYS,KHC,KIM,KKR,KLAC,KMB,KMI,KO,KR,L,LDOS,LEN,LH,LHX,LIN,LLY,LMT,LNT,LOW,LRCX,LUV,LVS,LW,LYB,MA,MAA,MAR,MAS,MCD,MCHP,MCK,MCO,MDLZ,MDT,MET,META,MGM,MKC,MLM,MMM,MNST,MO,MOS,MPC,MRK,MRSH,MS,MSCI,MSFT,MSI,MTB,MTD,MU,NCLH,NDAQ,NEE,NEM,NFLX,NI,NKE,NOC,NOW,NRG,NSC,NTAP,NTRS,NUE,NVDA,NVR,NWS,NWSA,NXP,O,OKE,OMC,ORCL,ORLY,OXY,PAYX,PCAR,PEG,PEP,PFE,PFG,PG,PGR,PH,PHM,PKG,PLD,PM,PNC,PNR,PNW,PPG,PPL,PRU,PSA,PSKY,PSX,PTC,PWR,PYPL,QCOM,RCL,REG,REGN,RF,RJF,RL,RMD,ROK,ROL,ROP,ROST,RSG,RTX,RVTY,SBAC,SBUX,SCHW,SHW,SJM,SLB,SNA,SNPS,SO,SPG,SPGI,SRE,STT,STX,STZ,SW,SWK,SWKS,SYF,SYK,SYY,T,TAP,TDG,TEL,TFC,TGT,TJX,TMO,TMUS,TPR,TROW,TRV,TSCO,TSN,TT,TTWO,TXN,TXT,UAL,UDR,UHS,ULTA,UNH,UNP,UPS,URI,USB,V,VLO,VMC,VRSK,VRSN,VRTX,VTR,VTRS,VZ,WAB,WAT,WDC,WEC,WELL,WFC,WM,WMB,WMT,WTW,WY,WYNN,XEL,XOM,XYL,YUM,ZBH,ZTS"
2019-11-30,"A,AAPL,ABBV,ABT,ACN,ADBE,ADI,ADM,ADP,ADSK,AEE,AEP,AES,AFL,AIG,AIZ,AJG,AKAM,ALB,ALGN,ALL,ALLE,AMAT,AMCR,AMD,AME,AMGN,AMP,AMT,AMZN,ANET,AON,AOS,APA,APD,APH,APTV,ARE,ATO,AVB,AVGO,AVY,AWK,AXP,AZO,BA,BAC,BALL,BAX,BBY,BDX,BEN,BF-B,BIIB,BK,BKNG,BKR,BLK,BMY,BR,BRK-B,BSX,BXP,C,CAG,CAH,CAT,CB,CBOE,CBRE,CCI,CCL,CDNS,CDW,CF,CFG,CHD,CHRW,CHTR,CI,CINF,CL,CLX,CMCSA,CME,CMG,CMI,CMS,CNC,CNP,COF,COO,COP,COR,COST,CPAY,CPB,CPRT,CRH,CRM,CSCO,CSX,CTAS,CTRA,CTSH,CTVA,CVS,CVX,D,DAL,DD,DE,DG,DGX,DHI,DHR,DIS,DLR,DLTR,DOC,DOV,DOW,DRI,DTE,DUK,DVA,DVN,EA,EBAY,ECL,ED,EFX,EG,EIX,EL,ELV,EMR,EOG,EQIX,EQR,ES,ESS,ETN,ETR,EVRG,EW,EXC,EXPD,EXPE,EXR,F,FANG,FAST,FCX,FDX,FE,FFIV,FIS,FISV,FITB,FOX,FOXA,FRT,FTNT,FTV,GD,GE,GEN,GILD,GIS,GL,GLW,GM,GOOG,GOOGL,GPC,GPN,GRMN,GS,GWW,HAL,HAS,HBAN,HCA,HD,HIG,HII,HLT,HOLX,HON,HPE,HPQ,HRL,HSIC,HST,HSY,HUM,IBM,ICE,IDXX,IEX,IFF,INCY,INTC,INTU,IP,IQV,IRM,ISRG,IT,ITW,IVZ,J,JBHT,JCI,JKHY,JNJ,JPM,KEY,KEYS,KHC,KIM,KKR,KLAC,KMB,KMI,KO,KR,L,LDOS,LEN,LH,LHX,LIN,LLY,LMT,LNT,LOW,LRCX,LUV,LVS,LW,LYB,LYV,MA,MAA,MAR,MAS,MCD,MCHP,MCK,MCO,MDLZ,MDT,MET,META,MGM,MKC,MLM,MMM,MNST,MO,MOS,MPC,MRK,MRSH,MS,MSCI,MSFT,MSI,MTB,MTD,MU,NCLH,NDAQ,NEE,NEM,NFLX,NI,NKE,NOC,NOW,NRG,NSC,NTAP,NTRS,NUE,NVDA,NVR,NWS,NWSA,NXP,O,ODFL,OKE,OMC,ORCL,ORLY,OXY,PAYX,PCAR,PEG,PEP,PFE,PFG,PG,PGR,PH,PHM,PKG,PLD,PM,PNC,PNR,PNW,PPG,PPL,PRU,PSA,PSKY,PSX,PTC,PWR,PYPL,QCOM,RCL,REG,REGN,RF,RJF,RL,RMD,ROK,ROL,ROP,ROST,RSG,RTX,RVTY,SBAC,SBUX,SCHW,SHW,SJM,SLB,SNA,SNPS,SO,SPG,SPGI,SRE,STE,STT,STX,STZ,SW,SWK,SWKS,SYF,SYK,SYY,T,TAP,TDG,TEL,TFC,TGT,TJX,TMO,TMUS,TPR,TROW,TRV,TSCO,TSN,TT,TTWO,TXN,TXT,UAL,UDR,UHS,ULTA,UNH,UNP,UPS,URI,USB,V,VLO,VMC,VRSK,VRSN,VRTX,VTR,VTRS,VZ,WAB,WAT,WDC,WEC,WELL,WFC,WM,WMB,WMT,WRB,WTW,WY,WYNN,XEL,XOM,XYL,YUM,ZBH,ZBRA,ZTS"
2019-12-31,"A,AAPL,ABBV,ABT,ACN,ADBE,ADI,ADM,ADP,ADSK,AEE,AEP,AES,AFL,AIG,AIZ,AJG,AKAM,ALB,ALGN,ALL,ALLE,AMAT,AMCR,AMD,AME,AMGN,AMP,AMT,AMZN,ANET,AON,AOS,APA,APD,APH,APTV,ARE,ATO,AVB,AVGO,AVY,AWK,AXP,AZO,BA,BAC,BALL,BAX,BBY,BDX,BEN,BF-B,BIIB,BK,BKNG,BKR,BLK,BMY,BR,BRK-B,BSX,BXP,C,CAG,CAH,CAT,CB,CBOE,CBRE,CCI,CCL,CDNS,CDW,CF,CFG,CHD,CHRW,CHTR,CI,CINF,CL,CLX,CMCSA,CME,CMG,CMI,CMS,CNC,CNP,COF,COO,COP,COR,COST,CPAY,CPB,CPRT,CRH,CRM,CSCO,CSX,CTAS,CTRA,CTSH,CTVA,CVS,CVX,D,DAL,DD,DE,DG,DGX,DHI,DHR,DIS,DLR,DLTR,DOC,DOV,DOW,DRI,DTE,DUK,DVA,DVN,EA,EBAY,ECL,ED,EFX,EG,EIX,EL,ELV,EMR,EOG,EQIX,EQR,ES,ESS,ETN,ETR,EVRG,EW,EXC,EXPD,EXPE,EXR,F,FANG,FAST,FCX,FDX,FE,FFIV,FIS,FISV,FITB,FOX,FOXA,FRT,FTNT,FTV,GD,GE,GEN,GILD,GIS,GL,GLW,GM,GOOG,GOOGL,GPC,GPN,GRMN,GS,GWW,HAL,HAS,HBAN,HCA,HD,HIG,HII,HLT,HOLX,HON,HPE,HPQ,HRL,HSIC,HST,HSY,HUM,IBM,ICE,IDXX,IEX,IFF,INCY,INTC,INTU,IP,IQV,IRM,ISRG,IT,ITW,IVZ,J,JBHT,JCI,JKHY,JNJ,JPM,KEY,KEYS,KHC,KIM,KKR,KLAC,KMB,KMI,KO,KR,L,LDOS,LEN,LH,LHX,LIN,LLY,LMT,LNT,LOW,LRCX,LUV,LVS,LW,LYB,LYV,MA,MAA,MAR,MAS,MCD,MCHP,MCK,MCO,MDLZ,MDT,MET,META,MGM,MKC,MLM,MMM,MNST,MO,MOS,MPC,MRK,MRSH,MS,MSCI,MSFT,MSI,MTB,MTD,MU,NCLH,NDAQ,NEE,NEM,NFLX,NI,NKE,NOC,NOW,NRG,NSC,NTAP,NTRS,NUE,NVDA,NVR,NWS,NWSA,NXP,O,ODFL,OKE,OMC,ORCL,ORLY,OXY,PAYC,PAYX,PCAR,PEG,PEP,PFE,PFG,PG,PGR,PH,PHM,PKG,PLD,PM,PNC,PNR,PNW,PPG,PPL,PRU,PSA,PSKY,PSX,PTC,PWR,PYPL,QCOM,RCL,REG,REGN,RF,RJF,RL,RMD,ROK,ROL,ROP,ROST,RSG,RTX,RVTY,SBAC,SBUX,SCHW,SHW,SJM,SLB,SNA,SNPS,SO,SPG,SPGI,SRE,STE,STT,STX,STZ,SW,SWK,SWKS,SYF,SYK,SYY,T,TAP,TDG,TEL,TFC,TGT,TJX,TMO,TMUS,TPR,TROW,TRV,TSCO,TSN,TT,TTWO,TXN,TXT,UAL,UDR,UHS,ULTA,UNH,UNP,UPS,URI,USB,V,VLO,VMC,VRSK,VRSN,VRTX,VTR,VTRS,VZ,WAB,WAT,WDC,WEC,WELL,WFC,WM,WMB,WMT,WRB,WTW,WY,WYNN,XEL,XOM,XYL,YUM,ZBH,ZBRA,ZTS"
2020-01-31,"A,AAPL,ABBV,ABT,ACN,ADBE,ADI,ADM,ADP,ADSK,AEE,AEP,AES,AFL,AIG,AIZ,AJG,AKAM,ALB,ALGN,ALL,ALLE,AMAT,AMCR,AMD,AME,AMGN,AMP,AMT,AMZN,ANET,AON,AOS,APA,APD,APH,APTV,ARE,ATO,AVB,AVGO,AVY,AWK,AXP,AZO,BA,BAC,BALL,BAX,BBY,BDX,BEN,BF-B,BIIB,BK,BKNG,BKR,BLK,BMY,BR,BRK-B,BSX,BXP,C,CAG,CAH,CAT,CB,CBOE,CBRE,CCI,CCL,CDNS,CDW,CF,CFG,CHD,CHRW,CHTR,CI,CINF,CL,CLX,CMCSA,CME,CMG,CMI,CMS,CNC,CNP,COF,COO,COP,COR,COST,CPAY,CPB,CPRT,CRH,CRM,CSCO,CSX,CTAS,CTRA,CTSH,CTVA,CVS,CVX,D,DAL,DD,DE,DG,DGX,DHI,DHR,DIS,DLR,DLTR,DOC,DOV,DOW,DRI,DTE,DUK,DVA,DVN,EA,EBAY,ECL,ED,EFX,EG,EIX,EL,ELV,EMR,EOG,EQIX,EQR,ES,ESS,ETN,ETR,EVRG,EW,EXC,EXPD,EXPE,EXR,F,FANG,FAST,FCX,FDX,FE,FFIV,FIS,FISV,FITB,FOX,FOXA,FRT,FTNT,FTV,GD,GE,GEN,GILD,GIS,GL,GLW,GM,GOOG,GOOGL,GPC,GPN,GRMN,GS,GWW,HAL,HAS,HBAN,HCA,HD,HIG,HII,HLT,HOLX,HON,HPE,HPQ,HRL,HSIC,HST,HSY,HUM,IBM,ICE,IDXX,IEX,IFF,INCY,INTC,INTU,IP,IQV,IRM,ISRG,IT,ITW,IVZ,J,JBHT,JCI,JKHY,JNJ,JPM,KEY,KEYS,KHC,KIM,KKR,KLAC,KMB,KMI,KO,KR,L,LDOS,LEN,LH,LHX,LIN,LLY,LMT,LNT,LOW,LRCX,LUV,LVS,LW,LYB,LYV,MA,MAA,MAR,MAS,MCD,MCHP,MCK,MCO,MDLZ,MDT,MET,META,MGM,MKC,MLM,MMM,MNST,MO,MOS,MPC,MRK,MRSH,MS,MSCI,MSFT,MSI,MTB,MTD,MU,NCLH,NDAQ,NEE,NEM,NFLX,NI,NKE,NOC,NOW,NRG,NSC,NTAP,NTRS,NUE,NVDA,NVR,NWS,NWSA,NXP,O,ODFL,OKE,OMC,ORCL,ORLY,OXY,PAYC,PAYX,PCAR,PEG,PEP,PFE,PFG,PG,PGR,PH,PHM,PKG,PLD,PM,PNC,PNR,PNW,PPG,PPL,PRU,PSA,PSKY,PSX,PTC,PWR,PYPL,QCOM,RCL,REG,REGN,RF,RJF,RL,RMD,ROK,ROL,ROP,ROST,RSG,RTX,RVTY,SBAC,SBUX,SCHW,SHW,SJM,SLB,SNA,SNPS,SO,SPG,SPGI,SRE,STE,STT,STX,STZ,SW,SWK,SWKS,SYF,SYK,SYY,T,TAP,TDG,TEL,TFC,TGT,TJX,TMO,TMUS,TPR,TROW,TRV,TSCO,TSN,TT,TTWO,TXN,TXT,UAL,UDR,UHS,ULTA,UNH,UNP,UPS,URI,USB,V,VLO,VMC,VRSK,VRSN,VRTX,VTR,VTRS,VZ,WAB,WAT,WDC,WEC,WELL,WFC,WM,WMB,WMT,WRB,WTW,WY,WYNN,XEL,XOM,XYL,YUM,ZBH,ZBRA,ZTS"
2020-02-29,"A,AAPL,ABBV,ABT,ACN,ADBE,ADI,ADM,ADP,ADSK,AEE,AEP,AES,AFL,AIG,AIZ,AJG,AKAM,ALB,ALGN,ALL,ALLE,AMAT,AMCR,AMD,AME,AMGN,AMP,AMT,AMZN,ANET,AON,AOS,APA,APD,APH,APTV,ARE,ATO,AVB,AVGO,AVY,AWK,AXP,AZO,BA,BAC,BALL,BAX,BBY,BDX,BEN,BF-B,BIIB,BK,BKNG,BKR,BLK,BMY,BR,BRK-B,BSX,BXP,C,CAG,CAH,CAT,CB,CBOE,CBRE,CCI,CCL,CDNS,CDW,CF,CFG,CHD,CHRW,CHTR,CI,CINF,CL,CLX,CMCSA,CME,CMG,CMI,CMS,CNC,CNP,COF,COO,COP,COR,COST,CPAY,CPB,CPRT,CRH,CRM,CSCO,CSX,CTAS,CTRA,CTSH,CTVA,CVS,CVX,D,DAL,DD,DE,DG,DGX,DHI,DHR,DIS,DLR,DLTR,DOC,DOV,DOW,DRI,DTE,DUK,DVA,DVN,EA,EBAY,ECL,ED,EFX,EG,EIX,EL,ELV,EMR,EOG,EQIX,EQR,ES,ESS,ETN,ETR,EVRG,EW,EXC,EXPD,EXPE,EXR,F,FANG,FAST,FCX,FDX,FE,FFIV,FIS,FISV,FITB,FOX,FOXA,FRT,FTNT,FTV,GD,GE,GEN,GILD,GIS,GL,GLW,GM,GOOG,GOOGL,GPC,GPN,GRMN,GS,GWW,HAL,HAS,HBAN,HCA,HD,HIG,HII,HLT,HOLX,HON,HPE,HPQ,HRL,HSIC,HST,HSY,HUM,IBM,ICE,IDXX,IEX,IFF,INCY,INTC,INTU,IP,IQV,IR,IRM,ISRG,IT,ITW,IVZ,J,JBHT,JCI,JKHY,JNJ,JPM,KEY,KEYS,KHC,KIM,KKR,KLAC,KMB,KMI,KO,KR,L,LDOS,LEN,LH,LHX,LIN,LLY,LMT,LNT,LOW,LRCX,LUV,LVS,LW,LYB,LYV,MA,MAA,MAR,MAS,MCD,MCHP,MCK,MCO,MDLZ,MDT,MET,META,MGM,MKC,MLM,MMM,MNST,MO,MOS,MPC,MRK,MRSH,MS,MSCI,MSFT,MSI,MTB,MTD,MU,NCLH,NDAQ,NEE,NEM,NFLX,NI,NKE,NOC,NOW,NRG,NSC,NTAP,NTRS,NUE,NVDA,NVR,NWS,NWSA,NXP,O,ODFL,OKE,OMC,ORCL,ORLY,OXY,PAYC,PAYX,PCAR,PEG,PEP,PFE,PFG,PG,PGR,PH,PHM,PKG,PLD,PM,PNC,PNR,PNW,PPG,PPL,PRU,PSA,PSKY,PSX,PTC,PWR,PYPL,QCOM,RCL,REG,REGN,RF,RJF,RL,RMD,ROK,ROL,ROP,ROST,RSG,RTX,RVTY,SBAC,SBUX,SCHW,SHW,SJM,SLB,SNA,SNPS,SO,SPG,SPGI,SRE,STE,STT,STX,STZ,SW,SWK,SWKS,SYF,SYK,SYY,T,TAP,TDG,TEL,TFC,TGT,TJX,TMO,TMUS,TPR,TROW,TRV,TSCO,TSN,TT,TTWO,TXN,TXT,UAL,UDR,UHS,ULTA,UNH,UNP,UPS,URI,USB,V,VLO,VMC,VRSK,VRSN,VRTX,VTR,VTRS,VZ,WAB,WAT,WDC,WEC,WELL,WFC,WM,WMB,WMT,WRB,WTW,WY,WYNN,XEL,XOM,XYL,YUM,ZBH,ZBRA,ZTS"
2020-03-31,"A,AAPL,ABBV,ABT,ACN,ADBE,ADI,ADM,ADP,ADSK,AEE,AEP,AES,AFL,AIG,AIZ,AJG,AKAM,ALB,ALGN,ALL,ALLE,AMAT,AMCR,AMD,AME,AMGN,AMP,AMT,AMZN,ANET,AON,AOS,APA,APD,APH,APTV,ARE,ATO,AVB,AVGO,AVY,AWK,AXP,AZO,BA,BAC,BALL,BAX,BBY,BDX,BEN,BF-B,BIIB,BK,BKNG,BKR,BLK,BMY,BR,BRK-B,BSX,BXP,C,CAG,CAH,CARR,CAT,CB,CBOE,CBRE,CCI,CCL,CDNS,CDW,CF,CFG,CHD,CHRW,CHTR,CI,CINF,CL,CLX,CMCSA,CME,CMG,CMI,CMS,CNC,CNP,COF,COO,COP,COR,COST,CPAY,CPB,CPRT,CRH,CRM,CSCO,CSX,CTAS,CTRA,CTSH,CTVA,CVS,CVX,D,DAL,DD,DE,DG,DGX,DHI,DHR,DIS,DLR,DLTR,DOC,DOV,DOW,DRI,DTE,DUK,DVA,DVN,EA,EBAY,ECL,ED,EFX,EG,EIX,EL,ELV,EMR,EOG,EQIX,EQR,ES,ESS,ETN,ETR,EVRG,EW,EXC,EXPD,EXPE,EXR,F,FANG,FAST,FCX,FDX,FE,FFIV,FIS,FISV,FITB,FOX,FOXA,FRT,FTNT,FTV,GD,GE,GEN,GILD,GIS,GL,GLW,GM,GOOG,GOOGL,GPC,GPN,GRMN,GS,GWW,HAL,HAS,HBAN,HCA,HD,HIG,HII,HLT,HOLX,HON,HPE,HPQ,HRL,HSIC,HST,HSY,HUM,HWM,IBM,ICE,IDXX,IEX,IFF,INCY,INTC,INTU,IP,IQV,IR,IRM,ISRG,IT,ITW,IVZ,J,JBHT,JCI,JKHY,JNJ,JPM,KEY,KEYS,KHC,KIM,KKR,KLAC,KMB,KMI,KO,KR,L,LDOS,LEN,LH,LHX,LIN,LLY,LMT,LNT,LOW,LRCX,LUV,LVS,LW,LYB,LYV,MA,MAA,MAR,MAS,MCD,MCHP,MCK,MCO,MDLZ,MDT,MET,META,MGM,MKC,MLM,MMM,MNST,MO,MOS,MPC,MRK,MRSH,MS,MSCI,MSFT,MSI,MTB,MTD,MU,NCLH,NDAQ,NEE,NEM,NFLX,NI,NKE,NOC,NOW,NRG,NSC,NTAP,NTRS,NUE,NVDA,NVR,NWS,NWSA,NXP,O,ODFL,OKE,OMC,ORCL,ORLY,OTIS,OXY,PAYC,PAYX,PCAR,PEG,PEP,PFE,PFG,PG,PGR,PH,PHM,PKG,PLD,PM,PNC,PNR,PNW,PPG,PPL,PRU,PSA,PSKY,PSX,PTC,PWR,PYPL,QCOM,RCL,REG,REGN,RF,RJF,RL,RMD,ROK,ROL,ROP,ROST,RSG,RTX,RVTY,SBAC,SBUX,SCHW,SHW,SJM,SLB,SNA,SNPS,SO,SPG,SPGI,SRE,STE,STT,STX,STZ,SW,SWK,SWKS,SYF,SYK,SYY,T,TAP,TDG,TEL,TFC,TGT,TJX,TMO,TMUS,TPR,TROW,TRV,TSCO,TSN,TT,TTWO,TXN,TXT,UAL,UDR,UHS,ULTA,UNH,UNP,UPS,URI,USB,V,VLO,VMC,VRSK,VRSN,VRTX,VTR,VTRS,VZ,WAB,WAT,WDC,WEC,WELL,WFC,WM,WMB,WMT,WRB,WTW,WY,WYNN,XEL,XOM,XYL,YUM,ZBH,ZBRA,ZTS"
2020-04-30,"A,AAPL,ABBV,ABT,ACN,ADBE,ADI,ADM,ADP,ADSK,AEE,AEP,AES,AFL,AIG,AIZ,AJG,AKAM,ALB,ALGN,ALL,ALLE,AMAT,AMCR,AMD,AME,AMGN,AMP,AMT,AMZN,ANET,AON,AOS,APA,APD,APH,APTV,ARE,ATO,AVB,AVGO,AVY,AWK,AXP,AZO,BA,BAC,BALL,BAX,BBY,BDX,BEN,BF-B,BIIB,BK,BKNG,BKR,BLK,BMY,BR,BRK-B,BSX,BXP,C,CAG,CAH,CARR,CAT,CB,CBOE,CBRE,CCI,CCL,CDNS,CDW,CF,CFG,CHD,CHRW,CHTR,CI,CINF,CL,CLX,CMCSA,CME,CMG,CMI,CMS,CNC,CNP,COF,COO,COP,COR,COST,CPAY,CPB,CPRT,CRH,CRM,CSCO,CSX,CTAS,CTRA,CTSH,CTVA,CVS,CVX,D,DAL,DD,DE,DG,DGX,DHI,DHR,DIS,DLR,DLTR,DOC,DOV,DOW,DPZ,DRI,DTE,DUK,DVA,DVN,DXCM,EA,EBAY,ECL,ED,EFX,EG,EIX,EL,ELV,EMR,EOG,EQIX,EQR,ES,ESS,ETN,ETR,EVRG,EW,EXC,EXPD,EXPE,EXR,F,FANG,FAST,FCX,FDX,FE,FFIV,FIS,FISV,FITB,FOX,FOXA,FRT,FTNT,FTV,GD,GE,GEN,GILD,GIS,GL,GLW,GM,GOOG,GOOGL,GPC,GPN,GRMN,GS,GWW,HAL,HAS,HBAN,HCA,HD,HIG,HII,HLT,HOLX,HON,HPE,HPQ,HRL,HSIC,HST,HSY,HUM,HWM,IBM,ICE,IDXX,IEX,IFF,INCY,INTC,INTU,IP,IQV,IR,IRM,ISRG,IT,ITW,IVZ,J,JBHT,JCI,JKHY,JNJ,JPM,KEY,KEYS,KHC,KIM,KKR,KLAC,KMB,KMI,KO,KR,L,LDOS,LEN,LH,LHX,LIN,LLY,LMT,LNT,LOW,LRCX,LUV,LVS,LW,LYB,LYV,MA,MAA,MAR,MAS,MCD,MCHP,MCK,MCO,MDLZ,MDT,MET,META,MGM,MKC,MLM,MMM,MNST,MO,MOS,MPC,MRK,MRSH,MS,MSCI,MSFT,MSI,MTB,MTD,MU,NCLH,NDAQ,NEE,NEM,NFLX,NI,NKE,NOC,NOW,NRG,NSC,NTAP,NTRS,NUE,NVDA,NVR,NWS,NWSA,NXP,O,ODFL,OKE,OMC,ORCL,ORLY,OTIS,OXY,PAYC,PAYX,PCAR,PEG,PEP,PFE,PFG,PG,PGR,PH,PHM,PKG,PLD,PM,PNC,PNR,PNW,PPG,PPL,PRU,PSA,PSKY,PSX,PTC,PWR,PYPL,QCOM,RCL,REG,REGN,RF,RJF,RL,RMD,ROK,ROL,ROP,ROST,RSG,RTX,RVTY,SBAC,SBUX,SCHW,SHW,SJM,SLB,SNA,SNPS,SO,SPG,SPGI,SRE,STE,STT,STX,STZ,SW,SWK,SWKS,SYF,SYK,SYY,T,TAP,TDG,TEL,TFC,TGT,TJX,TMO,TMUS,TPR,TROW,TRV,TSCO,TSN,TT,TTWO,TXN,TXT,UAL,UDR,UHS,ULTA,UNH,UNP,UPS,URI,USB,V,VLO,VMC,VRSK,VRSN,VRTX,VTR,VTRS,VZ,WAB,WAT,WDC,WEC,WELL,WFC,WM,WMB,WMT,WRB,WST,WTW,WY,WYNN,XEL,XOM,XYL,YUM,ZBH,ZBRA,ZTS"
2020-05-31,"A,AAPL,ABBV,ABT,ACN,ADBE,ADI,ADM,ADP,ADSK,AEE,AEP,AES,AFL,AIG,AIZ,AJG,AKAM,ALB,ALGN,ALL,ALLE,AMAT,AMCR,AMD,AME,AMGN,AMP,AMT,AMZN,ANET,AON,AOS,APA,APD,APH,APTV,ARE,ATO,AVB,AVGO,AVY,AWK,AXP,AZO,BA,BAC,BALL,BAX,BBY,BDX,BEN,BF-B,BIIB,BK,BKNG,BKR,BLK,BMY,BR,BRK-B,BSX,BXP,C,CAG,CAH,CARR,CAT,CB,CBOE,CBRE,CCI,CCL,CDNS,CDW,CF,CFG,CHD,CHRW,CHTR,CI,CINF,CL,CLX,CMCSA,CME,CMG,CMI,CMS,CNC,CNP,COF,COO,COP,COR,COST,CPAY,CPB,CPRT,CRH,CRM,CSCO,CSX,CTAS,CTRA,CTSH,CTVA,CVS,CVX,D,DAL,DD,DE,DG,DGX,DHI,DHR,DIS,DLR,DLTR,DOC,DOV,DOW,DPZ,DRI,DTE,DUK,DVA,DVN,DXCM,EA,EBAY,ECL,ED,EFX,EG,EIX,EL,ELV,EMR,EOG,EQIX,EQR,ES,ESS,ETN,ETR,EVRG,EW,EXC,EXPD,EXPE,EXR,F,FANG,FAST,FCX,FDX,FE,FFIV,FIS,FISV,FITB,FOX,FOXA,FRT,FTNT,FTV,GD,GE,GEN,GILD,GIS,GL,GLW,GM,GOOG,GOOGL,GPC,GPN,GRMN,GS,GWW,HAL,HAS,HBAN,HCA,HD,HIG,HII,HLT,HOLX,HON,HPE,HPQ,HRL,HSIC,HST,HSY,HUM,HWM,IBM,ICE,IDXX,IEX,IFF,INCY,INTC,INTU,IP,IQV,IR,IRM,ISRG,IT,ITW,IVZ,J,JBHT,JCI,JKHY,JNJ,JPM,KEY,KEYS,KHC,KIM,KKR,KLAC,KMB,KMI,KO,KR,L,LDOS,LEN,LH,LHX,LIN,LLY,LMT,LNT,LOW,LRCX,LUV,LVS,LW,LYB,LYV,MA,MAA,MAR,MAS,MCD,MCHP,MCK,MCO,MDLZ,MDT,MET,META,MGM,MKC,MLM,MMM,MNST,MO,MOS,MPC,MRK,MRSH,MS,MSCI,MSFT,MSI,MTB,MTD,MU,NCLH,NDAQ,NEE,NEM,NFLX,NI,NKE,NOC,NOW,NRG,NSC,NTAP,NTRS,NUE,NVDA,NVR,NWS,NWSA,NXP,O,ODFL,OKE,OMC,ORCL,ORLY,OTIS,OXY,PAYC,PAYX,PCAR,PEG,PEP,PFE,PFG,PG,PGR,PH,PHM,PKG,PLD,PM,PNC,PNR,PNW,PPG,PPL,PRU,PSA,PSKY,PSX,PTC,PWR,PYPL,QCOM,RCL,REG,REGN,RF,RJF,RL,RMD,ROK,ROL,ROP,ROST,RSG,RTX,RVTY,SBAC,SBUX,SCHW,SHW,SJM,SLB,SNA,SNPS,SO,SPG,SPGI,SRE,STE,STT,STX,STZ,SW,SWK,SWKS,SYF,SYK,SYY,T,TAP,TDG,TDY,TEL,TFC,TGT,TJX,TMO,TMUS,TPR,TROW,TRV,TSCO,TSN,TT,TTWO,TXN,TXT,TYL,UAL,UDR,UHS,ULTA,UNH,UNP,UPS,URI,USB,V,VLO,VMC,VRSK,VRSN,VRTX,VTR,VTRS,VZ,WAB,WAT,WDC,WEC,WELL,WFC,WM,WMB,WMT,WRB,WST,WTW,WY,WYNN,XEL,XOM,XYL,YUM,ZBH,ZBRA,ZTS"
2020-06-30,"A,AAPL,ABBV,ABT,ACN,ADBE,ADI,ADM,ADP,ADSK,AEE,AEP,AES,AFL,AIG,AIZ,AJG,AKAM,ALB,ALGN,ALL,ALLE,AMAT,AMCR,AMD,AME,AMGN,AMP,AMT,AMZN,ANET,AON,AOS,APA,APD,APH,APTV,ARE,ATO,AVB,AVGO,AVY,AWK,AXP,AZO,BA,BAC,BALL,BAX,BBY,BDX,BEN,BF-B,BIIB,BK,BKNG,BKR,BLK,BMY,BR,BRK-B,BSX,BXP,C,CAG,CAH,CARR,CAT,CB,CBOE,CBRE,CCI,CCL,CDNS,CDW,CF,CFG,CHD,CHRW,CHTR,CI,CINF,CL,CLX,CMCSA,CME,CMG,CMI,CMS,CNC,CNP,COF,COO,COP,COR,COST,CPAY,CPB,CPRT,CRH,CRM,CSCO,CSX,CTAS,CTRA,CTSH,CTVA,CVS,CVX,D,DAL,DD,DE,DG,DGX,DHI,DHR,DIS,DLR,DLTR,DOC,DOV,DOW,DPZ,DRI,DTE,DUK,DVA,DVN,DXCM,EA,EBAY,ECL,ED,EFX,EG,EIX,EL,ELV,EMR,EOG,EQIX,EQR,ES,ESS,ETN,ETR,EVRG,EW,EXC,EXPD,EXPE,EXR,F,FANG,FAST,FCX,FDX,FE,FFIV,FIS,FISV,FITB,FOX,FOXA,FRT,FTNT,FTV,GD,GE,GEN,GILD,GIS,GL,GLW,GM,GOOG,GOOGL,GPC,GPN,GRMN,GS,GWW,HAL,HAS,HBAN,HCA,HD,HIG,HII,HLT,HOLX,HON,HPE,HPQ,HRL,HSIC,HST,HSY,HUM,HWM,IBM,ICE,IDXX,IEX,IFF,INCY,INTC,INTU,IP,IQV,IR,IRM,ISRG,IT,ITW,IVZ,J,JBHT,JCI,JKHY,JNJ,JPM,KEY,KEYS,KHC,KIM,KKR,KLAC,KMB,KMI,KO,KR,L,LDOS,LEN,LH,LHX,LIN,LLY,LMT,LNT,LOW,LRCX,LUV,LVS,LW,LYB,LYV,MA,MAA,MAR,MAS,MCD,MCHP,MCK,MCO,MDLZ,MDT,MET,META,MGM,MKC,MLM,MMM,MNST,MO,MOS,MPC,MRK,MRSH,MS,MSCI,MSFT,MSI,MTB,MTD,MU,NCLH,NDAQ,NEE,NEM,NFLX,NI,NKE,NOC,NOW,NRG,NSC,NTAP,NTRS,NUE,NVDA,NVR,NWS,NWSA,NXP,O,ODFL,OKE,OMC,ORCL,ORLY,OTIS,OXY,PAYC,PAYX,PCAR,PEG,PEP,PFE,PFG,PG,PGR,PH,PHM,PKG,PLD,PM,PNC,PNR,PNW,PPG,PPL,PRU,PSA,PSKY,PSX,PTC,PWR,PYPL,QCOM,RCL,REG,REGN,RF,RJF,RL,RMD,ROK,ROL,ROP,ROST,RSG,RTX,RVTY,SBAC,SBUX,SCHW,SHW,SJM,SLB,SNA,SNPS,SO,SPG,SPGI,SRE,STE,STT,STX,STZ,SW,SWK,SWKS,SYF,SYK,SYY,T,TAP,TDG,TDY,TEL,TFC,TGT,TJX,TMO,TMUS,TPR,TROW,TRV,TSCO,TSN,TT,TTWO,TXN,TXT,TYL,UAL,UDR,UHS,ULTA,UNH,UNP,UPS,URI,USB,V,VLO,VMC,VRSK,VRSN,VRTX,VTR,VTRS,VZ,WAB,WAT,WDC,WEC,WELL,WFC,WM,WMB,WMT,WRB,WST,WTW,WY,WYNN,XEL,XOM,XYL,YUM,ZBH,ZBRA,ZTS"
2020-07-31,"A,AAPL,ABBV,ABT,ACN,ADBE,ADI,ADM,ADP,ADSK,AEE,AEP,AES,AFL,AIG,AIZ,AJG,AKAM,ALB,ALGN,ALL,ALLE,AMAT,AMCR,AMD,AME,AMGN,AMP,AMT,AMZN,ANET,AON,AOS,APA,APD,APH,APTV,ARE,ATO,AVB,AVGO,AVY,AWK,AXP,AZO,BA,BAC,BALL,BAX,BBY,BDX,BEN,BF-B,BIIB,BK,BKNG,BKR,BLK,BMY,BR,BRK-B,BSX,BXP,C,CAG,CAH,CARR,CAT,CB,CBOE,CBRE,CCI,CCL,CDNS,CDW,CF,CFG,CHD,CHRW,CHTR,CI,CINF,CL,CLX,CMCSA,CME,CMG,CMI,CMS,CNC,CNP,COF,COO,COP,COR,COST,CPAY,CPB,CPRT,CRH,CRM,CSCO,CSX,CTAS,CTRA,CTSH,CTVA,CVS,CVX,D,DAL,DD,DE,DG,DGX,DHI,DHR,DIS,DLR,DLTR,DOC,DOV,DOW,DPZ,DRI,DTE,DUK,DVA,DVN,DXCM,EA,EBAY,ECL,ED,EFX,EG,EIX,EL,ELV,EMR,EOG,EQIX,EQR,ES,ESS,ETN,ETR,EVRG,EW,EXC,EXPD,EXPE,EXR,F,FANG,FAST,FCX,FDX,FE,FFIV,FIS,FISV,FITB,FOX,FOXA,FRT,FTNT,FTV,GD,GE,GEN,GILD,GIS,GL,GLW,GM,GOOG,GOOGL,GPC,GPN,GRMN,GS,GWW,HAL,HAS,HBAN,HCA,HD,HIG,HII,HLT,HOLX,HON,HPE,HPQ,HRL,HSIC,HST,HSY,HUM,HWM,IBM,ICE,IDXX,IEX,IFF,INCY,INTC,INTU,IP,IQV,IR,IRM,ISRG,IT,ITW,IVZ,J,JBHT,JCI,JKHY,JNJ,JPM,KEY,KEYS,KHC,KIM,KKR,KLAC,KMB,KMI,KO,KR,L,LDOS,LEN,LH,LHX,LIN,LLY,LMT,LNT,LOW,LRCX,LUV,LVS,LW,LYB,LYV,MA,MAA,MAR,MAS,MCD,MCHP,MCK,MCO,MDLZ,MDT,MET,META,MGM,MKC,MLM,MMM,MNST,MO,MOS,MPC,MRK,MRSH,MS,MSCI,MSFT,MSI,MTB,MTD,MU,NCLH,NDAQ,NEE,NEM,NFLX,NI,NKE,NOC,NOW,NRG,NSC,NTAP,NTRS,NUE,NVDA,NVR,NWS,NWSA,NXP,O,ODFL,OKE,OMC,ORCL,ORLY,OTIS,OXY,PAYC,PAYX,PCAR,PEG,PEP,PFE,PFG,PG,PGR,PH,PHM,PKG,PLD,PM,PNC,PNR,PNW,PPG,PPL,PRU,PSA,PSKY,PSX,PTC,PWR,PYPL,QCOM,RCL,REG,REGN,RF,RJF,RL,RMD,ROK,ROL,ROP,ROST,RSG,RTX,RVTY,SBAC,SBUX,SCHW,SHW,SJM,SLB,SNA,SNPS,SO,SPG,SPGI,SRE,STE,STT,STX,STZ,SW,SWK,SWKS,SYF,SYK,SYY,T,TAP,TDG,TDY,TEL,TFC,TGT,TJX,TMO,TMUS,TPR,TROW,TRV,TSCO,TSN,TT,TTWO,TXN,TXT,TYL,UAL,UDR,UHS,ULTA,UNH,UNP,UPS,URI,USB,V,VLO,VMC,VRSK,VRSN,VRTX,VTR,VTRS,VZ,WAB,WAT,WDC,WEC,WELL,WFC,WM,WMB,WMT,WRB,WST,WTW,WY,WYNN,XEL,XOM,XYL,YUM,ZBH,ZBRA,ZTS"
2020-08-31,"A,AAPL,ABBV,ABT,ACN,ADBE,ADI,ADM,ADP,ADSK,AEE,AEP,AES,AFL,AIG,AIZ,AJG,AKAM,ALB,ALGN,ALL,ALLE,AMAT,AMCR,AMD,AME,AMGN,AMP,AMT,AMZN,ANET,AON,AOS,APA,APD,APH,APTV,ARE,ATO,AVB,AVGO,AVY,AWK,AXP,AZO,BA,BAC,BALL,BAX,BBY,BDX,BEN,BF-B,BIIB,BK,BKNG,BKR,BLK,BMY,BR,BRK-B,BSX,BXP,C,CAG,CAH,CARR,CAT,CB,CBOE,CBRE,CCI,CCL,CDNS,CDW,CF,CFG,CHD,CHRW,CHTR,CI,CINF,CL,CLX,CMCSA,CME,CMG,CMI,CMS,CNC,CNP,COF,COO,COP,COR,COST,CPAY,CPB,CPRT,CRH,CRM,CSCO,CSX,CTAS,CTRA,CTSH,CTVA,CVS,CVX,D,DAL,DD,DE,DG,DGX,DHI,DHR,DIS,DLR,DLTR,DOC,DOV,DOW,DPZ,DRI,DTE,DUK,DVA,DVN,DXCM,EA,EBAY,ECL,ED,EFX,EG,EIX,EL,ELV,EMR,EOG,EQIX,EQR,ES,ESS,ETN,ETR,EVRG,EW,EXC,EXPD,EXPE,EXR,F,FANG,FAST,FCX,FDX,FE,FFIV,FIS,FISV,FITB,FOX,FOXA,FRT,FTNT,FTV,GD,GE,GEN,GILD,GIS,GL,GLW,GM,GOOG,GOOGL,GPC,GPN,GRMN,GS,GWW,HAL,HAS,HBAN,HCA,HD,HIG,HII,HLT,HOLX,HON,HPE,HPQ,HRL,HSIC,HST,HSY,HUM,HWM,IBM,ICE,IDXX,IEX,IFF,INCY,INTC,INTU,IP,IQV,IR,IRM,ISRG,IT,ITW,IVZ,J,JBHT,JCI,JKHY,JNJ,JPM,KEY,KEYS,KHC,KIM,KKR,KLAC,KMB,KMI,KO,KR,L,LDOS,LEN,LH,LHX,LIN,LLY,LMT,LNT,LOW,LRCX,LUV,LVS,LW,LYB,LYV,MA,MAA,MAR,MAS,MCD,MCHP,MCK,MCO,MDLZ,MDT,MET,META,MGM,MKC,MLM,MMM,MNST,MO,MOS,MPC,MRK,MRSH,MS,MSCI,MSFT,MSI,MTB,MTD,MU,NCLH,NDAQ,NEE,NEM,NFLX,NI,NKE,NOC,NOW,NRG,NSC,NTAP,NTRS,NUE,NVDA,NVR,NWS,NWSA,NXP,O,ODFL,OKE,OMC,ORCL,ORLY,OTIS,OXY,PAYC,PAYX,PCAR,PEG,PEP,PFE,PFG,PG,PGR,PH,PHM,PKG,PLD,PM,PNC,PNR,PNW,PPG,PPL,PRU,PSA,PSKY,PSX,PTC,PWR,PYPL,QCOM,RCL,REG,REGN,RF,RJF,RL,RMD,ROK,ROL,ROP,ROST,RSG,RTX,RVTY,SBAC,SBUX,SCHW,SHW,SJM,SLB,SNA,SNPS,SO,SPG,SPGI,SRE,STE,STT,STX,STZ,SW,SWK,SWKS,SYF,SYK,SYY,T,TAP,TDG,TDY,TEL,TER,TFC,TGT,TJX,TMO,TMUS,TPR,TROW,TRV,TSCO,TSN,TT,TTWO,TXN,TXT,TYL,UAL,UDR,UHS,ULTA,UNH,UNP,UPS,URI,USB,V,VLO,VMC,VRSK,VRSN,VRTX,VTR,VTRS,VZ,WAB,WAT,WDC,WEC,WELL,WFC,WM,WMB,WMT,WRB,WST,WTW,WY,WYNN,XEL,XOM,XYL,YUM,ZBH,ZBRA,ZTS"
2020-09-30,"A,AAPL,ABBV,ABT,ACN,ADBE,ADI,ADM,ADP,ADSK,AEE,AEP,AES,AFL,AIG,AIZ,AJG,AKAM,ALB,ALGN,ALL,ALLE,AMAT,AMCR,AMD,AME,AMGN,AMP,AMT,AMZN,ANET,AON,AOS,APA,APD,APH,APTV,ARE,ATO,AVB,AVGO,AVY,AWK,AXP,AZO,BA,BAC,BALL,BAX,BBY,BDX,BEN,BF-B,BIIB,BK,BKNG,BKR,BLK,BMY,BR,BRK-B,BSX,BXP,C,CAG,CAH,CARR,CAT,CB,CBOE,CBRE,CCI,CCL,CDNS,CDW,CF,CFG,CHD,CHRW,CHTR,CI,CINF,CL,CLX,CMCSA,CME,CMG,CMI,CMS,CNC,CNP,COF,COO,COP,COR,COST,CPAY,CPB,CPRT,CRH,CRM,CSCO,CSX,CTAS,CTRA,CTSH,CTVA,CVS,CVX,D,DAL,DD,DE,DG,DGX,DHI,DHR,DIS,DLR,DLTR,DOC,DOV,DOW,DPZ,DRI,DTE,DUK,DVA,DVN,DXCM,EA,EBAY,ECL,ED,EFX,EG,EIX,EL,ELV,EMR,EOG,EQIX,EQR,ES,ESS,ETN,ETR,EVRG,EW,EXC,EXPD,EXPE,EXR,F,FANG,FAST,FCX,FDX,FE,FFIV,FIS,FISV,FITB,FOX,FOXA,FRT,FTNT,FTV,GD,GE,GEN,GILD,GIS,GL,GLW,GM,GOOG,GOOGL,GPC,GPN,GRMN,GS,GWW,HAL,HAS,HBAN,HCA,HD,HIG,HII,HLT,HOLX,HON,HPE,HPQ,HRL,HSIC,HST,HSY,HUM,HWM,IBM,ICE,IDXX,IEX,IFF,INCY,INTC,INTU,IP,IQV,IR,IRM,ISRG,IT,ITW,IVZ,J,JBHT,JCI,JKHY,JNJ,JPM,KEY,KEYS,KHC,KIM,KKR,KLAC,KMB,KMI,KO,KR,L,LDOS,LEN,LH,LHX,LIN,LLY,LMT,LNT,LOW,LRCX,LUV,LVS,LW,LYB,LYV,MA,MAA,MAR,MAS,MCD,MCHP,MCK,MCO,MDLZ,MDT,MET,META,MGM,MKC,MLM,MMM,MNST,MO,MOS,MPC,MRK,MRSH,MS,MSCI,MSFT,MSI,MTB,MTD,MU,NCLH,NDAQ,NEE,NEM,NFLX,NI,NKE,NOC,NOW,NRG,NSC,NTAP,NTRS,NUE,NVDA,NVR,NWS,NWSA,NXP,O,ODFL,OKE,OMC,ORCL,ORLY,OTIS,OXY,PAYC,PAYX,PCAR,PEG,PEP,PFE,PFG,PG,PGR,PH,PHM,PKG,PLD,PM,PNC,PNR,PNW,POOL,PPG,PPL,PRU,PSA,PSKY,PSX,PTC,PWR,PYPL,QCOM,RCL,REG,REGN,RF,RJF,RL,RMD,ROK,ROL,ROP,ROST,RSG,RTX,RVTY,SBAC,SBUX,SCHW,SHW,SJM,SLB,SNA,SNPS,SO,SPG,SPGI,SRE,STE,STT,STX,STZ,SW,SWK,SWKS,SYF,SYK,SYY,T,TAP,TDG,TDY,TEL,TER,TFC,TGT,TJX,TMO,TMUS,TPR,TROW,TRV,TSCO,TSN,TT,TTWO,TXN,TXT,TYL,UAL,UDR,UHS,ULTA,UNH,UNP,UPS,URI,USB,V,VLO,VMC,VRSK,VRSN,VRTX,VTR,VTRS,VZ,WAB,WAT,WDC,WEC,WELL,WFC,WM,WMB,WMT,WRB,WST,WTW,WY,WYNN,XEL,XOM,XYL,YUM,ZBH,ZBRA,ZTS"
2020-10-31,"A,AAPL,ABBV,ABT,ACN,ADBE,ADI,ADM,ADP,ADSK,AEE,AEP,AES,AFL,AIG,AIZ,AJG,AKAM,ALB,ALGN,ALL,ALLE,AMAT,AMCR,AMD,AME,AMGN,AMP,AMT,AMZN,ANET,AON,AOS,APA,APD,APH,APTV,ARE,ATO,AVB,AVGO,AVY,AWK,AXP,AZO,BA,BAC,BALL,BAX,BBY,BDX,BEN,BF-B,BIIB,BK,BKNG,BKR,BLK,BMY,BR,BRK-B,BSX,BXP,C,CAG,CAH,CARR,CAT,CB,CBOE,CBRE,CCI,CCL,CDNS,CDW,CF,CFG,CHD,CHRW,CHTR,CI,CINF,CL,CLX,CMCSA,CME,CMG,CMI,CMS,CNC,CNP,COF,COO,COP,COR,COST,CPAY,CPB,CPRT,CRH,CRM,CSCO,CSX,CTAS,CTRA,CTSH,CTVA,CVS,CVX,D,DAL,DD,DE,DG,DGX,DHI,DHR,DIS,DLR,DLTR,DOC,DOV,DOW,DPZ,DRI,DTE,DUK,DVA,DVN,DXCM,EA,EBAY,ECL,ED,EFX,EG,EIX,EL,ELV,EMR,EOG,EQIX,EQR,ES,ESS,ETN,ETR,EVRG,EW,EXC,EXPD,EXPE,EXR,F,FANG,FAST,FCX,FDX,FE,FFIV,FIS,FISV,FITB,FOX,FOXA,FRT,FTNT,FTV,GD,GE,GEN,GILD,GIS,GL,GLW,GM,GOOG,GOOGL,GPC,GPN,GRMN,GS,GWW,HAL,HAS,HBAN,HCA,HD,HIG,HII,HLT,HOLX,HON,HPE,HPQ,HRL,HSIC,HST,HSY,HUM,HWM,IBM,ICE,IDXX,IEX,IFF,INCY,INTC,INTU,IP,IQV,IR,IRM,ISRG,IT,ITW,IVZ,J,JBHT,JCI,JKHY,JNJ,JPM,KEY,KEYS,KHC,KIM,KKR,KLAC,KMB,KMI,KO,KR,L,LDOS,LEN,LH,LHX,LIN,LLY,LMT,LNT,LOW,LRCX,LUV,LVS,LW,LYB,LYV,MA,MAA,MAR,MAS,MCD,MCHP,MCK,MCO,MDLZ,MDT,MET,META,MGM,MKC,MLM,MMM,MNST,MO,MOS,MPC,MRK,MRSH,MS,MSCI,MSFT,MSI,MTB,MTD,MU,NCLH,NDAQ,NEE,NEM,NFLX,NI,NKE,NOC,NOW,NRG,NSC,NTAP,NTRS,NUE,NVDA,NVR,NWS,NWSA,NXP,O,ODFL,OKE,OMC,ORCL,ORLY,OTIS,OXY,PAYC,PAYX,PCAR,PEG,PEP,PFE,PFG,PG,PGR,PH,PHM,PKG,PLD,PM,PNC,PNR,PNW,POOL,PPG,PPL,PRU,PSA,PSKY,PSX,PTC,PWR,PYPL,QCOM,RCL,REG,REGN,RF,RJF,RL,RMD,ROK,ROL,ROP,ROST,RSG,RTX,RVTY,SBAC,SBUX,SCHW,SHW,SJM,SLB,SNA,SNPS,SO,SPG,SPGI,SRE,STE,STT,STX,STZ,SW,SWK,SWKS,SYF,SYK,SYY,T,TAP,TDG,TDY,TEL,TER,TFC,TGT,TJX,TMO,TMUS,TPR,TROW,TRV,TSCO,TSN,TT,TTWO,TXN,TXT,TYL,UAL,UDR,UHS,ULTA,UNH,UNP,UPS,URI,USB,V,VLO,VMC,VRSK,VRSN,VRTX,VTR,VTRS,VZ,WAB,WAT,WDC,WEC,WELL,WFC,WM,WMB,WMT,WRB,WST,WTW,WY,WYNN,XEL,XOM,XYL,YUM,ZBH,ZBRA,ZTS"
2020-11-30,"A,AAPL,ABBV,ABT,ACN,ADBE,ADI,ADM,ADP,ADSK,AEE,AEP,AES,AFL,AIG,AIZ,AJG,AKAM,ALB,ALGN,ALL,ALLE,AMAT,AMCR,AMD,AME,AMGN,AMP,AMT,AMZN,ANET,AON,AOS,APA,APD,APH,APTV,ARE,ATO,AVB,AVGO,AVY,AWK,AXP,AZO,BA,BAC,BALL,BAX,BBY,BDX,BEN,BF-B,BIIB,BK,BKNG,BKR,BLK,BMY,BR,BRK-B,BSX,BXP,C,CAG,CAH,CARR,CAT,CB,CBOE,CBRE,CCI,CCL,CDNS,CDW,CF,CFG,CHD,CHRW,CHTR,CI,CINF,CL,CLX,CMCSA,CME,CMG,CMI,CMS,CNC,CNP,COF,COO,COP,COR,COST,CPAY,CPB,CPRT,CRH,CRM,CSCO,CSX,CTAS,CTRA,CTSH,CTVA,CVS,CVX,D,DAL,DD,DE,DG,DGX,DHI,DHR,DIS,DLR,DLTR,DOC,DOV,DOW,DPZ,DRI,DTE,DUK,DVA,DVN,DXCM,EA,EBAY,ECL,ED,EFX,EG,EIX,EL,ELV,EMR,EOG,EQIX,EQR,ES,ESS,ETN,ETR,EVRG,EW,EXC,EXPD,EXPE,EXR,F,FANG,FAST,FCX,FDX,FE,FFIV,FIS,FISV,FITB,FOX,FOXA,FRT,FTNT,FTV,GD,GE,GEN,GILD,GIS,GL,GLW,GM,GOOG,GOOGL,GPC,GPN,GRMN,GS,GWW,HAL,HAS,HBAN,HCA,HD,HIG,HII,HLT,HOLX,HON,HPE,HPQ,HRL,HSIC,HST,HSY,HUM,HWM,IBM,ICE,IDXX,IEX,IFF,INCY,INTC,INTU,IP,IQV,IR,IRM,ISRG,IT,ITW,IVZ,J,JBHT,JCI,JKHY,JNJ,JPM,KEY,KEYS,KHC,KIM,KKR,KLAC,KMB,KMI,KO,KR,L,LDOS,LEN,LH,LHX,LIN,LLY,LMT,LNT,LOW,LRCX,LUV,LVS,LW,LYB,LYV,MA,MAA,MAR,MAS,MCD,MCHP,MCK,MCO,MDLZ,MDT,MET,META,MGM,MKC,MLM,MMM,MNST,MO,MOS,MPC,MRK,MRSH,MS,MSCI,MSFT,MSI,MTB,MTD,MU,NCLH,NDAQ,NEE,NEM,NFLX,NI,NKE,NOC,NOW,NRG,NSC,NTAP,NTRS,NUE,NVDA,NVR,NWS,NWSA,NXP,O,ODFL,OKE,OMC,ORCL,ORLY,OTIS,OXY,PAYC,PAYX,PCAR,PEG,PEP,PFE,PFG,PG,PGR,PH,PHM,PKG,PLD,PM,PNC,PNR,PNW,POOL,PPG,PPL,PRU,PSA,PSKY,PSX,PTC,PWR,PYPL,QCOM,RCL,REG,REGN,RF,RJF,RL,RMD,ROK,ROL,ROP,ROST,RSG,RTX,RVTY,SBAC,SBUX,SCHW,SHW,SJM,SLB,SNA,SNPS,SO,SPG,SPGI,SRE,STE,STT,STX,STZ,SW,SWK,SWKS,SYF,SYK,SYY,T,TAP,TDG,TDY,TEL,TER,TFC,TGT,TJX,TMO,TMUS,TPR,TROW,TRV,TSCO,TSLA,TSN,TT,TTWO,TXN,TXT,TYL,UAL,UDR,UHS,ULTA,UNH,UNP,UPS,URI,USB,V,VLO,VMC,VRSK,VRSN,VRTX,VTR,VTRS,VZ,WAB,WAT,WDC,WEC,WELL,WFC,WM,WMB,WMT,WRB,WST,WTW,WY,WYNN,XEL,XOM,XYL,YUM,ZBH,ZBRA,ZTS"
2020-12-31,"A,AAPL,ABBV,ABT,ACN,ADBE,ADI,ADM,ADP,ADSK,AEE,AEP,AES,AFL,AIG,AIZ,AJG,AKAM,ALB,ALGN,ALL,ALLE,AMAT,AMCR,AMD,AME,AMGN,AMP,AMT,AMZN,ANET,AON,AOS,APA,APD,APH,APTV,ARE,ATO,AVB,AVGO,AVY,AWK,AXP,AZO,BA,BAC,BALL,BAX,BBY,BDX,BEN,BF-B,BIIB,BK,BKNG,BKR,BLK,BMY,BR,BRK-B,BSX,BXP,C,CAG,CAH,CARR,CAT,CB,CBOE,CBRE,CCI,CCL,CDNS,CDW,CF,CFG,CHD,CHRW,CHTR,CI,CINF,CL,CLX,CMCSA,CME,CMG,CMI,CMS,CNC,CNP,COF,COO,COP,COR,COST,CPAY,CPB,CPRT,CRH,CRM,CSCO,CSX,CTAS,CTRA,CTSH,CTVA,CVS,CVX,D,DAL,DD,DE,DG,DGX,DHI,DHR,DIS,DLR,DLTR,DOC,DOV,DOW,DPZ,DRI,DTE,DUK,DVA,DVN,DXCM,EA,EBAY,ECL,ED,EFX,EG,EIX,EL,ELV,EMR,EOG,EQIX,EQR,ES,ESS,ETN,ETR,EVRG,EW,EXC,EXPD,EXPE,EXR,F,FANG,FAST,FCX,FDX,FE,FFIV,FIS,FISV,FITB,FOX,FOXA,FRT,FTNT,FTV,GD,GE,GEN,GILD,GIS,GL,GLW,GM,GOOG,GOOGL,GPC,GPN,GRMN,GS,GWW,HAL,HAS,HBAN,HCA,HD,HIG,HII,HLT,HOLX,HON,HPE,HPQ,HRL,HSIC,HST,HSY,HUM,HWM,IBM,ICE,IDXX,IEX,IFF,INCY,INTC,INTU,IP,IQV,IR,IRM,ISRG,IT,ITW,IVZ,J,JBHT,JCI,JKHY,JNJ,JPM,KEY,KEYS,KHC,KIM,KKR,KLAC,KMB,KMI,KO,KR,L,LDOS,LEN,LH,LHX,LIN,LLY,LMT,LNT,LOW,LRCX,LUV,LVS,LW,LYB,LYV,MA,MAA,MAR,MAS,MCD,MCHP,MCK,MCO,MDLZ,MDT,MET,META,MGM,MKC,MLM,MMM,MNST,MO,MOS,MPC,MRK,MRSH,MS,MSCI,MSFT,MSI,MTB,MTD,MU,NCLH,NDAQ,NEE,NEM,NFLX,NI,NKE,NOC,NOW,NRG,NSC,NTAP,NTRS,NUE,NVDA,NVR,NWS,NWSA,NXP,O,ODFL,OKE,OMC,ORCL,ORLY,OTIS,OXY,PAYC,PAYX,PCAR,PEG,PEP,PFE,PFG,PG,PGR,PH,PHM,PKG,PLD,PM,PNC,PNR,PNW,POOL,PPG,PPL,PRU,PSA,PSKY,PSX,PTC,PWR,PYPL,QCOM,RCL,REG,REGN,RF,RJF,RL,RMD,ROK,ROL,ROP,ROST,RSG,RTX,RVTY,SBAC,SBUX,SCHW,SHW,SJM,SLB,SNA,SNPS,SO,SPG,SPGI,SRE,STE,STT,STX,STZ,SW,SWK,SWKS,SYF,SYK,SYY,T,TAP,TDG,TDY,TEL,TER,TFC,TGT,TJX,TMO,TMUS,TPR,TRMB,TROW,TRV,TSCO,TSLA,TSN,TT,TTWO,TXN,TXT,TYL,UAL,UDR,UHS,ULTA,UNH,UNP,UPS,URI,USB,V,VLO,VMC,VRSK,VRSN,VRTX,VTR,VTRS,VZ,WAB,WAT,WDC,WEC,WELL,WFC,WM,WMB,WMT,WRB,WST,WTW,WY,WYNN,XEL,XOM,XYL,YUM,ZBH,ZBRA,ZTS"
2021-01-31,"A,AAPL,ABBV,ABT,ACN,ADBE,ADI,ADM,ADP,ADSK,AEE,AEP,AES,AFL,AIG,AIZ,AJG,AKAM,ALB,ALGN,ALL,ALLE,AMAT,AMCR,AMD,AME,AMGN,AMP,AMT,AMZN,ANET,AON,AOS,APA,APD,APH,APTV,ARE,ATO,AVB,AVGO,AVY,AWK,AXP,AZO,BA,BAC,BALL,BAX,BBY,BDX,BEN,BF-B,BIIB,BK,BKNG,BKR,BLK,BMY,BR,BRK-B,BSX,BXP,C,CAG,CAH,CARR,CAT,CB,CBOE,CBRE,CCI,CCL,CDNS,CDW,CF,CFG,CHD,CHRW,CHTR,CI,CINF,CL,CLX,CMCSA,CME,CMG,CMI,CMS,CNC,CNP,COF,COO,COP,COR,COST,CPAY,CPB,CPRT,CRH,CRM,CSCO,CSX,CTAS,CTRA,CTSH,CTVA,CVS,CVX,D,DAL,DD,DE,DG,DGX,DHI,DHR,DIS,DLR,DLTR,DOC,DOV,DOW,DPZ,DRI,DTE,DUK,DVA,DVN,DXCM,EA,EBAY,ECL,ED,EFX,EG,EIX,EL,ELV,EMR,EOG,EQIX,EQR,ES,ESS,ETN,ETR,EVRG,EW,EXC,EXPD,EXPE,EXR,F,FANG,FAST,FCX,FDX,FE,FFIV,FIS,FISV,FITB,FOX,FOXA,FRT,FTNT,FTV,GD,GE,GEN,GILD,GIS,GL,GLW,GM,GOOG,GOOGL,GPC,GPN,GRMN,GS,GWW,HAL,HAS,HBAN,HCA,HD,HIG,HII,HLT,HOLX,HON,HPE,HPQ,HRL,HSIC,HST,HSY,HUM,HWM,IBM,ICE,IDXX,IEX,IFF,INCY,INTC,INTU,IP,IQV,IR,IRM,ISRG,IT,ITW,IVZ,J,JBHT,JCI,JKHY,JNJ,JPM,KEY,KEYS,KHC,KIM,KKR,KLAC,KMB,KMI,KO,KR,L,LDOS,LEN,LH,LHX,LIN,LLY,LMT,LNT,LOW,LRCX,LUV,LVS,LW,LYB,LYV,MA,MAA,MAR,MAS,MCD,MCHP,MCK,MCO,MDLZ,MDT,MET,META,MGM,MKC,MLM,MMM,MNST,MO,MOS,MPC,MPWR,MRK,MRSH,MS,MSCI,MSFT,MSI,MTB,MTD,MU,NCLH,NDAQ,NEE,NEM,NFLX,NI,NKE,NOC,NOW,NRG,NSC,NTAP,NTRS,NUE,NVDA,NVR,NWS,NWSA,NXP,O,ODFL,OKE,OMC,ORCL,ORLY,OTIS,OXY,PAYC,PAYX,PCAR,PEG,PEP,PFE,PFG,PG,PGR,PH,PHM,PKG,PLD,PM,PNC,PNR,PNW,POOL,PPG,PPL,PRU,PSA,PSKY,PSX,PTC,PWR,PYPL,QCOM,RCL,REG,REGN,RF,RJF,RL,RMD,ROK,ROL,ROP,ROST,RSG,RTX,RVTY,SBAC,SBUX,SCHW,SHW,SJM,SLB,SNA,SNPS,SO,SPG,SPGI,SRE,STE,STT,STX,STZ,SW,SWK,SWKS,SYF,SYK,SYY,T,TAP,TDG,TDY,TEL,TER,TFC,TGT,TJX,TMO,TMUS,TPR,TRMB,TROW,TRV,TSCO,TSLA,TSN,TT,TTWO,TXN,TXT,TYL,UAL,UDR,UHS,ULTA,UNH,UNP,UPS,URI,USB,V,VLO,VMC,VRSK,VRSN,VRTX,VTR,VTRS,VZ,WAB,WAT,WDC,WEC,WELL,WFC,WM,WMB,WMT,WRB,WST,WTW,WY,WYNN,XEL,XOM,XYL,YUM,ZBH,ZBRA,ZTS"
2021-02-28,"A,AAPL,ABBV,ABT,ACN,ADBE,ADI,ADM,ADP,ADSK,AEE,AEP,AES,AFL,AIG,AIZ,AJG,AKAM,ALB,ALGN,ALL,ALLE,AMAT,AMCR,AMD,AME,AMGN,AMP,AMT,AMZN,ANET,AON,AOS,APA,APD,APH,APTV,ARE,ATO,AVB,AVGO,AVY,AWK,AXP,AZO,BA,BAC,BALL,BAX,BBY,BDX,BEN,BF-B,BIIB,BK,BKNG,BKR,BLK,BMY,BR,BRK-B,BSX,BXP,C,CAG,CAH,CARR,CAT,CB,CBOE,CBRE,CCI,CCL,CDNS,CDW,CF,CFG,CHD,CHRW,CHTR,CI,CINF,CL,CLX,CMCSA,CME,CMG,CMI,CMS,CNC,CNP,COF,COO,COP,COR,COST,CPAY,CPB,CPRT,CRH,CRM,CSCO,CSX,CTAS,CTRA,CTSH,CTVA,CVS,CVX,D,DAL,DD,DE,DG,DGX,DHI,DHR,DIS,DLR,DLTR,DOC,DOV,DOW,DPZ,DRI,DTE,DUK,DVA,DVN,DXCM,EA,EBAY,ECL,ED,EFX,EG,EIX,EL,ELV,EMR,EOG,EQIX,EQR,ES,ESS,ETN,ETR,EVRG,EW,EXC,EXPD,EXPE,EXR,F,FANG,FAST,FCX,FDX,FE,FFIV,FIS,FISV,FITB,FOX,FOXA,FRT,FTNT,FTV,GD,GE,GEN,GILD,GIS,GL,GLW,GM,GNRC,GOOG,GOOGL,GPC,GPN,GRMN,GS,GWW,HAL,HAS,HBAN,HCA,HD,HIG,HII,HLT,HOLX,HON,HPE,HPQ,HRL,HSIC,HST,HSY,HUM,HWM,IBM,ICE,IDXX,IEX,IFF,INCY,INTC,INTU,IP,IQV,IR,IRM,ISRG,IT,ITW,IVZ,J,JBHT,JCI,JKHY,JNJ,JPM,KEY,KEYS,KHC,KIM,KKR,KLAC,KMB,KMI,KO,KR,L,LDOS,LEN,LH,LHX,LIN,LLY,LMT,LNT,LOW,LRCX,LUV,LVS,LW,LYB,LYV,MA,MAA,MAR,MAS,MCD,MCHP,MCK,MCO,MDLZ,MDT,MET,META,MGM,MKC,MLM,MMM,MNST,MO,MOS,MPC,MPWR,MRK,MRSH,MS,MSCI,MSFT,MSI,MTB,MTD,MU,NCLH,NDAQ,NEE,NEM,NFLX,NI,NKE,NOC,NOW,NRG,NSC,NTAP,NTRS,NUE,NVDA,NVR,NWS,NWSA,NXPI,O,ODFL,OKE,OMC,ORCL,ORLY,OTIS,OXY,PAYC,PAYX,PCAR,PEG,PEP,PFE,PFG,PG,PGR,PH,PHM,PKG,PLD,PM,PNC,PNR,PNW,POOL,PPG,PPL,PRU,PSA,PSKY,PSX,PTC,PWR,PYPL,QCOM,RCL,REG,REGN,RF,RJF,RL,RMD,ROK,ROL,ROP,ROST,RSG,RTX,RVTY,SBAC,SBUX,SCHW,SHW,SJM,SLB,SNA,SNPS,SO,SPG,SPGI,SRE,STE,STT,STX,STZ,SW,SWK,SWKS,SYF,SYK,SYY,T,TAP,TDG,TDY,TEL,TER,TFC,TGT,TJX,TMO,TMUS,TPR,TRMB,TROW,TRV,TSCO,TSLA,TSN,TT,TTWO,TXN,TXT,TYL,UAL,UDR,UHS,ULTA,UNH,UNP,UPS,URI,USB,V,VLO,VMC,VRSK,VRSN,VRTX,VTR,VTRS,VZ,WAB,WAT,WDC,WEC,WELL,WFC,WM,WMB,WMT,WRB,WST,WTW,WY,WYNN,XEL,XOM,XYL,YUM,ZBH,ZBRA,ZTS"
2021-03-31,"A,AAPL,ABBV,ABT,ACN,ADBE,ADI,ADM,ADP,ADSK,AEE,AEP,AES,AFL,AIG,AIZ,AJG,AKAM,ALB,ALGN,ALL,ALLE,AMAT,AMCR,AMD,AME,AMGN,AMP,AMT,AMZN,ANET,AON,AOS,APA,APD,APH,APTV,ARE,ATO,AVB,AVGO,AVY,AWK,AXP,AZO,BA,BAC,BALL,BAX,BBY,BDX,BEN,BF-B,BIIB,BK,BKNG,BKR,BLK,BMY,BR,BRK-B,BSX,BXP,C,CAG,CAH,CARR,CAT,CB,CBOE,CBRE,CCI,CCL,CDNS,CDW,CF,CFG,CHD,CHRW,CHTR,CI,CINF,CL,CLX,CMCSA,CME,CMG,CMI,CMS,CNC,CNP,COF,COO,COP,COR,COST,CPAY,CPB,CPRT,CRH,CRM,CSCO,CSX,CTAS,CTRA,CTSH,CTVA,CVS,CVX,D,DAL,DD,DE,DG,DGX,DHI,DHR,DIS,DLR,DLTR,DOC,DOV,DOW,DPZ,DRI,DTE,DUK,DVA,DVN,DXCM,EA,EBAY,ECL,ED,EFX,EG,EIX,EL,ELV,EMR,EOG,EQIX,EQR,ES,ESS,ETN,ETR,EVRG,EW,EXC,EXPD,EXPE,EXR,F,FANG,FAST,FCX,FDX,FE,FFIV,FIS,FISV,FITB,FOX,FOXA,FRT,FTNT,FTV,GD,GE,GEN,GILD,GIS,GL,GLW,GM,GNRC,GOOG,GOOGL,GPC,GPN,GRMN,GS,GWW,HAL,HAS,HBAN,HCA,HD,HIG,HII,HLT,HOLX,HON,HPE,HPQ,HRL,HSIC,HST,HSY,HUM,HWM,IBM,ICE,IDXX,IEX,IFF,INCY,INTC,INTU,IP,IQV,IR,IRM,ISRG,IT,ITW,IVZ,J,JBHT,JCI,JKHY,JNJ,JPM,KEY,KEYS,KHC,KIM,KKR,KLAC,KMB,KMI,KO,KR,L,LDOS,LEN,LH,LHX,LIN,LLY,LMT,LNT,LOW,LRCX,LUV,LVS,LW,LYB,LYV,MA,MAA,MAR,MAS,MCD,MCHP,MCK,MCO,MDLZ,MDT,MET,META,MGM,MKC,MLM,MMM,MNST,MO,MOS,MPC,MPWR,MRK,MRSH,MS,MSCI,MSFT,MSI,MTB,MTD,MU,NCLH,NDAQ,NEE,NEM,NFLX,NI,NKE,NOC,NOW,NRG,NSC,NTAP,NTRS,NUE,NVDA,NVR,NWS,NWSA,NXPI,O,ODFL,OKE,OMC,ORCL,ORLY,OTIS,OXY,PAYC,PAYX,PCAR,PEG,PEP,PFE,PFG,PG,PGR,PH,PHM,PKG,PLD,PM,PNC,PNR,PNW,POOL,PPG,PPL,PRU,PSA,PSKY,PSX,PTC,PWR,PYPL,QCOM,RCL,REG,REGN,RF,RJF,RL,RMD,ROK,ROL,ROP,ROST,RSG,RTX,RVTY,SBAC,SBUX,SCHW,SHW,SJM,SLB,SNA,SNPS,SO,SPG,SPGI,SRE,STE,STT,STX,STZ,SW,SWK,SWKS,SYF,SYK,SYY,T,TAP,TDG,TDY,TEL,TER,TFC,TGT,TJX,TMO,TMUS,TPR,TRMB,TROW,TRV,TSCO,TSLA,TSN,TT,TTWO,TXN,TXT,TYL,UAL,UDR,UHS,ULTA,UNH,UNP,UPS,URI,USB,V,VLO,VMC,VRSK,VRSN,VRTX,VTR,VTRS,VZ,WAB,WAT,WDC,WEC,WELL,WFC,WM,WMB,WMT,WRB,WST,WTW,WY,WYNN,XEL,XOM,XYL,YUM,ZBH,ZBRA,ZTS"
2021-04-30,"A,AAPL,ABBV,ABT,ACN,ADBE,ADI,ADM,ADP,ADSK,AEE,AEP,AES,AFL,AIG,AIZ,AJG,AKAM,ALB,ALGN,ALL,ALLE,AMAT,AMCR,AMD,AME,AMGN,AMP,AMT,AMZN,ANET,AON,AOS,APA,APD,APH,APTV,ARE,ATO,AVB,AVGO,AVY,AWK,AXP,AZO,BA,BAC,BALL,BAX,BBY,BDX,BEN,BF-B,BIIB,BK,BKNG,BKR,BLK,BMY,BR,BRK-B,BSX,BXP,C,CAG,CAH,CARR,CAT,CB,CBOE,CBRE,CCI,CCL,CDNS,CDW,CF,CFG,CHD,CHRW,CHTR,CI,CINF,CL,CLX,CMCSA,CME,CMG,CMI,CMS,CNC,CNP,COF,COO,COP,COR,COST,CPAY,CPB,CPRT,CRH,CRL,CRM,CSCO,CSX,CTAS,CTRA,CTSH,CTVA,CVS,CVX,D,DAL,DD,DE,DG,DGX,DHI,DHR,DIS,DLR,DLTR,DOC,DOV,DOW,DPZ,DRI,DTE,DUK,DVA,DVN,DXCM,EA,EBAY,ECL,ED,EFX,EG,EIX,EL,ELV,EMR,EOG,EQIX,EQR,ES,ESS,ETN,ETR,EVRG,EW,EXC,EXPD,EXPE,EXR,F,FANG,FAST,FCX,FDX,FE,FFIV,FIS,FISV,FITB,FOX,FOXA,FRT,FTNT,FTV,GD,GE,GEN,GILD,GIS,GL,GLW,GM,GNRC,GOOG,GOOGL,GPC,GPN,GRMN,GS,GWW,HAL,HAS,HBAN,HCA,HD,HIG,HII,HLT,HOLX,HON,HPE,HPQ,HRL,HSIC,HST,HSY,HUM,HWM,IBM,ICE,IDXX,IEX,IFF,INCY,INTC,INTU,IP,IQV,IR,IRM,ISRG,IT,ITW,IVZ,J,JBHT,JCI,JKHY,JNJ,JPM,KEY,KEYS,KHC,KIM,KKR,KLAC,KMB,KMI,KO,KR,L,LDOS,LEN,LH,LHX,LIN,LLY,LMT,LNT,LOW,LRCX,LUV,LVS,LW,LYB,LYV,MA,MAA,MAR,MAS,MCD,MCHP,MCK,MCO,MDLZ,MDT,MET,META,MGM,MKC,MLM,MMM,MNST,MO,MOS,MPC,MPWR,MRK,MRSH,MS,MSCI,MSFT,MSI,MTB,MTD,MU,NCLH,NDAQ,NEE,NEM,NFLX,NI,NKE,NOC,NOW,NRG,NSC,NTAP,NTRS,NUE,NVDA,NVR,NWS,NWSA,NXPI,O,ODFL,OKE,OMC,ORCL,ORLY,OTIS,OXY,PAYC,PAYX,PCAR,PEG,PEP,PFE,PFG,PG,PGR,PH,PHM,PKG,PLD,PM,PNC,PNR,PNW,POOL,PPG,PPL,PRU,PSA,PSKY,PSX,PTC,PWR,PYPL,QCOM,RCL,REG,REGN,RF,RJF,RL,RMD,ROK,ROL,ROP,ROST,RSG,RTX,RVTY,SBAC,SBUX,SCHW,SHW,SJM,SLB,SNA,SNPS,SO,SPG,SPGI,SRE,STE,STT,STX,STZ,SW,SWK,SWKS,SYF,SYK,SYY,T,TAP,TDG,TDY,TEL,TER,TFC,TGT,TJX,TMO,TMUS,TPR,TRMB,TROW,TRV,TSCO,TSLA,TSN,TT,TTWO,TXN,TXT,TYL,UAL,UDR,UHS,ULTA,UNH,UNP,UPS,URI,USB,V,VLO,VMC,VRSK,VRSN,VRTX,VTR,VTRS,VZ,WAB,WAT,WDC,WEC,WELL,WFC,WM,WMB,WMT,WRB,WST,WTW,WY,WYNN,XEL,XOM,XYL,YUM,ZBH,ZBRA,ZTS"
2021-05-31,"A,AAPL,ABBV,ABT,ACN,ADBE,ADI,ADM,ADP,ADSK,AEE,AEP,AES,AFL,AIG,AIZ,AJG,AKAM,ALB,ALGN,ALL,ALLE,AMAT,AMCR,AMD,AME,AMGN,AMP,AMT,AMZN,ANET,AON,AOS,APA,APD,APH,APTV,ARE,ATO,AVB,AVGO,AVY,AWK,AXP,AZO,BA,BAC,BALL,BAX,BBY,BDX,BEN,BF-B,BIIB,BK,BKNG,BKR,BLK,BMY,BR,BRK-B,BSX,BXP,C,CAG,CAH,CARR,CAT,CB,CBOE,CBRE,CCI,CCL,CDNS,CDW,CF,CFG,CHD,CHRW,CHTR,CI,CINF,CL,CLX,CMCSA,CME,CMG,CMI,CMS,CNC,CNP,COF,COO,COP,COR,COST,CPAY,CPB,CPRT,CRH,CRL,CRM,CSCO,CSX,CTAS,CTRA,CTSH,CTVA,CVS,CVX,D,DAL,DD,DE,DG,DGX,DHI,DHR,DIS,DLR,DLTR,DOC,DOV,DOW,DPZ,DRI,DTE,DUK,DVA,DVN,DXCM,EA,EBAY,ECL,ED,EFX,EG,EIX,EL,ELV,EMR,EOG,EQIX,EQR,ES,ESS,ETN,ETR,EVRG,EW,EXC,EXPD,EXPE,EXR,F,FANG,FAST,FCX,FDX,FE,FFIV,FIS,FISV,FITB,FOX,FOXA,FRT,FTNT,FTV,GD,GE,GEN,GILD,GIS,GL,GLW,GM,GNRC,GOOG,GOOGL,GPC,GPN,GRMN,GS,GWW,HAL,HAS,HBAN,HCA,HD,HIG,HII,HLT,HOLX,HON,HPE,HPQ,HRL,HSIC,HST,HSY,HUM,HWM,IBM,ICE,IDXX,IEX,IFF,INCY,INTC,INTU,IP,IQV,IR,IRM,ISRG,IT,ITW,IVZ,J,JBHT,JCI,JKHY,JNJ,JPM,KEY,KEYS,KHC,KIM,KKR,KLAC,KMB,KMI,KO,KR,L,LDOS,LEN,LH,LHX,LIN,LLY,LMT,LNT,LOW,LRCX,LUV,LVS,LW,LYB,LYV,MA,MAA,MAR,MAS,MCD,MCHP,MCK,MCO,MDLZ,MDT,MET,META,MGM,MKC,MLM,MMM,MNST,MO,MOS,MPC,MPWR,MRK,MRSH,MS,MSCI,MSFT,MSI,MTB,MTD,MU,NCLH,NDAQ,NEE,NEM,NFLX,NI,NKE,NOC,NOW,NRG,NSC,NTAP,NTRS,NUE,NVDA,NVR,NWS,NWSA,NXPI,O,ODFL,OKE,OMC,ORCL,ORLY,OTIS,OXY,PAYC,PAYX,PCAR,PEG,PEP,PFE,PFG,PG,PGR,PH,PHM,PKG,PLD,PM,PNC,PNR,PNW,POOL,PPG,PPL,PRU,PSA,PSKY,PSX,PTC,PWR,PYPL,QCOM,RCL,REG,REGN,RF,RJF,RL,RMD,ROK,ROL,ROP,ROST,RSG,RTX,RVTY,SBAC,SBUX,SCHW,SHW,SJM,SLB,SNA,SNPS,SO,SPG,SPGI,SRE,STE,STT,STX,STZ,SW,SWK,SWKS,SYF,SYK,SYY,T,TAP,TDG,TDY,TEL,TER,TFC,TGT,TJX,TMO,TMUS,TPR,TRMB,TROW,TRV,TSCO,TSLA,TSN,TT,TTWO,TXN,TXT,TYL,UAL,UDR,UHS,ULTA,UNH,UNP,UPS,URI,USB,V,VLO,VMC,VRSK,VRSN,VRTX,VTR,VTRS,VZ,WAB,WAT,WDC,WEC,WELL,WFC,WM,WMB,WMT,WRB,WST,WTW,WY,WYNN,XEL,XOM,XYL,YUM,ZBH,ZBRA,ZTS"
2021-06-30,"A,AAPL,ABBV,ABT,ACN,ADBE,ADI,ADM,ADP,ADSK,AEE,AEP,AES,AFL,AIG,AIZ,AJG,AKAM,ALB,ALGN,ALL,ALLE,AMAT,AMCR,AMD,AME,AMGN,AMP,AMT,AMZN,ANET,AON,AOS,APA,APD,APH,APTV,ARE,ATO,AVB,AVGO,AVY,AWK,AXP,AZO,BA,BAC,BALL,BAX,BBY,BDX,BEN,BF-B,BIIB,BK,BKNG,BKR,BLK,BMY,BR,BRK-B,BSX,BXP,C,CAG,CAH,CARR,CAT,CB,CBOE,CBRE,CCI,CCL,CDNS,CDW,CF,CFG,CHD,CHRW,CHTR,CI,CINF,CL,CLX,CMCSA,CME,CMG,CMI,CMS,CNC,CNP,COF,COO,COP,COR,COST,CPAY,CPB,CPRT,CRH,CRL,CRM,CSCO,CSX,CTAS,CTRA,CTSH,CTVA,CVS,CVX,D,DAL,DD,DE,DG,DGX,DHI,DHR,DIS,DLR,DLTR,DOC,DOV,DOW,DPZ,DRI,DTE,DUK,DVA,DVN,DXCM,EA,EBAY,ECL,ED,EFX,EG,EIX,EL,ELV,EMR,EOG,EQIX,EQR,ES,ESS,ETN,ETR,EVRG,EW,EXC,EXPD,EXPE,EXR,F,FANG,FAST,FCX,FDX,FE,FFIV,FIS,FISV,FITB,FOX,FOXA,FRT,FTNT,FTV,GD,GE,GEN,GILD,GIS,GL,GLW,GM,GNRC,GOOG,GOOGL,GPC,GPN,GRMN,GS,GWW,HAL,HAS,HBAN,HCA,HD,HIG,HII,HLT,HOLX,HON,HPE,HPQ,HRL,HSIC,HST,HSY,HUM,HWM,IBM,ICE,IDXX,IEX,IFF,INCY,INTC,INTU,IP,IQV,IR,IRM,ISRG,IT,ITW,IVZ,J,JBHT,JCI,JKHY,JNJ,JPM,KEY,KEYS,KHC,KIM,KKR,KLAC,KMB,KMI,KO,KR,L,LDOS,LEN,LH,LHX,LIN,LLY,LMT,LNT,LOW,LRCX,LUV,LVS,LW,LYB,LYV,MA,MAA,MAR,MAS,MCD,MCHP,MCK,MCO,MDLZ,MDT,MET,META,MGM,MKC,MLM,MMM,MNST,MO,MOS,MPC,MPWR,MRK,MRNA,MRSH,MS,MSCI,MSFT,MSI,MTB,MTD,MU,NCLH,NDAQ,NEE,NEM,NFLX,NI,NKE,NOC,NOW,NRG,NSC,NTAP,NTRS,NUE,NVDA,NVR,NWS,NWSA,NXPI,O,ODFL,OKE,OMC,ORCL,ORLY,OTIS,OXY,PAYC,PAYX,PCAR,PEG,PEP,PFE,PFG,PG,PGR,PH,PHM,PKG,PLD,PM,PNC,PNR,PNW,POOL,PPG,PPL,PRU,PSA,PSKY,PSX,PTC,PWR,PYPL,QCOM,RCL,REG,REGN,RF,RJF,RL,RMD,ROK,ROL,ROP,ROST,RSG,RTX,RVTY,SBAC,SBUX,SCHW,SHW,SJM,SLB,SNA,SNPS,SO,SPG,SPGI,SRE,STE,STT,STX,STZ,SW,SWK,SWKS,SYF,SYK,SYY,T,TAP,TDG,TDY,TEL,TER,TFC,TGT,TJX,TMO,TMUS,TPR,TRMB,TROW,TRV,TSCO,TSLA,TSN,TT,TTWO,TXN,TXT,TYL,UAL,UDR,UHS,ULTA,UNH,UNP,UPS,URI,USB,V,VLO,VMC,VRSK,VRSN,VRTX,VTR,VTRS,VZ,WAB,WAT,WDC,WEC,WELL,WFC,WM,WMB,WMT,WRB,WST,WTW,WY,WYNN,XEL,XOM,XYL,YUM,ZBH,ZBRA,ZTS"
2021-07-31,"A,AAPL,ABBV,ABT,ACN,ADBE,ADI,ADM,ADP,ADSK,AEE,AEP,AES,AFL,AIG,AIZ,AJG,AKAM,ALB,ALGN,ALL,ALLE,AMAT,AMCR,AMD,AME,AMGN,AMP,AMT,AMZN,ANET,AON,AOS,APA,APD,APH,APTV,ARE,ATO,AVB,AVGO,AVY,AWK,AXP,AZO,BA,BAC,BALL,BAX,BBY,BDX,BEN,BF-B,BIIB,BK,BKNG,BKR,BLK,BMY,BR,BRK-B,BSX,BXP,C,CAG,CAH,CARR,CAT,CB,CBOE,CBRE,CCI,CCL,CDNS,CDW,CF,CFG,CHD,CHRW,CHTR,CI,CINF,CL,CLX,CMCSA,CME,CMG,CMI,CMS,CNC,CNP,COF,COO,COP,COR,COST,CPAY,CPB,CPRT,CRH,CRL,CRM,CSCO,CSX,CTAS,CTRA,CTSH,CTVA,CVS,CVX,D,DAL,DD,DE,DG,DGX,DHI,DHR,DIS,DLR,DLTR,DOC,DOV,DOW,DPZ,DRI,DTE,DUK,DVA,DVN,DXCM,EA,EBAY,ECL,ED,EFX,EG,EIX,EL,ELV,EMR,EOG,EQIX,EQR,ES,ESS,ETN,ETR,EVRG,EW,EXC,EXPD,EXPE,EXR,F,FANG,FAST,FCX,FDX,FE,FFIV,FIS,FISV,FITB,FOX,FOXA,FRT,FTNT,FTV,GD,GE,GEN,GILD,GIS,GL,GLW,GM,GNRC,GOOG,GOOGL,GPC,GPN,GRMN,GS,GWW,HAL,HAS,HBAN,HCA,HD,HIG,HII,HLT,HOLX,HON,HPE,HPQ,HRL,HSIC,HST,HSY,HUM,HWM,IBM,ICE,IDXX,IEX,IFF,INCY,INTC,INTU,IP,IQV,IR,IRM,ISRG,IT,ITW,IVZ,J,JBHT,JCI,JKHY,JNJ,JPM,KEY,KEYS,KHC,KIM,KKR,KLAC,KMB,KMI,KO,KR,L,LDOS,LEN,LH,LHX,LIN,LLY,LMT,LNT,LOW,LRCX,LUV,LVS,LW,LYB,LYV,MA,MAA,MAR,MAS,MCD,MCHP,MCK,MCO,MDLZ,MDT,MET,META,MGM,MKC,MLM,MMM,MNST,MO,MOS,MPC,MPWR,MRK,MRNA,MRSH,MS,MSCI,MSFT,MSI,MTB,MTD,MU,NCLH,NDAQ,NEE,NEM,NFLX,NI,NKE,NOC,NOW,NRG,NSC,NTAP,NTRS,NUE,NVDA,NVR,NWS,NWSA,NXPI,O,ODFL,OKE,OMC,ORCL,ORLY,OTIS,OXY,PAYC,PAYX,PCAR,PEG,PEP,PFE,PFG,PG,PGR,PH,PHM,PKG,PLD,PM,PNC,PNR,PNW,POOL,PPG,PPL,PRU,PSA,PSKY,PSX,PTC,PWR,PYPL,QCOM,RCL,REG,REGN,RF,RJF,RL,RMD,ROK,ROL,ROP,ROST,RSG,RTX,RVTY,SBAC,SBUX,SCHW,SHW,SJM,SLB,SNA,SNPS,SO,SPG,SPGI,SRE,STE,STT,STX,STZ,SW,SWK,SWKS,SYF,SYK,SYY,T,TAP,TDG,TDY,TECH,TEL,TER,TFC,TGT,TJX,TMO,TMUS,TPR,TRMB,TROW,TRV,TSCO,TSLA,TSN,TT,TTWO,TXN,TXT,TYL,UAL,UDR,UHS,ULTA,UNH,UNP,UPS,URI,USB,V,VLO,VMC,VRSK,VRSN,VRTX,VTR,VTRS,VZ,WAB,WAT,WDC,WEC,WELL,WFC,WM,WMB,WMT,WRB,WST,WTW,WY,WYNN,XEL,XOM,XYL,YUM,ZBH,ZBRA,ZTS"
2021-08-31,"A,AAPL,ABBV,ABT,ACN,ADBE,ADI,ADM,ADP,ADSK,AEE,AEP,AES,AFL,AIG,AIZ,AJG,AKAM,ALB,ALGN,ALL,ALLE,AMAT,AMCR,AMD,AME,AMGN,AMP,AMT,AMZN,ANET,AON,AOS,APA,APD,APH,APTV,ARE,ATO,AVB,AVGO,AVY,AWK,AXP,AZO,BA,BAC,BALL,BAX,BBY,BDX,BEN,BF-B,BIIB,BK,BKNG,BKR,BLK,BMY,BR,BRK-B,BRO,BSX,BXP,C,CAG,CAH,CARR,CAT,CB,CBOE,CBRE,CCI,CCL,CDNS,CDW,CF,CFG,CHD,CHRW,CHTR,CI,CINF,CL,CLX,CMCSA,CME,CMG,CMI,CMS,CNC,CNP,COF,COO,COP,COR,COST,CPAY,CPB,CPRT,CRH,CRL,CRM,CSCO,CSX,CTAS,CTRA,CTSH,CTVA,CVS,CVX,D,DAL,DD,DE,DG,DGX,DHI,DHR,DIS,DLR,DLTR,DOC,DOV,DOW,DPZ,DRI,DTE,DUK,DVA,DVN,DXCM,EA,EBAY,ECL,ED,EFX,EG,EIX,EL,ELV,EMR,EOG,EQIX,EQR,ES,ESS,ETN,ETR,EVRG,EW,EXC,EXPD,EXPE,EXR,F,FANG,FAST,FCX,FDX,FE,FFIV,FIS,FISV,FITB,FOX,FOXA,FRT,FTNT,FTV,GD,GE,GEN,GILD,GIS,GL,GLW,GM,GNRC,GOOG,GOOGL,GPC,GPN,GRMN,GS,GWW,HAL,HAS,HBAN,HCA,HD,HIG,HII,HLT,HOLX,HON,HPE,HPQ,HRL,HSIC,HST,HSY,HUM,HWM,IBM,ICE,IDXX,IEX,IFF,INCY,INTC,INTU,IP,IQV,IR,IRM,ISRG,IT,ITW,IVZ,J,JBHT,JCI,JKHY,JNJ,JPM,KEY,KEYS,KHC,KIM,KKR,KLAC,KMB,KMI,KO,KR,L,LDOS,LEN,LH,LHX,LIN,LLY,LMT,LNT,LOW,LRCX,LUV,LVS,LW,LYB,LYV,MA,MAA,MAR,MAS,MCD,MCHP,MCK,MCO,MDLZ,MDT,MET,META,MGM,MKC,MLM,MMM,MNST,MO,MOS,MPC,MPWR,MRK,MRNA,MRSH,MS,MSCI,MSFT,MSI,MTB,MTCH,MTD,MU,NCLH,NDAQ,NEE,NEM,NFLX,NI,NKE,NOC,NOW,NRG,NSC,NTAP,NTRS,NUE,NVDA,NVR,NWS,NWSA,NXPI,O,ODFL,OKE,OMC,ORCL,ORLY,OTIS,OXY,PAYC,PAYX,PCAR,PEG,PEP,PFE,PFG,PG,PGR,PH,PHM,PKG,PLD,PM,PNC,PNR,PNW,POOL,PPG,PPL,PRU,PSA,PSKY,PSX,PTC,PWR,PYPL,QCOM,RCL,REG,REGN,RF,RJF,RL,RMD,ROK,ROL,ROP,ROST,RSG,RTX,RVTY,SBAC,SBUX,SCHW,SHW,SJM,SLB,SNA,SNPS,SO,SPG,SPGI,SRE,STE,STT,STX,STZ,SW,SWK,SWKS,SYF,SYK,SYY,T,TAP,TDG,TDY,TECH,TEL,TER,TFC,TGT,TJX,TMO,TMUS,TPR,TRMB,TROW,TRV,TSCO,TSLA,TSN,TT,TTWO,TXN,TXT,TYL,UAL,UDR,UHS,ULTA,UNH,UNP,UPS,URI,USB,V,VLO,VMC,VRSK,VRSN,VRTX,VTR,VTRS,VZ,WAB,WAT,WDC,WEC,WELL,WFC,WM,WMB,WMT,WRB,WST,WTW,WY,WYNN,XEL,XOM,XYL,YUM,ZBH,ZBRA,ZTS"
2021-09-30,"A,AAPL,ABBV,ABT,ACN,ADBE,ADI,ADM,ADP,ADSK,AEE,AEP,AES,AFL,AIG,AIZ,AJG,AKAM,ALB,ALGN,ALL,ALLE,AMAT,AMCR,AMD,AME,AMGN,AMP,AMT,AMZN,ANET,AON,AOS,APA,APD,APH,APTV,ARE,ATO,AVB,AVGO,AVY,AWK,AXP,AZO,BA,BAC,BALL,BAX,BBY,BDX,BEN,BF-B,BIIB,BK,BKNG,BKR,BLK,BMY,BR,BRK-B,BRO,BSX,BXP,C,CAG,CAH,CARR,CAT,CB,CBOE,CBRE,CCI,CCL,CDNS,CDW,CF,CFG,CHD,CHRW,CHTR,CI,CINF,CL,CLX,CMCSA,CME,CMG,CMI,CMS,CNC,CNP,COF,COO,COP,COR,COST,CPAY,CPB,CPRT,CRH,CRL,CRM,CSCO,CSX,CTAS,CTRA,CTSH,CTVA,CVS,CVX,D,DAL,DD,DE,DG,DGX,DHI,DHR,DIS,DLR,DLTR,DOC,DOV,DOW,DPZ,DRI,DTE,DUK,DVA,DVN,DXCM,EA,EBAY,ECL,ED,EFX,EG,EIX,EL,ELV,EMR,EOG,EQIX,EQR,ES,ESS,ETN,ETR,EVRG,EW,EXC,EXPD,EXPE,EXR,F,FANG,FAST,FCX,FDX,FE,FFIV,FIS,FISV,FITB,FOX,FOXA,FRT,FTNT,FTV,GD,GE,GEN,GILD,GIS,GL,GLW,GM,GNRC,GOOG,GOOGL,GPC,GPN,GRMN,GS,GWW,HAL,HAS,HBAN,HCA,HD,HIG,HII,HLT,HOLX,HON,HPE,HPQ,HRL,HSIC,HST,HSY,HUM,HWM,IBM,ICE,IDXX,IEX,IFF,INCY,INTC,INTU,IP,IQV,IR,IRM,ISRG,IT,ITW,IVZ,J,JBHT,JCI,JKHY,JNJ,JPM,KEY,KEYS,KHC,KIM,KKR,KLAC,KMB,KMI,KO,KR,L,LDOS,LEN,LH,LHX,LIN,LLY,LMT,LNT,LOW,LRCX,LUV,LVS,LW,LYB,LYV,MA,MAA,MAR,MAS,MCD,MCHP,MCK,MCO,MDLZ,MDT,MET,META,MGM,MKC,MLM,MMM,MNST,MO,MOS,MPC,MPWR,MRK,MRNA,MRSH,MS,MSCI,MSFT,MSI,MTB,MTCH,MTD,MU,NCLH,NDAQ,NEE,NEM,NFLX,NI,NKE,NOC,NOW,NRG,NSC,NTAP,NTRS,NUE,NVDA,NVR,NWS,NWSA,NXPI,O,ODFL,OKE,OMC,ORCL,ORLY,OTIS,OXY,PAYC,PAYX,PCAR,PEG,PEP,PFE,PFG,PG,PGR,PH,PHM,PKG,PLD,PM,PNC,PNR,PNW,POOL,PPG,PPL,PRU,PSA,PSKY,PSX,PTC,PWR,PYPL,QCOM,RCL,REG,REGN,RF,RJF,RL,RMD,ROK,ROL,ROP,ROST,RSG,RTX,RVTY,SBAC,SBUX,SCHW,SHW,SJM,SLB,SNA,SNPS,SO,SPG,SPGI,SRE,STE,STT,STX,STZ,SW,SWK,SWKS,SYF,SYK,SYY,T,TAP,TDG,TDY,TECH,TEL,TER,TFC,TGT,TJX,TMO,TMUS,TPR,TRMB,TROW,TRV,TSCO,TSLA,TSN,TT,TTWO,TXN,TXT,TYL,UAL,UDR,UHS,ULTA,UNH,UNP,UPS,URI,USB,V,VLO,VMC,VRSK,VRSN,VRTX,VTR,VTRS,VZ,WAB,WAT,WDC,WEC,WELL,WFC,WM,WMB,WMT,WRB,WST,WTW,WY,WYNN,XEL,XOM,XYL,YUM,ZBH,ZBRA,ZTS"
2021-10-31,"A,AAPL,ABBV,ABT,ACN,ADBE,ADI,ADM,ADP,ADSK,AEE,AEP,AES,AFL,AIG,AIZ,AJG,AKAM,ALB,ALGN,ALL,ALLE,AMAT,AMCR,AMD,AME,AMGN,AMP,AMT,AMZN,ANET,AON,AOS,APA,APD,APH,APTV,ARE,ATO,AVB,AVGO,AVY,AWK,AXP,AZO,BA,BAC,BALL,BAX,BBY,BDX,BEN,BF-B,BIIB,BK,BKNG,BKR,BLK,BMY,BR,BRK-B,BRO,BSX,BXP,C,CAG,CAH,CARR,CAT,CB,CBOE,CBRE,CCI,CCL,CDNS,CDW,CF,CFG,CHD,CHRW,CHTR,CI,CINF,CL,CLX,CMCSA,CME,CMG,CMI,CMS,CNC,CNP,COF,COO,COP,COR,COST,CPAY,CPB,CPRT,CRH,CRL,CRM,CSCO,CSX,CTAS,CTRA,CTSH,CTVA,CVS,CVX,D,DAL,DD,DE,DG,DGX,DHI,DHR,DIS,DLR,DLTR,DOC,DOV,DOW,DPZ,DRI,DTE,DUK,DVA,DVN,DXCM,EA,EBAY,ECL,ED,EFX,EG,EIX,EL,ELV,EMR,EOG,EQIX,EQR,ES,ESS,ETN,ETR,EVRG,EW,EXC,EXPD,EXPE,EXR,F,FANG,FAST,FCX,FDX,FE,FFIV,FIS,FISV,FITB,FOX,FOXA,FRT,FTNT,FTV,GD,GE,GEN,GILD,GIS,GL,GLW,GM,GNRC,GOOG,GOOGL,GPC,GPN,GRMN,GS,GWW,HAL,HAS,HBAN,HCA,HD,HIG,HII,HLT,HOLX,HON,HPE,HPQ,HRL,HSIC,HST,HSY,HUM,HWM,IBM,ICE,IDXX,IEX,IFF,INCY,INTC,INTU,IP,IQV,IR,IRM,ISRG,IT,ITW,IVZ,J,JBHT,JCI,JKHY,JNJ,JPM,KEY,KEYS,KHC,KIM,KKR,KLAC,KMB,KMI,KO,KR,L,LDOS,LEN,LH,LHX,LIN,LLY,LMT,LNT,LOW,LRCX,LUV,LVS,LW,LYB,LYV,MA,MAA,MAR,MAS,MCD,MCHP,MCK,MCO,MDLZ,MDT,MET,META,MGM,MKC,MLM,MMM,MNST,MO,MOS,MPC,MPWR,MRK,MRNA,MRSH,MS,MSCI,MSFT,MSI,MTB,MTCH,MTD,MU,NCLH,NDAQ,NEE,NEM,NFLX,NI,NKE,NOC,NOW,NRG,NSC,NTAP,NTRS,NUE,NVDA,NVR,NWS,NWSA,NXPI,O,ODFL,OKE,OMC,ORCL,ORLY,OTIS,OXY,PAYC,PAYX,PCAR,PEG,PEP,PFE,PFG,PG,PGR,PH,PHM,PKG,PLD,PM,PNC,PNR,PNW,POOL,PPG,PPL,PRU,PSA,PSKY,PSX,PTC,PWR,PYPL,QCOM,RCL,REG,REGN,RF,RJF,RL,RMD,ROK,ROL,ROP,ROST,RSG,RTX,RVTY,SBAC,SBUX,SCHW,SHW,SJM,SLB,SNA,SNPS,SO,SPG,SPGI,SRE,STE,STT,STX,STZ,SW,SWK,SWKS,SYF,SYK,SYY,T,TAP,TDG,TDY,TECH,TEL,TER,TFC,TGT,TJX,TMO,TMUS,TPR,TRMB,TROW,TRV,TSCO,TSLA,TSN,TT,TTWO,TXN,TXT,TYL,UAL,UDR,UHS,ULTA,UNH,UNP,UPS,URI,USB,V,VLO,VMC,VRSK,VRSN,VRTX,VTR,VTRS,VZ,WAB,WAT,WDC,WEC,WELL,WFC,WM,WMB,WMT,WRB,WST,WTW,WY,WYNN,XEL,XOM,XYL,YUM,ZBH,ZBRA,ZTS"
2021-11-30,"A,AAPL,ABBV,ABT,ACN,ADBE,ADI,ADM,ADP,ADSK,AEE,AEP,AES,AFL,AIG,AIZ,AJG,AKAM,ALB,ALGN,ALL,ALLE,AMAT,AMCR,AMD,AME,AMGN,AMP,AMT,AMZN,ANET,AON,AOS,APA,APD,APH,APTV,ARE,ATO,AVB,AVGO,AVY,AWK,AXP,AZO,BA,BAC,BALL,BAX,BBY,BDX,BEN,BF-B,BIIB,BK,BKNG,BKR,BLK,BMY,BR,BRK-B,BRO,BSX,BXP,C,CAG,CAH,CARR,CAT,CB,CBOE,CBRE,CCI,CCL,CDNS,CDW,CF,CFG,CHD,CHRW,CHTR,CI,CINF,CL,CLX,CMCSA,CME,CMG,CMI,CMS,CNC,CNP,COF,COO,COP,COR,COST,CPAY,CPB,CPRT,CRH,CRL,CRM,CSCO,CSX,CTAS,CTRA,CTSH,CTVA,CVS,CVX,D,DAL,DD,DE,DG,DGX,DHI,DHR,DIS,DLR,DLTR,DOC,DOV,DOW,DPZ,DRI,DTE,DUK,DVA,DVN,DXCM,EA,EBAY,ECL,ED,EFX,EG,EIX,EL,ELV,EMR,EOG,EPAM,EQIX,EQR,ES,ESS,ETN,ETR,EVRG,EW,EXC,EXPD,EXPE,EXR,F,FANG,FAST,FCX,FDS,FDX,FE,FFIV,FIS,FISV,FITB,FOX,FOXA,FRT,FTNT,FTV,GD,GE,GEN,GILD,GIS,GL,GLW,GM,GNRC,GOOG,GOOGL,GPC,GPN,GRMN,GS,GWW,HAL,HAS,HBAN,HCA,HD,HIG,HII,HLT,HOLX,HON,HPE,HPQ,HRL,HSIC,HST,HSY,HUM,HWM,IBM,ICE,IDXX,IEX,IFF,INCY,INTC,INTU,IP,IQV,IR,IRM,ISRG,IT,ITW,IVZ,J,JBHT,JCI,JKHY,JNJ,JPM,KEY,KEYS,KHC,KIM,KKR,KLAC,KMB,KMI,KO,KR,L,LDOS,LEN,LH,LHX,LIN,LLY,LMT,LNT,LOW,LRCX,LUV,LVS,LW,LYB,LYV,MA,MAA,MAR,MAS,MCD,MCHP,MCK,MCO,MDLZ,MDT,MET,META,MGM,MKC,MLM,MMM,MNST,MO,MOS,MPC,MPWR,MRK,MRNA,MRSH,MS,MSCI,MSFT,MSI,MTB,MTCH,MTD,MU,NCLH,NDAQ,NEE,NEM,NFLX,NI,NKE,NOC,NOW,NRG,NSC,NTAP,NTRS,NUE,NVDA,NVR,NWS,NWSA,NXPI,O,ODFL,OKE,OMC,ORCL,ORLY,OTIS,OXY,PAYC,PAYX,PCAR,PEG,PEP,PFE,PFG,PG,PGR,PH,PHM,PKG,PLD,PM,PNC,PNR,PNW,POOL,PPG,PPL,PRU,PSA,PSKY,PSX,PTC,PWR,PYPL,QCOM,RCL,REG,REGN,RF,RJF,RL,RMD,ROK,ROL,ROP,ROST,RSG,RTX,RVTY,SBAC,SBUX,SCHW,SHW,SJM,SLB,SNA,SNPS,SO,SPG,SPGI,SRE,STE,STT,STX,STZ,SW,SWK,SWKS,SYF,SYK,SYY,T,TAP,TDG,TDY,TECH,TEL,TER,TFC,TGT,TJX,TMO,TMUS,TPR,TRMB,TROW,TRV,TSCO,TSLA,TSN,TT,TTWO,TXN,TXT,TYL,UAL,UDR,UHS,ULTA,UNH,UNP,UPS,URI,USB,V,VLO,VMC,VRSK,VRSN,VRTX,VTR,VTRS,VZ,WAB,WAT,WDC,WEC,WELL,WFC,WM,WMB,WMT,WRB,WST,WTW,WY,WYNN,XEL,XOM,XYL,YUM,ZBH,ZBRA,ZTS"
2021-12-31,"A,AAPL,ABBV,ABT,ACN,ADBE,ADI,ADM,ADP,ADSK,AEE,AEP,AES,AFL,AIG,AIZ,AJG,AKAM,ALB,ALGN,ALL,ALLE,AMAT,AMCR,AMD,AME,AMGN,AMP,AMT,AMZN,ANET,AON,AOS,APA,APD,APH,APTV,ARE,ATO,AVB,AVGO,AVY,AWK,AXP,AZO,BA,BAC,BALL,BAX,BBY,BDX,BEN,BF-B,BIIB,BK,BKNG,BKR,BLK,BMY,BR,BRK-B,BRO,BSX,BXP,C,CAG,CAH,CARR,CAT,CB,CBOE,CBRE,CCI,CCL,CDNS,CDW,CF,CFG,CHD,CHRW,CHTR,CI,CINF,CL,CLX,CMCSA,CME,CMG,CMI,CMS,CNC,CNP,COF,COO,COP,COR,COST,CPAY,CPB,CPRT,CRH,CRL,CRM,CSCO,CSX,CTAS,CTRA,CTSH,CTVA,CVS,CVX,D,DAL,DD,DE,DG,DGX,DHI,DHR,DIS,DLR,DLTR,DOC,DOV,DOW,DPZ,DRI,DTE,DUK,DVA,DVN,DXCM,EA,EBAY,ECL,ED,EFX,EG,EIX,EL,ELV,EMR,EOG,EPAM,EQIX,EQR,ES,ESS,ETN,ETR,EVRG,EW,EXC,EXPD,EXPE,EXR,F,FANG,FAST,FCX,FDS,FDX,FE,FFIV,FIS,FISV,FITB,FOX,FOXA,FRT,FTNT,FTV,GD,GE,GEN,GILD,GIS,GL,GLW,GM,GNRC,GOOG,GOOGL,GPC,GPN,GRMN,GS,GWW,HAL,HAS,HBAN,HCA,HD,HIG,HII,HLT,HOLX,HON,HPE,HPQ,HRL,HSIC,HST,HSY,HUM,HWM,IBM,ICE,IDXX,IEX,IFF,INCY,INTC,INTU,IP,IQV,IR,IRM,ISRG,IT,ITW,IVZ,J,JBHT,JCI,JKHY,JNJ,JPM,KEY,KEYS,KHC,KIM,KKR,KLAC,KMB,KMI,KO,KR,L,LDOS,LEN,LH,LHX,LIN,LLY,LMT,LNT,LOW,LRCX,LUV,LVS,LW,LYB,LYV,MA,MAA,MAR,MAS,MCD,MCHP,MCK,MCO,MDLZ,MDT,MET,META,MGM,MKC,MLM,MMM,MNST,MO,MOS,MPC,MPWR,MRK,MRNA,MRSH,MS,MSCI,MSFT,MSI,MTB,MTCH,MTD,MU,NCLH,NDAQ,NEE,NEM,NFLX,NI,NKE,NOC,NOW,NRG,NSC,NTAP,NTRS,NUE,NVDA,NVR,NWS,NWSA,NXPI,O,ODFL,OKE,OMC,ORCL,ORLY,OTIS,OXY,PAYC,PAYX,PCAR,PEG,PEP,PFE,PFG,PG,PGR,PH,PHM,PKG,PLD,PM,PNC,PNR,PNW,POOL,PPG,PPL,PRU,PSA,PSKY,PSX,PTC,PWR,PYPL,QCOM,RCL,REG,REGN,RF,RJF,RL,RMD,ROK,ROL,ROP,ROST,RSG,RTX,RVTY,SBAC,SBUX,SCHW,SHW,SJM,SLB,SNA,SNPS,SO,SPG,SPGI,SRE,STE,STT,STX,STZ,SW,SWK,SWKS,SYF,SYK,SYY,T,TAP,TDG,TDY,TECH,TEL,TER,TFC,TGT,TJX,TMO,TMUS,TPR,TRMB,TROW,TRV,TSCO,TSLA,TSN,TT,TTWO,TXN,TXT,TYL,UAL,UDR,UHS,ULTA,UNH,UNP,UPS,URI,USB,V,VLO,VMC,VRSK,VRSN,VRTX,VTR,VTRS,VZ,WAB,WAT,WDC,WEC,WELL,WFC,WM,WMB,WMT,WRB,WST,WTW,WY,WYNN,XEL,XOM,XYL,YUM,ZBH,ZBRA,ZTS"
2022-01-31,"A,AAPL,ABBV,ABT,ACN,ADBE,ADI,ADM,ADP,ADSK,AEE,AEP,AES,AFL,AIG,AIZ,AJG,AKAM,ALB,ALGN,ALL,ALLE,AMAT,AMCR,AMD,AME,AMGN,AMP,AMT,AMZN,ANET,AON,AOS,APA,APD,APH,APTV,ARE,ATO,AVB,AVGO,AVY,AWK,AXP,AZO,BA,BAC,BALL,BAX,BBY,BDX,BEN,BF-B,BIIB,BK,BKNG,BKR,BLK,BMY,BR,BRK-B,BRO,BSX,BXP,C,CAG,CAH,CARR,CAT,CB,CBOE,CBRE,CCI,CCL,CDNS,CDW,CEG,CF,CFG,CHD,CHRW,CHTR,CI,CINF,CL,CLX,CMCSA,CME,CMG,CMI,CMS,CNC,CNP,COF,COO,COP,COR,COST,CPAY,CPB,CPRT,CRH,CRL,CRM,CSCO,CSX,CTAS,CTRA,CTSH,CTVA,CVS,CVX,D,DAL,DD,DE,DG,DGX,DHI,DHR,DIS,DLR,DLTR,DOC,DOV,DOW,DPZ,DRI,DTE,DUK,DVA,DVN,DXCM,EA,EBAY,ECL,ED,EFX,EG,EIX,EL,ELV,EMR,EOG,EPAM,EQIX,EQR,ES,ESS,ETN,ETR,EVRG,EW,EXC,EXPD,EXPE,EXR,F,FANG,FAST,FCX,FDS,FDX,FE,FFIV,FIS,FISV,FITB,FOX,FOXA,FRT,FTNT,FTV,GD,GE,GEN,GILD,GIS,GL,GLW,GM,GNRC,GOOG,GOOGL,GPC,GPN,GRMN,GS,GWW,HAL,HAS,HBAN,HCA,HD,HIG,HII,HLT,HOLX,HON,HPE,HPQ,HRL,HSIC,HST,HSY,HUM,HWM,IBM,ICE,IDXX,IEX,IFF,INCY,INTC,INTU,IP,IQV,IR,IRM,ISRG,IT,ITW,IVZ,J,JBHT,JCI,JKHY,JNJ,JPM,KEY,KEYS,KHC,KIM,KKR,KLAC,KMB,KMI,KO,KR,L,LDOS,LEN,LH,LHX,LIN,LLY,LMT,LNT,LOW,LRCX,LUV,LVS,LW,LYB,LYV,MA,MAA,MAR,MAS,MCD,MCHP,MCK,MCO,MDLZ,MDT,MET,META,MGM,MKC,MLM,MMM,MNST,MO,MOS,MPC,MPWR,MRK,MRNA,MRSH,MS,MSCI,MSFT,MSI,MTB,MTCH,MTD,MU,NCLH,NDAQ,NDSN,NEE,NEM,NFLX,NI,NKE,NOC,NOW,NRG,NSC,NTAP,NTRS,NUE,NVDA,NVR,NWS,NWSA,NXPI,O,ODFL,OKE,OMC,ORCL,ORLY,OTIS,OXY,PAYC,PAYX,PCAR,PEG,PEP,PFE,PFG,PG,PGR,PH,PHM,PKG,PLD,PM,PNC,PNR,PNW,POOL,PPG,PPL,PRU,PSA,PSKY,PSX,PTC,PWR,PYPL,QCOM,RCL,REG,REGN,RF,RJF,RL,RMD,ROK,ROL,ROP,ROST,RSG,RTX,RVTY,SBAC,SBUX,SCHW,SHW,SJM,SLB,SNA,SNPS,SO,SPG,SPGI,SRE,STE,STT,STX,STZ,SW,SWK,SWKS,SYF,SYK,SYY,T,TAP,TDG,TDY,TECH,TEL,TER,TFC,TGT,TJX,TMO,TMUS,TPR,TRMB,TROW,TRV,TSCO,TSLA,TSN,TT,TTWO,TXN,TXT,TYL,UAL,UDR,UHS,ULTA,UNH,UNP,UPS,URI,USB,V,VLO,VMC,VRSK,VRSN,VRTX,VTR,VTRS,VZ,WAB,WAT,WDC,WEC,WELL,WFC,WM,WMB,WMT,WRB,WST,WTW,WY,WYNN,XEL,XOM,XYL,YUM,ZBH,ZBRA,ZTS"
2022-02-28,"A,AAPL,ABBV,ABT,ACN,ADBE,ADI,ADM,ADP,ADSK,AEE,AEP,AES,AFL,AIG,AIZ,AJG,AKAM,ALB,ALGN,ALL,ALLE,AMAT,AMCR,AMD,AME,AMGN,AMP,AMT,AMZN,ANET,AON,AOS,APA,APD,APH,APTV,ARE,ATO,AVB,AVGO,AVY,AWK,AXP,AZO,BA,BAC,BALL,BAX,BBY,BDX,BEN,BF-B,BIIB,BK,BKNG,BKR,BLK,BMY,BR,BRK-B,BRO,BSX,BXP,C,CAG,CAH,CARR,CAT,CB,CBOE,CBRE,CCI,CCL,CDNS,CDW,CEG,CF,CFG,CHD,CHRW,CHTR,CI,CINF,CL,CLX,CMCSA,CME,CMG,CMI,CMS,CNC,CNP,COF,COO,COP,COR,COST,CPAY,CPB,CPRT,CRH,CRL,CRM,CSCO,CSX,CTAS,CTRA,CTSH,CTVA,CVS,CVX,D,DAL,DD,DE,DG,DGX,DHI,DHR,DIS,DLR,DLTR,DOC,DOV,DOW,DPZ,DRI,DTE,DUK,DVA,DVN,DXCM,EA,EBAY,ECL,ED,EFX,EG,EIX,EL,ELV,EMR,EOG,EPAM,EQIX,EQR,ES,ESS,ETN,ETR,EVRG,EW,EXC,EXPD,EXPE,EXR,F,FANG,FAST,FCX,FDS,FDX,FE,FFIV,FIS,FISV,FITB,FOX,FOXA,FRT,FTNT,FTV,GD,GE,GEN,GILD,GIS,GL,GLW,GM,GNRC,GOOG,GOOGL,GPC,GPN,GRMN,GS,GWW,HAL,HAS,HBAN,HCA,HD,HIG,HII,HLT,HOLX,HON,HPE,HPQ,HRL,HSIC,HST,HSY,HUM,HWM,IBM,ICE,IDXX,IEX,IFF,INCY,INTC,INTU,IP,IQV,IR,IRM,ISRG,IT,ITW,IVZ,J,JBHT,JCI,JKHY,JNJ,JPM,KEY,KEYS,KHC,KIM,KKR,KLAC,KMB,KMI,KO,KR,L,LDOS,LEN,LH,LHX,LIN,LLY,LMT,LNT,LOW,LRCX,LUV,LVS,LW,LYB,LYV,MA,MAA,MAR,MAS,MCD,MCHP,MCK,MCO,MDLZ,MDT,MET,META,MGM,MKC,MLM,MMM,MNST,MO,MOH,MOS,MPC,MPWR,MRK,MRNA,MRSH,MS,MSCI,MSFT,MSI,MTB,MTCH,MTD,MU,NCLH,NDAQ,NDSN,NEE,NEM,NFLX,NI,NKE,NOC,NOW,NRG,NSC,NTAP,NTRS,NUE,NVDA,NVR,NWS,NWSA,NXPI,O,ODFL,OKE,OMC,ORCL,ORLY,OTIS,OXY,PAYC,PAYX,PCAR,PEG,PEP,PFE,PFG,PG,PGR,PH,PHM,PKG,PLD,PM,PNC,PNR,PNW,POOL,PPG,PPL,PRU,PSA,PSKY,PSX,PTC,PWR,PYPL,QCOM,RCL,REG,REGN,RF,RJF,RL,RMD,ROK,ROL,ROP,ROST,RSG,RTX,RVTY,SBAC,SBUX,SCHW,SHW,SJM,SLB,SNA,SNPS,SO,SPG,SPGI,SRE,STE,STT,STX,STZ,SW,SWK,SWKS,SYF,SYK,SYY,T,TAP,TDG,TDY,TECH,TEL,TER,TFC,TGT,TJX,TMO,TMUS,TPR,TRMB,TROW,TRV,TSCO,TSLA,TSN,TT,TTWO,TXN,TXT,TYL,UAL,UDR,UHS,ULTA,UNH,UNP,UPS,URI,USB,V,VLO,VMC,VRSK,VRSN,VRTX,VTR,VTRS,VZ,WAB,WAT,WDC,WEC,WELL,WFC,WM,WMB,WMT,WRB,WST,WTW,WY,WYNN,XEL,XOM,XYL,YUM,ZBH,ZBRA,ZTS"
2022-03-31,"A,AAPL,ABBV,ABT,ACN,ADBE,ADI,ADM,ADP,ADSK,AEE,AEP,AES,AFL,AIG,AIZ,AJG,AKAM,ALB,ALGN,ALL,ALLE,AMAT,AMCR,AMD,AME,AMGN,AMP,AMT,AMZN,ANET,AON,AOS,APA,APD,APH,APTV,ARE,ATO,AVB,AVGO,AVY,AWK,AXP,AZO,BA,BAC,BALL,BAX,BBY,BDX,BEN,BF-B,BIIB,BK,BKNG,BKR,BLK,BMY,BR,BRK-B,BRO,BSX,BXP,C,CAG,CAH,CARR,CAT,CB,CBOE,CBRE,CCI,CCL,CDNS,CDW,CEG,CF,CFG,CHD,CHRW,CHTR,CI,CINF,CL,CLX,CMCSA,CME,CMG,CMI,CMS,CNC,CNP,COF,COO,COP,COR,COST,CPAY,CPB,CPRT,CPT,CRH,CRL,CRM,CSCO,CSX,CTAS,CTRA,CTSH,CTVA,CVS,CVX,D,DAL,DD,DE,DG,DGX,DHI,DHR,DIS,DLR,DLTR,DOC,DOV,DOW,DPZ,DRI,DTE,DUK,DVA,DVN,DXCM,EA,EBAY,ECL,ED,EFX,EG,EIX,EL,ELV,EMR,EOG,EPAM,EQIX,EQR,ES,ESS,ETN,ETR,EVRG,EW,EXC,EXPD,EXPE,EXR,F,FANG,FAST,FCX,FDS,FDX,FE,FFIV,FIS,FISV,FITB,FOX,FOXA,FRT,FTNT,FTV,GD,GE,GEN,GILD,GIS,GL,GLW,GM,GNRC,GOOG,GOOGL,GPC,GPN,GRMN,GS,GWW,HAL,HAS,HBAN,HCA,HD,HIG,HII,HLT,HOLX,HON,HPE,HPQ,HRL,HSIC,HST,HSY,HUM,HWM,IBM,ICE,IDXX,IEX,IFF,INCY,INTC,INTU,IP,IQV,IR,IRM,ISRG,IT,ITW,IVZ,J,JBHT,JCI,JKHY,JNJ,JPM,KEY,KEYS,KHC,KIM,KKR,KLAC,KMB,KMI,KO,KR,L,LDOS,LEN,LH,LHX,LIN,LLY,LMT,LNT,LOW,LRCX,LUV,LVS,LW,LYB,LYV,MA,MAA,MAR,MAS,MCD,MCHP,MCK,MCO,MDLZ,MDT,MET,META,MGM,MKC,MLM,MMM,MNST,MO,MOH,MOS,MPC,MPWR,MRK,MRNA,MRSH,MS,MSCI,MSFT,MSI,MTB,MTCH,MTD,MU,NCLH,NDAQ,NDSN,NEE,NEM,NFLX,NI,NKE,NOC,NOW,NRG,NSC,NTAP,NTRS,NUE,NVDA,NVR,NWS,NWSA,NXPI,O,ODFL,OKE,OMC,ORCL,ORLY,OTIS,OXY,PAYC,PAYX,PCAR,PEG,PEP,PFE,PFG,PG,PGR,PH,PHM,PKG,PLD,PM,PNC,PNR,PNW,POOL,PPG,PPL,PRU,PSA,PSKY,PSX,PTC,PWR,PYPL,QCOM,RCL,REG,REGN,RF,RJF,RL,RMD,ROK,ROL,ROP,ROST,RSG,RTX,RVTY,SBAC,SBUX,SCHW,SHW,SJM,SLB,SNA,SNPS,SO,SPG,SPGI,SRE,STE,STT,STX,STZ,SW,SWK,SWKS,SYF,SYK,SYY,T,TAP,TDG,TDY,TECH,TEL,TER,TFC,TGT,TJX,TMO,TMUS,TPR,TRMB,TROW,TRV,TSCO,TSLA,TSN,TT,TTWO,TXN,TXT,TYL,UAL,UDR,UHS,ULTA,UNH,UNP,UPS,URI,USB,V,VLO,VMC,VRSK,VRSN,VRTX,VTR,VTRS,VZ,WAB,WAT,WBD,WDC,WEC,WELL,WFC,WM,WMB,WMT,WRB,WST,WTW,WY,WYNN,XEL,XOM,XYL,YUM,ZBH,ZBRA,ZTS"
2022-04-30,"A,AAPL,ABBV,ABT,ACN,ADBE,ADI,ADM,ADP,ADSK,AEE,AEP,AES,AFL,AIG,AIZ,AJG,AKAM,ALB,ALGN,ALL,ALLE,AMAT,AMCR,AMD,AME,AMGN,AMP,AMT,AMZN,ANET,AON,AOS,APA,APD,APH,APTV,ARE,ATO,AVB,AVGO,AVY,AWK,AXP,AZO,BA,BAC,BALL,BAX,BBY,BDX,BEN,BF-B,BIIB,BK,BKNG,BKR,BLK,BMY,BR,BRK-B,BRO,BSX,BXP,C,CAG,CAH,CARR,CAT,CB,CBOE,CBRE,CCI,CCL,CDNS,CDW,CEG,CF,CFG,CHD,CHRW,CHTR,CI,CINF,CL,CLX,CMCSA,CME,CMG,CMI,CMS,CNC,CNP,COF,COO,COP,COR,COST,CPAY,CPB,CPRT,CPT,CRH,CRL,CRM,CSCO,CSX,CTAS,CTRA,CTSH,CTVA,CVS,CVX,D,DAL,DD,DE,DG,DGX,DHI,DHR,DIS,DLR,DLTR,DOC,DOV,DOW,DPZ,DRI,DTE,DUK,DVA,DVN,DXCM,EA,EBAY,ECL,ED,EFX,EG,EIX,EL,ELV,EMR,EOG,EPAM,EQIX,EQR,ES,ESS,ETN,ETR,EVRG,EW,EXC,EXPD,EXPE,EXR,F,FANG,FAST,FCX,FDS,FDX,FE,FFIV,FIS,FISV,FITB,FOX,FOXA,FRT,FTNT,FTV,GD,GE,GEN,GILD,GIS,GL,GLW,GM,GNRC,GOOG,GOOGL,GPC,GPN,GRMN,GS,GWW,HAL,HAS,HBAN,HCA,HD,HIG,HII,HLT,HOLX,HON,HPE,HPQ,HRL,HSIC,HST,HSY,HUM,HWM,IBM,ICE,IDXX,IEX,IFF,INCY,INTC,INTU,IP,IQV,IR,IRM,ISRG,IT,ITW,IVZ,J,JBHT,JCI,JKHY,JNJ,JPM,KEY,KEYS,KHC,KIM,KKR,KLAC,KMB,KMI,KO,KR,L,LDOS,LEN,LH,LHX,LIN,LLY,LMT,LNT,LOW,LRCX,LUV,LVS,LW,LYB,LYV,MA,MAA,MAR,MAS,MCD,MCHP,MCK,MCO,MDLZ,MDT,MET,META,MGM,MKC,MLM,MMM,MNST,MO,MOH,MOS,MPC,MPWR,MRK,MRNA,MRSH,MS,MSCI,MSFT,MSI,MTB,MTCH,MTD,MU,NCLH,NDAQ,NDSN,NEE,NEM,NFLX,NI,NKE,NOC,NOW,NRG,NSC,NTAP,NTRS,NUE,NVDA,NVR,NWS,NWSA,NXPI,O,ODFL,OKE,OMC,ORCL,ORLY,OTIS,OXY,PAYC,PAYX,PCAR,PEG,PEP,PFE,PFG,PG,PGR,PH,PHM,PKG,PLD,PM,PNC,PNR,PNW,POOL,PPG,PPL,PRU,PSA,PSKY,PSX,PTC,PWR,PYPL,QCOM,RCL,REG,REGN,RF,RJF,RL,RMD,ROK,ROL,ROP,ROST,RSG,RTX,RVTY,SBAC,SBUX,SCHW,SHW,SJM,SLB,SNA,SNPS,SO,SPG,SPGI,SRE,STE,STT,STX,STZ,SW,SWK,SWKS,SYF,SYK,SYY,T,TAP,TDG,TDY,TECH,TEL,TER,TFC,TGT,TJX,TMO,TMUS,TPR,TRMB,TROW,TRV,TSCO,TSLA,TSN,TT,TTWO,TXN,TXT,TYL,UAL,UDR,UHS,ULTA,UNH,UNP,UPS,URI,USB,V,VLO,VMC,VRSK,VRSN,VRTX,VTR,VTRS,VZ,WAB,WAT,WBD,WDC,WEC,WELL,WFC,WM,WMB,WMT,WRB,WST,WTW,WY,WYNN,XEL,XOM,XYL,YUM,ZBH,ZBRA,ZTS"
2022-05-31,"A,AAPL,ABBV,ABT,ACN,ADBE,ADI,ADM,ADP,ADSK,AEE,AEP,AES,AFL,AIG,AIZ,AJG,AKAM,ALB,ALGN,ALL,ALLE,AMAT,AMCR,AMD,AME,AMGN,AMP,AMT,AMZN,ANET,AON,AOS,APA,APD,APH,APTV,ARE,ATO,AVB,AVGO,AVY,AWK,AXP,AZO,BA,BAC,BALL,BAX,BBY,BDX,BEN,BF-B,BIIB,BK,BKNG,BKR,BLK,BMY,BR,BRK-B,BRO,BSX,BXP,C,CAG,CAH,CARR,CAT,CB,CBOE,CBRE,CCI,CCL,CDNS,CDW,CEG,CF,CFG,CHD,CHRW,CHTR,CI,CINF,CL,CLX,CMCSA,CME,CMG,CMI,CMS,CNC,CNP,COF,COO,COP,COR,COST,CPAY,CPB,CPRT,CPT,CRH,CRL,CRM,CSCO,CSX,CTAS,CTRA,CTSH,CTVA,CVS,CVX,D,DAL,DD,DE,DG,DGX,DHI,DHR,DIS,DLR,DLTR,DOC,DOV,DOW,DPZ,DRI,DTE,DUK,DVA,DVN,DXCM,EA,EBAY,ECL,ED,EFX,EG,EIX,EL,ELV,EMR,EOG,EPAM,EQIX,EQR,ES,ESS,ETN,ETR,EVRG,EW,EXC,EXPD,EXPE,EXR,F,FANG,FAST,FCX,FDS,FDX,FE,FFIV,FIS,FISV,FITB,FOX,FOXA,FRT,FTNT,FTV,GD,GE,GEN,GILD,GIS,GL,GLW,GM,GNRC,GOOG,GOOGL,GPC,GPN,GRMN,GS,GWW,HAL,HAS,HBAN,HCA,HD,HIG,HII,HLT,HOLX,HON,HPE,HPQ,HRL,HSIC,HST,HSY,HUM,HWM,IBM,ICE,IDXX,IEX,IFF,INCY,INTC,INTU,IP,IQV,IR,IRM,ISRG,IT,ITW,IVZ,J,JBHT,JCI,JKHY,JNJ,JPM,KDP,KEY,KEYS,KHC,KIM,KKR,KLAC,KMB,KMI,KO,KR,L,LDOS,LEN,LH,LHX,LIN,LLY,LMT,LNT,LOW,LRCX,LUV,LVS,LW,LYB,LYV,MA,MAA,MAR,MAS,MCD,MCHP,MCK,MCO,MDLZ,MDT,MET,META,MGM,MKC,MLM,MMM,MNST,MO,MOH,MOS,MPC,MPWR,MRK,MRNA,MRSH,MS,MSCI,MSFT,MSI,MTB,MTCH,MTD,MU,NCLH,NDAQ,NDSN,NEE,NEM,NFLX,NI,NKE,NOC,NOW,NRG,NSC,NTAP,NTRS,NUE,NVDA,NVR,NWS,NWSA,NXPI,O,ODFL,OKE,OMC,ON,ORCL,ORLY,OTIS,OXY,PAYC,PAYX,PCAR,PEG,PEP,PFE,PFG,PG,PGR,PH,PHM,PKG,PLD,PM,PNC,PNR,PNW,POOL,PPG,PPL,PRU,PSA,PSKY,PSX,PTC,PWR,PYPL,QCOM,RCL,REG,REGN,RF,RJF,RL,RMD,ROK,ROL,ROP,ROST,RSG,RTX,RVTY,SBAC,SBUX,SCHW,SHW,SJM,SLB,SNA,SNPS,SO,SPG,SPGI,SRE,STE,STT,STX,STZ,SW,SWK,SWKS,SYF,SYK,SYY,T,TAP,TDG,TDY,TECH,TEL,TER,TFC,TGT,TJX,TMO,TMUS,TPR,TRMB,TROW,TRV,TSCO,TSLA,TSN,TT,TTWO,TXN,TXT,TYL,UAL,UDR,UHS,ULTA,UNH,UNP,UPS,URI,USB,V,VICI,VLO,VMC,VRSK,VRSN,VRTX,VTR,VTRS,VZ,WAB,WAT,WBD,WDC,WEC,WELL,WFC,WM,WMB,WMT,WRB,WST,WTW,WY,WYNN,XEL,XOM,XYL,YUM,ZBH,ZBRA,ZTS"
2022-06-30,"A,AAPL,ABBV,ABT,ACN,ADBE,ADI,ADM,ADP,ADSK,AEE,AEP,AES,AFL,AIG,AIZ,AJG,AKAM,ALB,ALGN,ALL,ALLE,AMAT,AMCR,AMD,AME,AMGN,AMP,AMT,AMZN,ANET,AON,AOS,APA,APD,APH,APTV,ARE,ATO,AVB,AVGO,AVY,AWK,AXP,AZO,BA,BAC,BALL,BAX,BBY,BDX,BEN,BF-B,BIIB,BK,BKNG,BKR,BLK,BMY,BR,BRK-B,BRO,BSX,BXP,C,CAG,CAH,CARR,CAT,CB,CBOE,CBRE,CCI,CCL,CDNS,CDW,CEG,CF,CFG,CHD,CHRW,CHTR,CI,CINF,CL,CLX,CMCSA,CME,CMG,CMI,CMS,CNC,CNP,COF,COO,COP,COR,COST,CPAY,CPB,CPRT,CPT,CRH,CRL,CRM,CSCO,CSX,CTAS,CTRA,CTSH,CTVA,CVS,CVX,D,DAL,DD,DE,DG,DGX,DHI,DHR,DIS,DLR,DLTR,DOC,DOV,DOW,DPZ,DRI,DTE,DUK,DVA,DVN,DXCM,EA,EBAY,ECL,ED,EFX,EG,EIX,EL,ELV,EMR,EOG,EPAM,EQIX,EQR,ES,ESS,ETN,ETR,EVRG,EW,EXC,EXPD,EXPE,EXR,F,FANG,FAST,FCX,FDS,FDX,FE,FFIV,FIS,FISV,FITB,FOX,FOXA,FRT,FTNT,FTV,GD,GE,GEN,GILD,GIS,GL,GLW,GM,GNRC,GOOG,GOOGL,GPC,GPN,GRMN,GS,GWW,HAL,HAS,HBAN,HCA,HD,HIG,HII,HLT,HOLX,HON,HPE,HPQ,HRL,HSIC,HST,HSY,HUM,HWM,IBM,ICE,IDXX,IEX,IFF,INCY,INTC,INTU,IP,IQV,IR,IRM,ISRG,IT,ITW,IVZ,J,JBHT,JCI,JKHY,JNJ,JPM,KDP,KEY,KEYS,KHC,KIM,KKR,KLAC,KMB,KMI,KO,KR,L,LDOS,LEN,LH,LHX,LIN,LLY,LMT,LNT,LOW,LRCX,LUV,LVS,LW,LYB,LYV,MA,MAA,MAR,MAS,MCD,MCHP,MCK,MCO,MDLZ,MDT,MET,META,MGM,MKC,MLM,MMM,MNST,MO,MOH,MOS,MPC,MPWR,MRK,MRNA,MRSH,MS,MSCI,MSFT,MSI,MTB,MTCH,MTD,MU,NCLH,NDAQ,NDSN,NEE,NEM,NFLX,NI,NKE,NOC,NOW,NRG,NSC,NTAP,NTRS,NUE,NVDA,NVR,NWS,NWSA,NXPI,O,ODFL,OKE,OMC,ON,ORCL,ORLY,OTIS,OXY,PAYC,PAYX,PCAR,PEG,PEP,PFE,PFG,PG,PGR,PH,PHM,PKG,PLD,PM,PNC,PNR,PNW,POOL,PPG,PPL,PRU,PSA,PSKY,PSX,PTC,PWR,PYPL,QCOM,RCL,REG,REGN,RF,RJF,RL,RMD,ROK,ROL,ROP,ROST,RSG,RTX,RVTY,SBAC,SBUX,SCHW,SHW,SJM,SLB,SNA,SNPS,SO,SPG,SPGI,SRE,STE,STT,STX,STZ,SW,SWK,SWKS,SYF,SYK,SYY,T,TAP,TDG,TDY,TECH,TEL,TER,TFC,TGT,TJX,TMO,TMUS,TPR,TRMB,TROW,TRV,TSCO,TSLA,TSN,TT,TTWO,TXN,TXT,TYL,UAL,UDR,UHS,ULTA,UNH,UNP,UPS,URI,USB,V,VICI,VLO,VMC,VRSK,VRSN,VRTX,VTR,VTRS,VZ,WAB,WAT,WBD,WDC,WEC,WELL,WFC,WM,WMB,WMT,WRB,WST,WTW,WY,WYNN,XEL,XOM,XYL,YUM,ZBH,ZBRA,ZTS"
2022-07-31,"A,AAPL,ABBV,ABT,ACN,ADBE,ADI,ADM,ADP,ADSK,AEE,AEP,AES,AFL,AIG,AIZ,AJG,AKAM,ALB,ALGN,ALL,ALLE,AMAT,AMCR,AMD,AME,AMGN,AMP,AMT,AMZN,ANET,AON,AOS,APA,APD,APH,APTV,ARE,ATO,AVB,AVGO,AVY,AWK,AXP,AZO,BA,BAC,BALL,BAX,BBY,BDX,BEN,BF-B,BIIB,BK,BKNG,BKR,BLK,BMY,BR,BRK-B,BRO,BSX,BXP,C,CAG,CAH,CARR,CAT,CB,CBOE,CBRE,CCI,CCL,CDNS,CDW,CEG,CF,CFG,CHD,CHRW,CHTR,CI,CINF,CL,CLX,CMCSA,CME,CMG,CMI,CMS,CNC,CNP,COF,COO,COP,COR,COST,CPAY,CPB,CPRT,CPT,CRH,CRL,CRM,CSCO,CSX,CTAS,CTRA,CTSH,CTVA,CVS,CVX,D,DAL,DD,DE,DG,DGX,DHI,DHR,DIS,DLR,DLTR,DOC,DOV,DOW,DPZ,DRI,DTE,DUK,DVA,DVN,DXCM,EA,EBAY,ECL,ED,EFX,EG,EIX,EL,ELV,EMR,EOG,EPAM,EQIX,EQR,ES,ESS,ETN,ETR,EVRG,EW,EXC,EXPD,EXPE,EXR,F,FANG,FAST,FCX,FDS,FDX,FE,FFIV,FIS,FISV,FITB,FOX,FOXA,FRT,FTNT,FTV,GD,GE,GEN,GILD,GIS,GL,GLW,GM,GNRC,GOOG,GOOGL,GPC,GPN,GRMN,GS,GWW,HAL,HAS,HBAN,HCA,HD,HIG,HII,HLT,HOLX,HON,HPE,HPQ,HRL,HSIC,HST,HSY,HUM,HWM,IBM,ICE,IDXX,IEX,IFF,INCY,INTC,INTU,IP,IQV,IR,IRM,ISRG,IT,ITW,IVZ,J,JBHT,JCI,JKHY,JNJ,JPM,KDP,KEY,KEYS,KHC,KIM,KKR,KLAC,KMB,KMI,KO,KR,L,LDOS,LEN,LH,LHX,LIN,LLY,LMT,LNT,LOW,LRCX,LUV,LVS,LW,LYB,LYV,MA,MAA,MAR,MAS,MCD,MCHP,MCK,MCO,MDLZ,MDT,MET,META,MGM,MKC,MLM,MMM,MNST,MO,MOH,MOS,MPC,MPWR,MRK,MRNA,MRSH,MS,MSCI,MSFT,MSI,MTB,MTCH,MTD,MU,NCLH,NDAQ,NDSN,NEE,NEM,NFLX,NI,NKE,NOC,NOW,NRG,NSC,NTAP,NTRS,NUE,NVDA,NVR,NWS,NWSA,NXPI,O,ODFL,OKE,OMC,ON,ORCL,ORLY,OTIS,OXY,PAYC,PAYX,PCAR,PEG,PEP,PFE,PFG,PG,PGR,PH,PHM,PKG,PLD,PM,PNC,PNR,PNW,POOL,PPG,PPL,PRU,PSA,PSKY,PSX,PTC,PWR,PYPL,QCOM,RCL,REG,REGN,RF,RJF,RL,RMD,ROK,ROL,ROP,ROST,RSG,RTX,RVTY,SBAC,SBUX,SCHW,SHW,SJM,SLB,SNA,SNPS,SO,SPG,SPGI,SRE,STE,STT,STX,STZ,SW,SWK,SWKS,SYF,SYK,SYY,T,TAP,TDG,TDY,TECH,TEL,TER,TFC,TGT,TJX,TMO,TMUS,TPR,TRMB,TROW,TRV,TSCO,TSLA,TSN,TT,TTWO,TXN,TXT,TYL,UAL,UDR,UHS,ULTA,UNH,UNP,UPS,URI,USB,V,VICI,VLO,VMC,VRSK,VRSN,VRTX,VTR,VTRS,VZ,WAB,WAT,WBD,WDC,WEC,WELL,WFC,WM,WMB,WMT,WRB,WST,WTW,WY,WYNN,XEL,XOM,XYL,YUM,ZBH,ZBRA,ZTS"
2022-08-31,"A,AAPL,ABBV,ABT,ACN,ADBE,ADI,ADM,ADP,ADSK,AEE,AEP,AES,AFL,AIG,AIZ,AJG,AKAM,ALB,ALGN,ALL,ALLE,AMAT,AMCR,AMD,AME,AMGN,AMP,AMT,AMZN,ANET,AON,AOS,APA,APD,APH,APTV,ARE,ATO,AVB,AVGO,AVY,AWK,AXP,AZO,BA,BAC,BALL,BAX,BBY,BDX,BEN,BF-B,BIIB,BK,BKNG,BKR,BLK,BMY,BR,BRK-B,BRO,BSX,BXP,C,CAG,CAH,CARR,CAT,CB,CBOE,CBRE,CCI,CCL,CDNS,CDW,CEG,CF,CFG,CHD,CHRW,CHTR,CI,CINF,CL,CLX,CMCSA,CME,CMG,CMI,CMS,CNC,CNP,COF,COO,COP,COR,COST,CPAY,CPB,CPRT,CPT,CRH,CRL,CRM,CSCO,CSGP,CSX,CTAS,CTRA,CTSH,CTVA,CVS,CVX,D,DAL,DD,DE,DG,DGX,DHI,DHR,DIS,DLR,DLTR,DOC,DOV,DOW,DPZ,DRI,DTE,DUK,DVA,DVN,DXCM,EA,EBAY,ECL,ED,EFX,EG,EIX,EL,ELV,EMR,EOG,EPAM,EQIX,EQR,ES,ESS,ETN,ETR,EVRG,EW,EXC,EXPD,EXPE,EXR,F,FANG,FAST,FCX,FDS,FDX,FE,FFIV,FIS,FISV,FITB,FOX,FOXA,FRT,FTNT,FTV,GD,GE,GEN,GILD,GIS,GL,GLW,GM,GNRC,GOOG,GOOGL,GPC,GPN,GRMN,GS,GWW,HAL,HAS,HBAN,HCA,HD,HIG,HII,HLT,HOLX,HON,HPE,HPQ,HRL,HSIC,HST,HSY,HUM,HWM,IBM,ICE,IDXX,IEX,IFF,INCY,INTC,INTU,INVH,IP,IQV,IR,IRM,ISRG,IT,ITW,IVZ,J,JBHT,JCI,JKHY,JNJ,JPM,KDP,KEY,KEYS,KHC,KIM,KKR,KLAC,KMB,KMI,KO,KR,L,LDOS,LEN,LH,LHX,LIN,LLY,LMT,LNT,LOW,LRCX,LUV,LVS,LW,LYB,LYV,MA,MAA,MAR,MAS,MCD,MCHP,MCK,MCO,MDLZ,MDT,MET,META,MGM,MKC,MLM,MMM,MNST,MO,MOH,MOS,MPC,MPWR,MRK,MRNA,MRSH,MS,MSCI,MSFT,MSI,MTB,MTCH,MTD,MU,NCLH,NDAQ,NDSN,NEE,NEM,NFLX,NI,NKE,NOC,NOW,NRG,NSC,NTAP,NTRS,NUE,NVDA,NVR,NWS,NWSA,NXPI,O,ODFL,OKE,OMC,ON,ORCL,ORLY,OTIS,OXY,PAYC,PAYX,PCAR,PEG,PEP,PFE,PFG,PG,PGR,PH,PHM,PKG,PLD,PM,PNC,PNR,PNW,POOL,PPG,PPL,PRU,PSA,PSKY,PSX,PTC,PWR,PYPL,QCOM,RCL,REG,REGN,RF,RJF,RL,RMD,ROK,ROL,ROP,ROST,RSG,RTX,RVTY,SBAC,SBUX,SCHW,SHW,SJM,SLB,SNA,SNPS,SO,SPG,SPGI,SRE,STE,STT,STX,STZ,SW,SWK,SWKS,SYF,SYK,SYY,T,TAP,TDG,TDY,TECH,TEL,TER,TFC,TGT,TJX,TMO,TMUS,TPR,TRMB,TROW,TRV,TSCO,TSLA,TSN,TT,TTWO,TXN,TXT,TYL,UAL,UDR,UHS,ULTA,UNH,UNP,UPS,URI,USB,V,VICI,VLO,VMC,VRSK,VRSN,VRTX,VTR,VTRS,VZ,WAB,WAT,WBD,WDC,WEC,WELL,WFC,WM,WMB,WMT,WRB,WST,WTW,WY,WYNN,XEL,XOM,XYL,YUM,ZBH,ZBRA,ZTS"
2022-09-30,"A,AAPL,ABBV,ABT,ACN,ADBE,ADI,ADM,ADP,ADSK,AEE,AEP,AES,AFL,AIG,AIZ,AJG,AKAM,ALB,ALGN,ALL,ALLE,AMAT,AMCR,AMD,AME,AMGN,AMP,AMT,AMZN,ANET,AON,AOS,APA,APD,APH,APTV,ARE,ATO,AVB,AVGO,AVY,AWK,AXP,AZO,BA,BAC,BALL,BAX,BBY,BDX,BEN,BF-B,BIIB,BK,BKNG,BKR,BLK,BMY,BR,BRK-B,BRO,BSX,BXP,C,CAG,CAH,CARR,CAT,CB,CBOE,CBRE,CCI,CCL,CDNS,CDW,CEG,CF,CFG,CHD,CHRW,CHTR,CI,CINF,CL,CLX,CMCSA,CME,CMG,CMI,CMS,CNC,CNP,COF,COO,COP,COR,COST,CPAY,CPB,CPRT,CPT,CRH,CRL,CRM,CSCO,CSGP,CSX,CTAS,CTRA,CTSH,CTVA,CVS,CVX,D,DAL,DD,DE,DG,DGX,DHI,DHR,DIS,DLR,DLTR,DOC,DOV,DOW,DPZ,DRI,DTE,DUK,DVA,DVN,DXCM,EA,EBAY,ECL,ED,EFX,EG,EIX,EL,ELV,EMR,EOG,EPAM,EQIX,EQR,EQT,ES,ESS,ETN,ETR,EVRG,EW,EXC,EXPD,EXPE,EXR,F,FANG,FAST,FCX,FDS,FDX,FE,FFIV,FIS,FISV,FITB,FOX,FOXA,FRT,FTNT,FTV,GD,GE,GEN,GILD,GIS,GL,GLW,GM,GNRC,GOOG,GOOGL,GPC,GPN,GRMN,GS,GWW,HAL,HAS,HBAN,HCA,HD,HIG,HII,HLT,HOLX,HON,HPE,HPQ,HRL,HSIC,HST,HSY,HUM,HWM,IBM,ICE,IDXX,IEX,IFF,INCY,INTC,INTU,INVH,IP,IQV,IR,IRM,ISRG,IT,ITW,IVZ,J,JBHT,JCI,JKHY,JNJ,JPM,KDP,KEY,KEYS,KHC,KIM,KKR,KLAC,KMB,KMI,KO,KR,L,LDOS,LEN,LH,LHX,LIN,LLY,LMT,LNT,LOW,LRCX,LUV,LVS,LW,LYB,LYV,MA,MAA,MAR,MAS,MCD,MCHP,MCK,MCO,MDLZ,MDT,MET,META,MGM,MKC,MLM,MMM,MNST,MO,MOH,MOS,MPC,MPWR,MRK,MRNA,MRSH,MS,MSCI,MSFT,MSI,MTB,MTCH,MTD,MU,NCLH,NDAQ,NDSN,NEE,NEM,NFLX,NI,NKE,NOC,NOW,NRG,NSC,NTAP,NTRS,NUE,NVDA,NVR,NWS,NWSA,NXPI,O,ODFL,OKE,OMC,ON,ORCL,ORLY,OTIS,OXY,PAYC,PAYX,PCAR,PCG,PEG,PEP,PFE,PFG,PG,PGR,PH,PHM,PKG,PLD,PM,PNC,PNR,PNW,POOL,PPG,PPL,PRU,PSA,PSKY,PSX,PTC,PWR,PYPL,QCOM,RCL,REG,REGN,RF,RJF,RL,RMD,ROK,ROL,ROP,ROST,RSG,RTX,RVTY,SBAC,SBUX,SCHW,SHW,SJM,SLB,SNA,SNPS,SO,SPG,SPGI,SRE,STE,STT,STX,STZ,SW,SWK,SWKS,SYF,SYK,SYY,T,TAP,TDG,TDY,TECH,TEL,TER,TFC,TGT,TJX,TMO,TMUS,TPR,TRGP,TRMB,TROW,TRV,TSCO,TSLA,TSN,TT,TTWO,TXN,TXT,TYL,UAL,UDR,UHS,ULTA,UNH,UNP,UPS,URI,USB,V,VICI,VLO,VMC,VRSK,VRSN,VRTX,VTR,VTRS,VZ,WAB,WAT,WBD,WDC,WEC,WELL,WFC,WM,WMB,WMT,WRB,WST,WTW,WY,WYNN,XEL,XOM,XYL,YUM,ZBH,ZBRA,ZTS"
2022-10-31,"A,AAPL,ABBV,ABT,ACGL,ACN,ADBE,ADI,ADM,ADP,ADSK,AEE,AEP,AES,AFL,AIG,AIZ,AJG,AKAM,ALB,ALGN,ALL,ALLE,AMAT,AMCR,AMD,AME,AMGN,AMP,AMT,AMZN,ANET,AON,AOS,APA,APD,APH,APTV,ARE,ATO,AVB,AVGO,AVY,AWK,AXP,AZO,BA,BAC,BALL,BAX,BBY,BDX,BEN,BF-B,BIIB,BK,BKNG,BKR,BLK,BMY,BR,BRK-B,BRO,BSX,BXP,C,CAG,CAH,CARR,CAT,CB,CBOE,CBRE,CCI,CCL,CDNS,CDW,CEG,CF,CFG,CHD,CHRW,CHTR,CI,CINF,CL,CLX,CMCSA,CME,CMG,CMI,CMS,CNC,CNP,COF,COO,COP,COR,COST,CPAY,CPB,CPRT,CPT,CRH,CRL,CRM,CSCO,CSGP,CSX,CTAS,CTRA,CTSH,CTVA,CVS,CVX,D,DAL,DD,DE,DG,DGX,DHI,DHR,DIS,DLR,DLTR,DOC,DOV,DOW,DPZ,DRI,DTE,DUK,DVA,DVN,DXCM,EA,EBAY,ECL,ED,EFX,EG,EIX,EL,ELV,EMR,EOG,EPAM,EQIX,EQR,EQT,ES,ESS,ETN,ETR,EVRG,EW,EXC,EXPD,EXPE,EXR,F,FANG,FAST,FCX,FDS,FDX,FE,FFIV,FIS,FISV,FITB,FOX,FOXA,FRT,FTNT,FTV,GD,GE,GEN,GILD,GIS,GL,GLW,GM,GNRC,GOOG,GOOGL,GPC,GPN,GRMN,GS,GWW,HAL,HAS,HBAN,HCA,HD,HIG,HII,HLT,HOLX,HON,HPE,HPQ,HRL,HSIC,HST,HSY,HUM,HWM,IBM,ICE,IDXX,IEX,IFF,INCY,INTC,INTU,INVH,IP,IQV,IR,IRM,ISRG,IT,ITW,IVZ,J,JBHT,JCI,JKHY,JNJ,JPM,KDP,KEY,KEYS,KHC,KIM,KKR,KLAC,KMB,KMI,KO,KR,L,LDOS,LEN,LH,LHX,LIN,LLY,LMT,LNT,LOW,LRCX,LUV,LVS,LW,LYB,LYV,MA,MAA,MAR,MAS,MCD,MCHP,MCK,MCO,MDLZ,MDT,MET,META,MGM,MKC,MLM,MMM,MNST,MO,MOH,MOS,MPC,MPWR,MRK,MRNA,MRSH,MS,MSCI,MSFT,MSI,MTB,MTCH,MTD,MU,NCLH,NDAQ,NDSN,NEE,NEM,NFLX,NI,NKE,NOC,NOW,NRG,NSC,NTAP,NTRS,NUE,NVDA,NVR,NWS,NWSA,NXPI,O,ODFL,OKE,OMC,ON,ORCL,ORLY,OTIS,OXY,PAYC,PAYX,PCAR,PCG,PEG,PEP,PFE,PFG,PG,PGR,PH,PHM,PKG,PLD,PM,PNC,PNR,PNW,POOL,PPG,PPL,PRU,PSA,PSKY,PSX,PTC,PWR,PYPL,QCOM,RCL,REG,REGN,RF,RJF,RL,RMD,ROK,ROL,ROP,ROST,RSG,RTX,RVTY,SBAC,SBUX,SCHW,SHW,SJM,SLB,SNA,SNPS,SO,SPG,SPGI,SRE,STE,STT,STX,STZ,SW,SWK,SWKS,SYF,SYK,SYY,T,TAP,TDG,TDY,TECH,TEL,TER,TFC,TGT,TJX,TMO,TMUS,TPR,TRGP,TRMB,TROW,TRV,TSCO,TSLA,TSN,TT,TTWO,TXN,TXT,TYL,UAL,UDR,UHS,ULTA,UNH,UNP,UPS,URI,USB,V,VICI,VLO,VMC,VRSK,VRSN,VRTX,VTR,VTRS,VZ,WAB,WAT,WBD,WDC,WEC,WELL,WFC,WM,WMB,WMT,WRB,WST,WTW,WY,WYNN,XEL,XOM,XYL,YUM,ZBH,ZBRA,ZTS"
2022-11-30,"A,AAPL,ABBV,ABT,ACGL,ACN,ADBE,ADI,ADM,ADP,ADSK,AEE,AEP,AES,AFL,AIG,AIZ,AJG,AKAM,ALB,ALGN,ALL,ALLE,AMAT,AMCR,AMD,AME,AMGN,AMP,AMT,AMZN,ANET,AON,AOS,APA,APD,APH,APTV,ARE,ATO,AVB,AVGO,AVY,AWK,AXP,AZO,BA,BAC,BALL,BAX,BBY,BDX,BEN,BF-B,BIIB,BK,BKNG,BKR,BLK,BMY,BR,BRK-B,BRO,BSX,BXP,C,CAG,CAH,CARR,CAT,CB,CBOE,CBRE,CCI,CCL,CDNS,CDW,CEG,CF,CFG,CHD,CHRW,CHTR,CI,CINF,CL,CLX,CMCSA,CME,CMG,CMI,CMS,CNC,CNP,COF,COO,COP,COR,COST,CPAY,CPB,CPRT,CPT,CRH,CRL,CRM,CSCO,CSGP,CSX,CTAS,CTRA,CTSH,CTVA,CVS,CVX,D,DAL,DD,DE,DG,DGX,DHI,DHR,DIS,DLR,DLTR,DOC,DOV,DOW,DPZ,DRI,DTE,DUK,DVA,DVN,DXCM,EA,EBAY,ECL,ED,EFX,EG,EIX,EL,ELV,EMR,EOG,EPAM,EQIX,EQR,EQT,ES,ESS,ETN,ETR,EVRG,EW,EXC,EXPD,EXPE,EXR,F,FANG,FAST,FCX,FDS,FDX,FE,FFIV,FIS,FISV,FITB,FOX,FOXA,FRT,FSLR,FTNT,FTV,GD,GE,GEN,GILD,GIS,GL,GLW,GM,GNRC,GOOG,GOOGL,GPC,GPN,GRMN,GS,GWW,HAL,HAS,HBAN,HCA,HD,HIG,HII,HLT,HOLX,HON,HPE,HPQ,HRL,HSIC,HST,HSY,HUM,HWM,IBM,ICE,IDXX,IEX,IFF,INCY,INTC,INTU,INVH,IP,IQV,IR,IRM,ISRG,IT,ITW,IVZ,J,JBHT,JCI,JKHY,JNJ,JPM,KDP,KEY,KEYS,KHC,KIM,KKR,KLAC,KMB,KMI,KO,KR,L,LDOS,LEN,LH,LHX,LIN,LLY,LMT,LNT,LOW,LRCX,LUV,LVS,LW,LYB,LYV,MA,MAA,MAR,MAS,MCD,MCHP,MCK,MCO,MDLZ,MDT,MET,META,MGM,MKC,MLM,MMM,MNST,MO,MOH,MOS,MPC,MPWR,MRK,MRNA,MRSH,MS,MSCI,MSFT,MSI,MTB,MTCH,MTD,MU,NCLH,NDAQ,NDSN,NEE,NEM,NFLX,NI,NKE,NOC,NOW,NRG,NSC,NTAP,NTRS,NUE,NVDA,NVR,NWS,NWSA,NXPI,O,ODFL,OKE,OMC,ON,ORCL,ORLY,OTIS,OXY,PAYC,PAYX,PCAR,PCG,PEG,PEP,PFE,PFG,PG,PGR,PH,PHM,PKG,PLD,PM,PNC,PNR,PNW,POOL,PPG,PPL,PRU,PSA,PSKY,PSX,PTC,PWR,PYPL,QCOM,RCL,REG,REGN,RF,RJF,RL,RMD,ROK,ROL,ROP,ROST,RSG,RTX,RVTY,SBAC,SBUX,SCHW,SHW,SJM,SLB,SNA,SNPS,SO,SPG,SPGI,SRE,STE,STLD,STT,STX,STZ,SW,SWK,SWKS,SYF,SYK,SYY,T,TAP,TDG,TDY,TECH,TEL,TER,TFC,TGT,TJX,TMO,TMUS,TPR,TRGP,TRMB,TROW,TRV,TSCO,TSLA,TSN,TT,TTWO,TXN,TXT,TYL,UAL,UDR,UHS,ULTA,UNH,UNP,UPS,URI,USB,V,VICI,VLO,VMC,VRSK,VRSN,VRTX,VTR,VTRS,VZ,WAB,WAT,WBD,WDC,WEC,WELL,WFC,WM,WMB,WMT,WRB,WST,WTW,WY,WYNN,XEL,XOM,XYL,YUM,ZBH,ZBRA,ZTS"
2022-12-31,"A,AAPL,ABBV,ABT,ACGL,ACN,ADBE,ADI,ADM,ADP,ADSK,AEE,AEP,AES,AFL,AIG,AIZ,AJG,AKAM,ALB,ALGN,ALL,ALLE,AMAT,AMCR,AMD,AME,AMGN,AMP,AMT,AMZN,ANET,AON,AOS,APA,APD,APH,APTV,ARE,ATO,AVB,AVGO,AVY,AWK,AXP,AZO,BA,BAC,BALL,BAX,BBY,BDX,BEN,BF-B,BIIB,BK,BKNG,BKR,BLK,BMY,BR,BRK-B,BRO,BSX,BXP,C,CAG,CAH,CARR,CAT,CB,CBOE,CBRE,CCI,CCL,CDNS,CDW,CEG,CF,CFG,CHD,CHRW,CHTR,CI,CINF,CL,CLX,CMCSA,CME,CMG,CMI,CMS,CNC,CNP,COF,COO,COP,COR,COST,CPAY,CPB,CPRT,CPT,CRH,CRL,CRM,CSCO,CSGP,CSX,CTAS,CTRA,CTSH,CTVA,CVS,CVX,D,DAL,DD,DE,DG,DGX,DHI,DHR,DIS,DLR,DLTR,DOC,DOV,DOW,DPZ,DRI,DTE,DUK,DVA,DVN,DXCM,EA,EBAY,ECL,ED,EFX,EG,EIX,EL,ELV,EMR,EOG,EPAM,EQIX,EQR,EQT,ES,ESS,ETN,ETR,EVRG,EW,EXC,EXPD,EXPE,EXR,F,FANG,FAST,FCX,FDS,FDX,FE,FFIV,FIS,FISV,FITB,FOX,FOXA,FRT,FSLR,FTNT,FTV,GD,GE,GEHC,GEN,GILD,GIS,GL,GLW,GM,GNRC,GOOG,GOOGL,GPC,GPN,GRMN,GS,GWW,HAL,HAS,HBAN,HCA,HD,HIG,HII,HLT,HOLX,HON,HPE,HPQ,HRL,HSIC,HST,HSY,HUM,HWM,IBM,ICE,IDXX,IEX,IFF,INCY,INTC,INTU,INVH,IP,IQV,IR,IRM,ISRG,IT,ITW,IVZ,J,JBHT,JCI,JKHY,JNJ,JPM,KDP,KEY,KEYS,KHC,KIM,KKR,KLAC,KMB,KMI,KO,KR,L,LDOS,LEN,LH,LHX,LIN,LLY,LMT,LNT,LOW,LRCX,LUV,LVS,LW,LYB,LYV,MA,MAA,MAR,MAS,MCD,MCHP,MCK,MCO,MDLZ,MDT,MET,META,MGM,MKC,MLM,MMM,MNST,MO,MOH,MOS,MPC,MPWR,MRK,MRNA,MRSH,MS,MSCI,MSFT,MSI,MTB,MTCH,MTD,MU,NCLH,NDAQ,NDSN,NEE,NEM,NFLX,NI,NKE,NOC,NOW,NRG,NSC,NTAP,NTRS,NUE,NVDA,NVR,NWS,NWSA,NXPI,O,ODFL,OKE,OMC,ON,ORCL,ORLY,OTIS,OXY,PAYC,PAYX,PCAR,PCG,PEG,PEP,PFE,PFG,PG,PGR,PH,PHM,PKG,PLD,PM,PNC,PNR,PNW,POOL,PPG,PPL,PRU,PSA,PSKY,PSX,PTC,PWR,PYPL,QCOM,RCL,REG,REGN,RF,RJF,RL,RMD,ROK,ROL,ROP,ROST,RSG,RTX,RVTY,SBAC,SBUX,SCHW,SHW,SJM,SLB,SNA,SNPS,SO,SPG,SPGI,SRE,STE,STLD,STT,STX,STZ,SW,SWK,SWKS,SYF,SYK,SYY,T,TAP,TDG,TDY,TECH,TEL,TER,TFC,TGT,TJX,TMO,TMUS,TPR,TRGP,TRMB,TROW,TRV,TSCO,TSLA,TSN,TT,TTWO,TXN,TXT,TYL,UAL,UDR,UHS,ULTA,UNH,UNP,UPS,URI,USB,V,VICI,VLO,VMC,VRSK,VRSN,VRTX,VTR,VTRS,VZ,WAB,WAT,WBD,WDC,WEC,WELL,WFC,WM,WMB,WMT,WRB,WST,WTW,WY,WYNN,XEL,XOM,XYL,YUM,ZBH,ZBRA,ZTS"
2023-01-31,"A,AAPL,ABBV,ABT,ACGL,ACN,ADBE,ADI,ADM,ADP,ADSK,AEE,AEP,AES,AFL,AIG,AIZ,AJG,AKAM,ALB,ALGN,ALL,ALLE,AMAT,AMCR,AMD,AME,AMGN,AMP,AMT,AMZN,ANET,AON,AOS,APA,APD,APH,APTV,ARE,ATO,AVB,AVGO,AVY,AWK,AXP,AZO,BA,BAC,BALL,BAX,BBY,BDX,BEN,BF-B,BIIB,BK,BKNG,BKR,BLK,BMY,BR,BRK-B,BRO,BSX,BXP,C,CAG,CAH,CARR,CAT,CB,CBOE,CBRE,CCI,CCL,CDNS,CDW,CEG,CF,CFG,CHD,CHRW,CHTR,CI,CINF,CL,CLX,CMCSA,CME,CMG,CMI,CMS,CNC,CNP,COF,COO,COP,COR,COST,CPAY,CPB,CPRT,CPT,CRH,CRL,CRM,CSCO,CSGP,CSX,CTAS,CTRA,CTSH,CTVA,CVS,CVX,D,DAL,DD,DE,DG,DGX,DHI,DHR,DIS,DLR,DLTR,DOC,DOV,DOW,DPZ,DRI,DTE,DUK,DVA,DVN,DXCM,EA,EBAY,ECL,ED,EFX,EG,EIX,EL,ELV,EMR,EOG,EPAM,EQIX,EQR,EQT,ES,ESS,ETN,ETR,EVRG,EW,EXC,EXPD,EXPE,EXR,F,FANG,FAST,FCX,FDS,FDX,FE,FFIV,FIS,FISV,FITB,FOX,FOXA,FRT,FSLR,FTNT,FTV,GD,GE,GEHC,GEN,GILD,GIS,GL,GLW,GM,GNRC,GOOG,GOOGL,GPC,GPN,GRMN,GS,GWW,HAL,HAS,HBAN,HCA,HD,HIG,HII,HLT,HOLX,HON,HPE,HPQ,HRL,HSIC,HST,HSY,HUM,HWM,IBM,ICE,IDXX,IEX,IFF,INCY,INTC,INTU,INVH,IP,IQV,IR,IRM,ISRG,IT,ITW,IVZ,J,JBHT,JCI,JKHY,JNJ,JPM,KDP,KEY,KEYS,KHC,KIM,KKR,KLAC,KMB,KMI,KO,KR,L,LDOS,LEN,LH,LHX,LIN,LLY,LMT,LNT,LOW,LRCX,LUV,LVS,LW,LYB,LYV,MA,MAA,MAR,MAS,MCD,MCHP,MCK,MCO,MDLZ,MDT,MET,META,MGM,MKC,MLM,MMM,MNST,MO,MOH,MOS,MPC,MPWR,MRK,MRNA,MRSH,MS,MSCI,MSFT,MSI,MTB,MTCH,MTD,MU,NCLH,NDAQ,NDSN,NEE,NEM,NFLX,NI,NKE,NOC,NOW,NRG,NSC,NTAP,NTRS,NUE,NVDA,NVR,NWS,NWSA,NXPI,O,ODFL,OKE,OMC,ON,ORCL,ORLY,OTIS,OXY,PAYC,PAYX,PCAR,PCG,PEG,PEP,PFE,PFG,PG,PGR,PH,PHM,PKG,PLD,PM,PNC,PNR,PNW,POOL,PPG,PPL,PRU,PSA,PSKY,PSX,PTC,PWR,PYPL,QCOM,RCL,REG,REGN,RF,RJF,RL,RMD,ROK,ROL,ROP,ROST,RSG,RTX,RVTY,SBAC,SBUX,SCHW,SHW,SJM,SLB,SNA,SNPS,SO,SPG,SPGI,SRE,STE,STLD,STT,STX,STZ,SW,SWK,SWKS,SYF,SYK,SYY,T,TAP,TDG,TDY,TECH,TEL,TER,TFC,TGT,TJX,TMO,TMUS,TPR,TRGP,TRMB,TROW,TRV,TSCO,TSLA,TSN,TT,TTWO,TXN,TXT,TYL,UAL,UDR,UHS,ULTA,UNH,UNP,UPS,URI,USB,V,VICI,VLO,VMC,VRSK,VRSN,VRTX,VTR,VTRS,VZ,WAB,WAT,WBD,WDC,WEC,WELL,WFC,WM,WMB,WMT,WRB,WST,WTW,WY,WYNN,XEL,XOM,XYL,YUM,ZBH,ZBRA,ZTS"
2023-02-28,"A,AAPL,ABBV,ABT,ACGL,ACN,ADBE,ADI,ADM,ADP,ADSK,AEE,AEP,AES,AFL,AIG,AIZ,AJG,AKAM,ALB,ALGN,ALL,ALLE,AMAT,AMCR,AMD,AME,AMGN,AMP,AMT,AMZN,ANET,AON,AOS,APA,APD,APH,APTV,ARE,ATO,AVB,AVGO,AVY,AWK,AXP,AZO,BA,BAC,BALL,BAX,BBY,BDX,BEN,BF-B,BG,BIIB,BK,BKNG,BKR,BLK,BMY,BR,BRK-B,BRO,BSX,BXP,C,CAG,CAH,CARR,CAT,CB,CBOE,CBRE,CCI,CCL,CDNS,CDW,CEG,CF,CFG,CHD,CHRW,CHTR,CI,CINF,CL,CLX,CMCSA,CME,CMG,CMI,CMS,CNC,CNP,COF,COO,COP,COR,COST,CPAY,CPB,CPRT,CPT,CRH,CRL,CRM,CSCO,CSGP,CSX,CTAS,CTRA,CTSH,CTVA,CVS,CVX,D,DAL,DD,DE,DG,DGX,DHI,DHR,DIS,DLR,DLTR,DOC,DOV,DOW,DPZ,DRI,DTE,DUK,DVA,DVN,DXCM,EA,EBAY,ECL,ED,EFX,EG,EIX,EL,ELV,EMR,EOG,EPAM,EQIX,EQR,EQT,ES,ESS,ETN,ETR,EVRG,EW,EXC,EXPD,EXPE,EXR,F,FANG,FAST,FCX,FDS,FDX,FE,FFIV,FICO,FIS,FISV,FITB,FOX,FOXA,FRT,FSLR,FTNT,FTV,GD,GE,GEHC,GEN,GILD,GIS,GL,GLW,GM,GNRC,GOOG,GOOGL,GPC,GPN,GRMN,GS,GWW,HAL,HAS,HBAN,HCA,HD,HIG,HII,HLT,HOLX,HON,HPE,HPQ,HRL,HSIC,HST,HSY,HUM,HWM,IBM,ICE,IDXX,IEX,IFF,INCY,INTC,INTU,INVH,IP,IQV,IR,IRM,ISRG,IT,ITW,IVZ,J,JBHT,JCI,JKHY,JNJ,JPM,KDP,KEY,KEYS,KHC,KIM,KKR,KLAC,KMB,KMI,KO,KR,L,LDOS,LEN,LH,LHX,LIN,LLY,LMT,LNT,LOW,LRCX,LUV,LVS,LW,LYB,LYV,MA,MAA,MAR,MAS,MCD,MCHP,MCK,MCO,MDLZ,MDT,MET,META,MGM,MKC,MLM,MMM,MNST,MO,MOH,MOS,MPC,MPWR,MRK,MRNA,MRSH,MS,MSCI,MSFT,MSI,MTB,MTCH,MTD,MU,NCLH,NDAQ,NDSN,NEE,NEM,NFLX,NI,NKE,NOC,NOW,NRG,NSC,NTAP,NTRS,NUE,NVDA,NVR,NWS,NWSA,NXPI,O,ODFL,OKE,OMC,ON,ORCL,ORLY,OTIS,OXY,PAYC,PAYX,PCAR,PCG,PEG,PEP,PFE,PFG,PG,PGR,PH,PHM,PKG,PLD,PM,PNC,PNR,PNW,PODD,POOL,PPG,PPL,PRU,PSA,PSKY,PSX,PTC,PWR,PYPL,QCOM,RCL,REG,REGN,RF,RJF,RL,RMD,ROK,ROL,ROP,ROST,RSG,RTX,RVTY,SBAC,SBUX,SCHW,SHW,SJM,SLB,SNA,SNPS,SO,SPG,SPGI,SRE,STE,STLD,STT,STX,STZ,SW,SWK,SWKS,SYF,SYK,SYY,T,TAP,TDG,TDY,TECH,TEL,TER,TFC,TGT,TJX,TMO,TMUS,TPR,TRGP,TRMB,TROW,TRV,TSCO,TSLA,TSN,TT,TTWO,TXN,TXT,TYL,UAL,UDR,UHS,ULTA,UNH,UNP,UPS,URI,USB,V,VICI,VLO,VMC,VRSK,VRSN,VRTX,VTR,VTRS,VZ,WAB,WAT,WBD,WDC,WEC,WELL,WFC,WM,WMB,WMT,WRB,WST,WTW,WY,WYNN,XEL,XOM,XYL,YUM,ZBH,ZBRA,ZTS"
2023-03-31,"A,AAPL,ABBV,ABT,ACGL,ACN,ADBE,ADI,ADM,ADP,ADSK,AEE,AEP,AES,AFL,AIG,AIZ,AJG,AKAM,ALB,ALGN,ALL,ALLE,AMAT,AMCR,AMD,AME,AMGN,AMP,AMT,AMZN,ANET,AON,AOS,APA,APD,APH,APTV,ARE,ATO,AVB,AVGO,AVY,AWK,AXP,AZO,BA,BAC,BALL,BAX,BBY,BDX,BEN,BF-B,BG,BIIB,BK,BKNG,BKR,BLK,BMY,BR,BRK-B,BRO,BSX,BXP,C,CAG,CAH,CARR,CAT,CB,CBOE,CBRE,CCI,CCL,CDNS,CDW,CEG,CF,CFG,CHD,CHRW,CHTR,CI,CINF,CL,CLX,CMCSA,CME,CMG,CMI,CMS,CNC,CNP,COF,COO,COP,COR,COST,CPAY,CPB,CPRT,CPT,CRH,CRL,CRM,CSCO,CSGP,CSX,CTAS,CTRA,CTSH,CTVA,CVS,CVX,D,DAL,DD,DE,DG,DGX,DHI,DHR,DIS,DLR,DLTR,DOC,DOV,DOW,DPZ,DRI,DTE,DUK,DVA,DVN,DXCM,EA,EBAY,ECL,ED,EFX,EG,EIX,EL,ELV,EMR,EOG,EPAM,EQIX,EQR,EQT,ES,ESS,ETN,ETR,EVRG,EW,EXC,EXPD,EXPE,EXR,F,FANG,FAST,FCX,FDS,FDX,FE,FFIV,FICO,FIS,FISV,FITB,FOX,FOXA,FRT,FSLR,FTNT,FTV,GD,GE,GEHC,GEN,GILD,GIS,GL,GLW,GM,GNRC,GOOG,GOOGL,GPC,GPN,GRMN,GS,GWW,HAL,HAS,HBAN,HCA,HD,HIG,HII,HLT,HOLX,HON,HPE,HPQ,HRL,HSIC,HST,HSY,HUM,HWM,IBM,ICE,IDXX,IEX,IFF,INCY,INTC,INTU,INVH,IP,IQV,IR,IRM,ISRG,IT,ITW,IVZ,J,JBHT,JCI,JKHY,JNJ,JPM,KDP,KEY,KEYS,KHC,KIM,KKR,KLAC,KMB,KMI,KO,KR,L,LDOS,LEN,LH,LHX,LIN,LLY,LMT,LNT,LOW,LRCX,LUV,LVS,LW,LYB,LYV,MA,MAA,MAR,MAS,MCD,MCHP,MCK,MCO,MDLZ,MDT,MET,META,MGM,MKC,MLM,MMM,MNST,MO,MOH,MOS,MPC,MPWR,MRK,MRNA,MRSH,MS,MSCI,MSFT,MSI,MTB,MTCH,MTD,MU,NCLH,NDAQ,NDSN,NEE,NEM,NFLX,NI,NKE,NOC,NOW,NRG,NSC,NTAP,NTRS,NUE,NVDA,NVR,NWS,NWSA,NXPI,O,ODFL,OKE,OMC,ON,ORCL,ORLY,OTIS,OXY,PAYC,PAYX,PCAR,PCG,PEG,PEP,PFE,PFG,PG,PGR,PH,PHM,PKG,PLD,PM,PNC,PNR,PNW,PODD,POOL,PPG,PPL,PRU,PSA,PSKY,PSX,PTC,PWR,PYPL,QCOM,RCL,REG,REGN,RF,RJF,RL,RMD,ROK,ROL,ROP,ROST,RSG,RTX,RVTY,SBAC,SBUX,SCHW,SHW,SJM,SLB,SNA,SNPS,SO,SPG,SPGI,SRE,STE,STLD,STT,STX,STZ,SW,SWK,SWKS,SYF,SYK,SYY,T,TAP,TDG,TDY,TECH,TEL,TER,TFC,TGT,TJX,TMO,TMUS,TPR,TRGP,TRMB,TROW,TRV,TSCO,TSLA,TSN,TT,TTWO,TXN,TXT,TYL,UAL,UDR,UHS,ULTA,UNH,UNP,UPS,URI,USB,V,VICI,VLO,VMC,VRSK,VRSN,VRTX,VTR,VTRS,VZ,WAB,WAT,WBD,WDC,WEC,WELL,WFC,WM,WMB,WMT,WRB,WST,WTW,WY,WYNN,XEL,XOM,XYL,YUM,ZBH,ZBRA,ZTS"
2023-04-30,"A,AAPL,ABBV,ABT,ACGL,ACN,ADBE,ADI,ADM,ADP,ADSK,AEE,AEP,AES,AFL,AIG,AIZ,AJG,AKAM,ALB,ALGN,ALL,ALLE,AMAT,AMCR,AMD,AME,AMGN,AMP,AMT,AMZN,ANET,AON,AOS,APA,APD,APH,APTV,ARE,ATO,AVB,AVGO,AVY,AWK,AXON,AXP,AZO,BA,BAC,BALL,BAX,BBY,BDX,BEN,BF-B,BG,BIIB,BK,BKNG,BKR,BLK,BMY,BR,BRK-B,BRO,BSX,BXP,C,CAG,CAH,CARR,CAT,CB,CBOE,CBRE,CCI,CCL,CDNS,CDW,CEG,CF,CFG,CHD,CHRW,CHTR,CI,CINF,CL,CLX,CMCSA,CME,CMG,CMI,CMS,CNC,CNP,COF,COO,COP,COR,COST,CPAY,CPB,CPRT,CPT,CRH,CRL,CRM,CSCO,CSGP,CSX,CTAS,CTRA,CTSH,CTVA,CVS,CVX,D,DAL,DD,DE,DG,DGX,DHI,DHR,DIS,DLR,DLTR,DOC,DOV,DOW,DPZ,DRI,DTE,DUK,DVA,DVN,DXCM,EA,EBAY,ECL,ED,EFX,EG,EIX,EL,ELV,EMR,EOG,EPAM,EQIX,EQR,EQT,ES,ESS,ETN,ETR,EVRG,EW,EXC,EXPD,EXPE,EXR,F,FANG,FAST,FCX,FDS,FDX,FE,FFIV,FICO,FIS,FISV,FITB,FOX,FOXA,FRT,FSLR,FTNT,FTV,GD,GE,GEHC,GEN,GILD,GIS,GL,GLW,GM,GNRC,GOOG,GOOGL,GPC,GPN,GRMN,GS,GWW,HAL,HAS,HBAN,HCA,HD,HIG,HII,HLT,HOLX,HON,HPE,HPQ,HRL,HSIC,HST,HSY,HUM,HWM,IBM,ICE,IDXX,IEX,IFF,INCY,INTC,INTU,INVH,IP,IQV,IR,IRM,ISRG,IT,ITW,IVZ,J,JBHT,JCI,JKHY,JNJ,JPM,KDP,KEY,KEYS,KHC,KIM,KKR,KLAC,KMB,KMI,KO,KR,L,LDOS,LEN,LH,LHX,LIN,LLY,LMT,LNT,LOW,LRCX,LUV,LVS,LW,LYB,LYV,MA,MAA,MAR,MAS,MCD,MCHP,MCK,MCO,MDLZ,MDT,MET,META,MGM,MKC,MLM,MMM,MNST,MO,MOH,MOS,MPC,MPWR,MRK,MRNA,MRSH,MS,MSCI,MSFT,MSI,MTB,MTCH,MTD,MU,NCLH,NDAQ,NDSN,NEE,NEM,NFLX,NI,NKE,NOC,NOW,NRG,NSC,NTAP,NTRS,NUE,NVDA,NVR,NWS,NWSA,NXPI,O,ODFL,OKE,OMC,ON,ORCL,ORLY,OTIS,OXY,PAYC,PAYX,PCAR,PCG,PEG,PEP,PFE,PFG,PG,PGR,PH,PHM,PKG,PLD,PM,PNC,PNR,PNW,PODD,POOL,PPG,PPL,PRU,PSA,PSKY,PSX,PTC,PWR,PYPL,QCOM,RCL,REG,REGN,RF,RJF,RL,RMD,ROK,ROL,ROP,ROST,RSG,RTX,RVTY,SBAC,SBUX,SCHW,SHW,SJM,SLB,SNA,SNPS,SO,SPG,SPGI,SRE,STE,STLD,STT,STX,STZ,SW,SWK,SWKS,SYF,SYK,SYY,T,TAP,TDG,TDY,TECH,TEL,TER,TFC,TGT,TJX,TMO,TMUS,TPR,TRGP,TRMB,TROW,TRV,TSCO,TSLA,TSN,TT,TTWO,TXN,TXT,TYL,UAL,UDR,UHS,ULTA,UNH,UNP,UPS,URI,USB,V,VICI,VLO,VMC,VRSK,VRSN,VRTX,VTR,VTRS,VZ,WAB,WAT,WBD,WDC,WEC,WELL,WFC,WM,WMB,WMT,WRB,WST,WTW,WY,WYNN,XEL,XOM,XYL,YUM,ZBH,ZBRA,ZTS"
2023-05-31,"A,AAPL,ABBV,ABT,ACGL,ACN,ADBE,ADI,ADM,ADP,ADSK,AEE,AEP,AES,AFL,AIG,AIZ,AJG,AKAM,ALB,ALGN,ALL,ALLE,AMAT,AMCR,AMD,AME,AMGN,AMP,AMT,AMZN,ANET,AON,AOS,APA,APD,APH,APTV,ARE,ATO,AVB,AVGO,AVY,AWK,AXON,AXP,AZO,BA,BAC,BALL,BAX,BBY,BDX,BEN,BF-B,BG,BIIB,BK,BKNG,BKR,BLK,BMY,BR,BRK-B,BRO,BSX,BXP,C,CAG,CAH,CARR,CAT,CB,CBOE,CBRE,CCI,CCL,CDNS,CDW,CEG,CF,CFG,CHD,CHRW,CHTR,CI,CINF,CL,CLX,CMCSA,CME,CMG,CMI,CMS,CNC,CNP,COF,COO,COP,COR,COST,CPAY,CPB,CPRT,CPT,CRH,CRL,CRM,CSCO,CSGP,CSX,CTAS,CTRA,CTSH,CTVA,CVS,CVX,D,DAL,DD,DE,DG,DGX,DHI,DHR,DIS,DLR,DLTR,DOC,DOV,DOW,DPZ,DRI,DTE,DUK,DVA,DVN,DXCM,EA,EBAY,ECL,ED,EFX,EG,EIX,EL,ELV,EMR,EOG,EPAM,EQIX,EQR,EQT,ES,ESS,ETN,ETR,EVRG,EW,EXC,EXPD,EXPE,EXR,F,FANG,FAST,FCX,FDS,FDX,FE,FFIV,FICO,FIS,FISV,FITB,FOX,FOXA,FRT,FSLR,FTNT,FTV,GD,GE,GEHC,GEN,GILD,GIS,GL,GLW,GM,GNRC,GOOG,GOOGL,GPC,GPN,GRMN,GS,GWW,HAL,HAS,HBAN,HCA,HD,HIG,HII,HLT,HOLX,HON,HPE,HPQ,HRL,HSIC,HST,HSY,HUM,HWM,IBM,ICE,IDXX,IEX,IFF,INCY,INTC,INTU,INVH,IP,IQV,IR,IRM,ISRG,IT,ITW,IVZ,J,JBHT,JCI,JKHY,JNJ,JPM,KDP,KEY,KEYS,KHC,KIM,KKR,KLAC,KMB,KMI,KO,KR,L,LDOS,LEN,LH,LHX,LIN,LLY,LMT,LNT,LOW,LRCX,LUV,LVS,LW,LYB,LYV,MA,MAA,MAR,MAS,MCD,MCHP,MCK,MCO,MDLZ,MDT,MET,META,MGM,MKC,MLM,MMM,MNST,MO,MOH,MOS,MPC,MPWR,MRK,MRNA,MRSH,MS,MSCI,MSFT,MSI,MTB,MTCH,MTD,MU,NCLH,NDAQ,NDSN,NEE,NEM,NFLX,NI,NKE,NOC,NOW,NRG,NSC,NTAP,NTRS,NUE,NVDA,NVR,NWS,NWSA,NXPI,O,ODFL,OKE,OMC,ON,ORCL,ORLY,OTIS,OXY,PANW,PAYC,PAYX,PCAR,PCG,PEG,PEP,PFE,PFG,PG,PGR,PH,PHM,PKG,PLD,PM,PNC,PNR,PNW,PODD,POOL,PPG,PPL,PRU,PSA,PSKY,PSX,PTC,PWR,PYPL,QCOM,RCL,REG,REGN,RF,RJF,RL,RMD,ROK,ROL,ROP,ROST,RSG,RTX,RVTY,SBAC,SBUX,SCHW,SHW,SJM,SLB,SNA,SNPS,SO,SPG,SPGI,SRE,STE,STLD,STT,STX,STZ,SW,SWK,SWKS,SYF,SYK,SYY,T,TAP,TDG,TDY,TECH,TEL,TER,TFC,TGT,TJX,TMO,TMUS,TPR,TRGP,TRMB,TROW,TRV,TSCO,TSLA,TSN,TT,TTWO,TXN,TXT,TYL,UAL,UDR,UHS,ULTA,UNH,UNP,UPS,URI,USB,V,VICI,VLO,VMC,VRSK,VRSN,VRTX,VTR,VTRS,VZ,WAB,WAT,WBD,WDC,WEC,WELL,WFC,WM,WMB,WMT,WRB,WST,WTW,WY,WYNN,XEL,XOM,XYL,YUM,ZBH,ZBRA,ZTS"
2023-06-30,"A,AAPL,ABBV,ABT,ACGL,ACN,ADBE,ADI,ADM,ADP,ADSK,AEE,AEP,AES,AFL,AIG,AIZ,AJG,AKAM,ALB,ALGN,ALL,ALLE,AMAT,AMCR,AMD,AME,AMGN,AMP,AMT,AMZN,ANET,AON,AOS,APA,APD,APH,APTV,ARE,ATO,AVB,AVGO,AVY,AWK,AXON,AXP,AZO,BA,BAC,BALL,BAX,BBY,BDX,BEN,BF-B,BG,BIIB,BK,BKNG,BKR,BLK,BMY,BR,BRK-B,BRO,BSX,BXP,C,CAG,CAH,CARR,CAT,CB,CBOE,CBRE,CCI,CCL,CDNS,CDW,CEG,CF,CFG,CHD,CHRW,CHTR,CI,CINF,CL,CLX,CMCSA,CME,CMG,CMI,CMS,CNC,CNP,COF,COO,COP,COR,COST,CPAY,CPB,CPRT,CPT,CRH,CRL,CRM,CSCO,CSGP,CSX,CTAS,CTRA,CTSH,CTVA,CVS,CVX,D,DAL,DD,DE,DG,DGX,DHI,DHR,DIS,DLR,DLTR,DOC,DOV,DOW,DPZ,DRI,DTE,DUK,DVA,DVN,DXCM,EA,EBAY,ECL,ED,EFX,EG,EIX,EL,ELV,EMR,EOG,EPAM,EQIX,EQR,EQT,ES,ESS,ETN,ETR,EVRG,EW,EXC,EXPD,EXPE,EXR,F,FANG,FAST,FCX,FDS,FDX,FE,FFIV,FICO,FIS,FISV,FITB,FOX,FOXA,FRT,FSLR,FTNT,FTV,GD,GE,GEHC,GEN,GILD,GIS,GL,GLW,GM,GNRC,GOOG,GOOGL,GPC,GPN,GRMN,GS,GWW,HAL,HAS,HBAN,HCA,HD,HIG,HII,HLT,HOLX,HON,HPE,HPQ,HRL,HSIC,HST,HSY,HUM,HWM,IBM,ICE,IDXX,IEX,IFF,INCY,INTC,INTU,INVH,IP,IQV,IR,IRM,ISRG,IT,ITW,IVZ,J,JBHT,JCI,JKHY,JNJ,JPM,KDP,KEY,KEYS,KHC,KIM,KKR,KLAC,KMB,KMI,KO,KR,L,LDOS,LEN,LH,LHX,LIN,LLY,LMT,LNT,LOW,LRCX,LUV,LVS,LW,LYB,LYV,MA,MAA,MAR,MAS,MCD,MCHP,MCK,MCO,MDLZ,MDT,MET,META,MGM,MKC,MLM,MMM,MNST,MO,MOH,MOS,MPC,MPWR,MRK,MRNA,MRSH,MS,MSCI,MSFT,MSI,MTB,MTCH,MTD,MU,NCLH,NDAQ,NDSN,NEE,NEM,NFLX,NI,NKE,NOC,NOW,NRG,NSC,NTAP,NTRS,NUE,NVDA,NVR,NWS,NWSA,NXPI,O,ODFL,OKE,OMC,ON,ORCL,ORLY,OTIS,OXY,PANW,PAYC,PAYX,PCAR,PCG,PEG,PEP,PFE,PFG,PG,PGR,PH,PHM,PKG,PLD,PM,PNC,PNR,PNW,PODD,POOL,PPG,PPL,PRU,PSA,PSKY,PSX,PTC,PWR,PYPL,QCOM,RCL,REG,REGN,RF,RJF,RL,RMD,ROK,ROL,ROP,ROST,RSG,RTX,RVTY,SBAC,SBUX,SCHW,SHW,SJM,SLB,SNA,SNPS,SO,SPG,SPGI,SRE,STE,STLD,STT,STX,STZ,SW,SWK,SWKS,SYF,SYK,SYY,T,TAP,TDG,TDY,TECH,TEL,TER,TFC,TGT,TJX,TMO,TMUS,TPR,TRGP,TRMB,TROW,TRV,TSCO,TSLA,TSN,TT,TTWO,TXN,TXT,TYL,UAL,UDR,UHS,ULTA,UNH,UNP,UPS,URI,USB,V,VICI,VLO,VMC,VRSK,VRSN,VRTX,VTR,VTRS,VZ,WAB,WAT,WBD,WDC,WEC,WELL,WFC,WM,WMB,WMT,WRB,WST,WTW,WY,WYNN,XEL,XOM,XYL,YUM,ZBH,ZBRA,ZTS"
2023-07-31,"A,AAPL,ABBV,ABT,ACGL,ACN,ADBE,ADI,ADM,ADP,ADSK,AEE,AEP,AES,AFL,AIG,AIZ,AJG,AKAM,ALB,ALGN,ALL,ALLE,AMAT,AMCR,AMD,AME,AMGN,AMP,AMT,AMZN,ANET,AON,AOS,APA,APD,APH,APTV,ARE,ATO,AVB,AVGO,AVY,AWK,AXON,AXP,AZO,BA,BAC,BALL,BAX,BBY,BDX,BEN,BF-B,BG,BIIB,BK,BKNG,BKR,BLK,BMY,BR,BRK-B,BRO,BSX,BXP,C,CAG,CAH,CARR,CAT,CB,CBOE,CBRE,CCI,CCL,CDNS,CDW,CEG,CF,CFG,CHD,CHRW,CHTR,CI,CINF,CL,CLX,CMCSA,CME,CMG,CMI,CMS,CNC,CNP,COF,COO,COP,COR,COST,CPAY,CPB,CPRT,CPT,CRH,CRL,CRM,CSCO,CSGP,CSX,CTAS,CTRA,CTSH,CTVA,CVS,CVX,D,DAL,DD,DE,DG,DGX,DHI,DHR,DIS,DLR,DLTR,DOC,DOV,DOW,DPZ,DRI,DTE,DUK,DVA,DVN,DXCM,EA,EBAY,ECL,ED,EFX,EG,EIX,EL,ELV,EMR,EOG,EPAM,EQIX,EQR,EQT,ES,ESS,ETN,ETR,EVRG,EW,EXC,EXPD,EXPE,EXR,F,FANG,FAST,FCX,FDS,FDX,FE,FFIV,FICO,FIS,FISV,FITB,FOX,FOXA,FRT,FSLR,FTNT,FTV,GD,GE,GEHC,GEN,GILD,GIS,GL,GLW,GM,GNRC,GOOG,GOOGL,GPC,GPN,GRMN,GS,GWW,HAL,HAS,HBAN,HCA,HD,HIG,HII,HLT,HOLX,HON,HPE,HPQ,HRL,HSIC,HST,HSY,HUM,HWM,IBM,ICE,IDXX,IEX,IFF,INCY,INTC,INTU,INVH,IP,IQV,IR,IRM,ISRG,IT,ITW,IVZ,J,JBHT,JCI,JKHY,JNJ,JPM,KDP,KEY,KEYS,KHC,KIM,KKR,KLAC,KMB,KMI,KO,KR,KVUE,L,LDOS,LEN,LH,LHX,LIN,LLY,LMT,LNT,LOW,LRCX,LUV,LVS,LW,LYB,LYV,MA,MAA,MAR,MAS,MCD,MCHP,MCK,MCO,MDLZ,MDT,MET,META,MGM,MKC,MLM,MMM,MNST,MO,MOH,MOS,MPC,MPWR,MRK,MRNA,MRSH,MS,MSCI,MSFT,MSI,MTB,MTCH,MTD,MU,NCLH,NDAQ,NDSN,NEE,NEM,NFLX,NI,NKE,NOC,NOW,NRG,NSC,NTAP,NTRS,NUE,NVDA,NVR,NWS,NWSA,NXPI,O,ODFL,OKE,OMC,ON,ORCL,ORLY,OTIS,OXY,PANW,PAYC,PAYX,PCAR,PCG,PEG,PEP,PFE,PFG,PG,PGR,PH,PHM,PKG,PLD,PM,PNC,PNR,PNW,PODD,POOL,PPG,PPL,PRU,PSA,PSKY,PSX,PTC,PWR,PYPL,QCOM,RCL,REG,REGN,RF,RJF,RL,RMD,ROK,ROL,ROP,ROST,RSG,RTX,RVTY,SBAC,SBUX,SCHW,SHW,SJM,SLB,SNA,SNPS,SO,SPG,SPGI,SRE,STE,STLD,STT,STX,STZ,SW,SWK,SWKS,SYF,SYK,SYY,T,TAP,TDG,TDY,TECH,TEL,TER,TFC,TGT,TJX,TMO,TMUS,TPR,TRGP,TRMB,TROW,TRV,TSCO,TSLA,TSN,TT,TTWO,TXN,TXT,TYL,UAL,UDR,UHS,ULTA,UNH,UNP,UPS,URI,USB,V,VICI,VLO,VMC,VRSK,VRSN,VRTX,VTR,VTRS,VZ,WAB,WAT,WBD,WDC,WEC,WELL,WFC,WM,WMB,WMT,WRB,WST,WTW,WY,WYNN,XEL,XOM,XYL,YUM,ZBH,ZBRA,ZTS"
2023-08-31,"A,AAPL,ABBV,ABNB,ABT,ACGL,ACN,ADBE,ADI,ADM,ADP,ADSK,AEE,AEP,AES,AFL,AIG,AIZ,AJG,AKAM,ALB,ALGN,ALL,ALLE,AMAT,AMCR,AMD,AME,AMGN,AMP,AMT,AMZN,ANET,AON,AOS,APA,APD,APH,APTV,ARE,ATO,AVB,AVGO,AVY,AWK,AXON,AXP,AZO,BA,BAC,BALL,BAX,BBY,BDX,BEN,BF-B,BG,BIIB,BK,BKNG,BKR,BLK,BMY,BR,BRK-B,BRO,BSX,BX,BXP,C,CAG,CAH,CARR,CAT,CB,CBOE,CBRE,CCI,CCL,CDNS,CDW,CEG,CF,CFG,CHD,CHRW,CHTR,CI,CINF,CL,CLX,CMCSA,CME,CMG,CMI,CMS,CNC,CNP,COF,COO,COP,COR,COST,CPAY,CPB,CPRT,CPT,CRH,CRL,CRM,CSCO,CSGP,CSX,CTAS,CTRA,CTSH,CTVA,CVS,CVX,D,DAL,DD,DE,DG,DGX,DHI,DHR,DIS,DLR,DLTR,DOC,DOV,DOW,DPZ,DRI,DTE,DUK,DVA,DVN,DXCM,EA,EBAY,ECL,ED,EFX,EG,EIX,EL,ELV,EMR,EOG,EPAM,EQIX,EQR,EQT,ES,ESS,ETN,ETR,EVRG,EW,EXC,EXPD,EXPE,EXR,F,FANG,FAST,FCX,FDS,FDX,FE,FFIV,FICO,FIS,FISV,FITB,FOX,FOXA,FRT,FSLR,FTNT,FTV,GD,GE,GEHC,GEN,GILD,GIS,GL,GLW,GM,GNRC,GOOG,GOOGL,GPC,GPN,GRMN,GS,GWW,HAL,HAS,HBAN,HCA,HD,HIG,HII,HLT,HOLX,HON,HPE,HPQ,HRL,HSIC,HST,HSY,HUM,HWM,IBM,ICE,IDXX,IEX,IFF,INCY,INTC,INTU,INVH,IP,IQV,IR,IRM,ISRG,IT,ITW,IVZ,J,JBHT,JCI,JKHY,JNJ,JPM,KDP,KEY,KEYS,KHC,KIM,KKR,KLAC,KMB,KMI,KO,KR,KVUE,L,LDOS,LEN,LH,LHX,LIN,LLY,LMT,LNT,LOW,LRCX,LUV,LVS,LW,LYB,LYV,MA,MAA,MAR,MAS,MCD,MCHP,MCK,MCO,MDLZ,MDT,MET,META,MGM,MKC,MLM,MMM,MNST,MO,MOH,MOS,MPC,MPWR,MRK,MRNA,MRSH,MS,MSCI,MSFT,MSI,MTB,MTCH,MTD,MU,NCLH,NDAQ,NDSN,NEE,NEM,NFLX,NI,NKE,NOC,NOW,NRG,NSC,NTAP,NTRS,NUE,NVDA,NVR,NWS,NWSA,NXPI,O,ODFL,OKE,OMC,ON,ORCL,ORLY,OTIS,OXY,PANW,PAYC,PAYX,PCAR,PCG,PEG,PEP,PFE,PFG,PG,PGR,PH,PHM,PKG,PLD,PM,PNC,PNR,PNW,PODD,POOL,PPG,PPL,PRU,PSA,PSKY,PSX,PTC,PWR,PYPL,QCOM,RCL,REG,REGN,RF,RJF,RL,RMD,ROK,ROL,ROP,ROST,RSG,RTX,RVTY,SBAC,SBUX,SCHW,SHW,SJM,SLB,SNA,SNPS,SO,SPG,SPGI,SRE,STE,STLD,STT,STX,STZ,SW,SWK,SWKS,SYF,SYK,SYY,T,TAP,TDG,TDY,TECH,TEL,TER,TFC,TGT,TJX,TMO,TMUS,TPR,TRGP,TRMB,TROW,TRV,TSCO,TSLA,TSN,TT,TTWO,TXN,TXT,TYL,UAL,UDR,UHS,ULTA,UNH,UNP,UPS,URI,USB,V,VICI,VLO,VMC,VRSK,VRSN,VRTX,VTR,VTRS,VZ,WAB,WAT,WBD,WDC,WEC,WELL,WFC,WM,WMB,WMT,WRB,WST,WTW,WY,WYNN,XEL,XOM,XYL,YUM,ZBH,ZBRA,ZTS"
2023-09-30,"A,AAPL,ABBV,ABNB,ABT,ACGL,ACN,ADBE,ADI,ADM,ADP,ADSK,AEE,AEP,AES,AFL,AIG,AIZ,AJG,AKAM,ALB,ALGN,ALL,ALLE,AMAT,AMCR,AMD,AME,AMGN,AMP,AMT,AMZN,ANET,AON,AOS,APA,APD,APH,APTV,ARE,ATO,AVB,AVGO,AVY,AWK,AXON,AXP,AZO,BA,BAC,BALL,BAX,BBY,BDX,BEN,BF-B,BG,BIIB,BK,BKNG,BKR,BLK,BMY,BR,BRK-B,BRO,BSX,BX,BXP,C,CAG,CAH,CARR,CAT,CB,CBOE,CBRE,CCI,CCL,CDNS,CDW,CEG,CF,CFG,CHD,CHRW,CHTR,CI,CINF,CL,CLX,CMCSA,CME,CMG,CMI,CMS,CNC,CNP,COF,COO,COP,COR,COST,CPAY,CPB,CPRT,CPT,CRH,CRL,CRM,CSCO,CSGP,CSX,CTAS,CTRA,CTSH,CTVA,CVS,CVX,D,DAL,DD,DE,DG,DGX,DHI,DHR,DIS,DLR,DLTR,DOC,DOV,DOW,DPZ,DRI,DTE,DUK,DVA,DVN,DXCM,EA,EBAY,ECL,ED,EFX,EG,EIX,EL,ELV,EMR,EOG,EPAM,EQIX,EQR,EQT,ES,ESS,ETN,ETR,EVRG,EW,EXC,EXPD,EXPE,EXR,F,FANG,FAST,FCX,FDS,FDX,FE,FFIV,FICO,FIS,FISV,FITB,FOX,FOXA,FRT,FSLR,FTNT,FTV,GD,GE,GEHC,GEN,GILD,GIS,GL,GLW,GM,GNRC,GOOG,GOOGL,GPC,GPN,GRMN,GS,GWW,HAL,HAS,HBAN,HCA,HD,HIG,HII,HLT,HOLX,HON,HPE,HPQ,HRL,HSIC,HST,HSY,HUBB,HUM,HWM,IBM,ICE,IDXX,IEX,IFF,INCY,INTC,INTU,INVH,IP,IQV,IR,IRM,ISRG,IT,ITW,IVZ,J,JBHT,JCI,JKHY,JNJ,JPM,KDP,KEY,KEYS,KHC,KIM,KKR,KLAC,KMB,KMI,KO,KR,KVUE,L,LDOS,LEN,LH,LHX,LIN,LLY,LMT,LNT,LOW,LRCX,LULU,LUV,LVS,LW,LYB,LYV,MA,MAA,MAR,MAS,MCD,MCHP,MCK,MCO,MDLZ,MDT,MET,META,MGM,MKC,MLM,MMM,MNST,MO,MOH,MOS,MPC,MPWR,MRK,MRNA,MRSH,MS,MSCI,MSFT,MSI,MTB,MTCH,MTD,MU,NCLH,NDAQ,NDSN,NEE,NEM,NFLX,NI,NKE,NOC,NOW,NRG,NSC,NTAP,NTRS,NUE,NVDA,NVR,NWS,NWSA,NXPI,O,ODFL,OKE,OMC,ON,ORCL,ORLY,OTIS,OXY,PANW,PAYC,PAYX,PCAR,PCG,PEG,PEP,PFE,PFG,PG,PGR,PH,PHM,PKG,PLD,PM,PNC,PNR,PNW,PODD,POOL,PPG,PPL,PRU,PSA,PSKY,PSX,PTC,PWR,PYPL,QCOM,RCL,REG,REGN,RF,RJF,RL,RMD,ROK,ROL,ROP,ROST,RSG,RTX,RVTY,SBAC,SBUX,SCHW,SHW,SJM,SLB,SNA,SNPS,SO,SPG,SPGI,SRE,STE,STLD,STT,STX,STZ,SW,SWK,SWKS,SYF,SYK,SYY,T,TAP,TDG,TDY,TECH,TEL,TER,TFC,TGT,TJX,TMO,TMUS,TPR,TRGP,TRMB,TROW,TRV,TSCO,TSLA,TSN,TT,TTWO,TXN,TXT,TYL,UAL,UDR,UHS,ULTA,UNH,UNP,UPS,URI,USB,V,VICI,VLO,VLTO,VMC,VRSK,VRSN,VRTX,VTR,VTRS,VZ,WAB,WAT,WBD,WDC,WEC,WELL,WFC,WM,WMB,WMT,WRB,WST,WTW,WY,WYNN,XEL,XOM,XYL,YUM,ZBH,ZBRA,ZTS"
2023-10-31,"A,AAPL,ABBV,ABNB,ABT,ACGL,ACN,ADBE,ADI,ADM,ADP,ADSK,AEE,AEP,AES,AFL,AIG,AIZ,AJG,AKAM,ALB,ALGN,ALL,ALLE,AMAT,AMCR,AMD,AME,AMGN,AMP,AMT,AMZN,ANET,AON,AOS,APA,APD,APH,APTV,ARE,ATO,AVB,AVGO,AVY,AWK,AXON,AXP,AZO,BA,BAC,BALL,BAX,BBY,BDX,BEN,BF-B,BG,BIIB,BK,BKNG,BKR,BLK,BMY,BR,BRK-B,BRO,BSX,BX,BXP,C,CAG,CAH,CARR,CAT,CB,CBOE,CBRE,CCI,CCL,CDNS,CDW,CEG,CF,CFG,CHD,CHRW,CHTR,CI,CINF,CL,CLX,CMCSA,CME,CMG,CMI,CMS,CNC,CNP,COF,COO,COP,COR,COST,CPAY,CPB,CPRT,CPT,CRH,CRL,CRM,CSCO,CSGP,CSX,CTAS,CTRA,CTSH,CTVA,CVS,CVX,D,DAL,DD,DE,DG,DGX,DHI,DHR,DIS,DLR,DLTR,DOC,DOV,DOW,DPZ,DRI,DTE,DUK,DVA,DVN,DXCM,EA,EBAY,ECL,ED,EFX,EG,EIX,EL,ELV,EMR,EOG,EPAM,EQIX,EQR,EQT,ES,ESS,ETN,ETR,EVRG,EW,EXC,EXPD,EXPE,EXR,F,FANG,FAST,FCX,FDS,FDX,FE,FFIV,FICO,FIS,FISV,FITB,FOX,FOXA,FRT,FSLR,FTNT,FTV,GD,GE,GEHC,GEN,GILD,GIS,GL,GLW,GM,GNRC,GOOG,GOOGL,GPC,GPN,GRMN,GS,GWW,HAL,HAS,HBAN,HCA,HD,HIG,HII,HLT,HOLX,HON,HPE,HPQ,HRL,HSIC,HST,HSY,HUBB,HUM,HWM,IBM,ICE,IDXX,IEX,IFF,INCY,INTC,INTU,INVH,IP,IQV,IR,IRM,ISRG,IT,ITW,IVZ,J,JBHT,JCI,JKHY,JNJ,JPM,KDP,KEY,KEYS,KHC,KIM,KKR,KLAC,KMB,KMI,KO,KR,KVUE,L,LDOS,LEN,LH,LHX,LIN,LLY,LMT,LNT,LOW,LRCX,LULU,LUV,LVS,LW,LYB,LYV,MA,MAA,MAR,MAS,MCD,MCHP,MCK,MCO,MDLZ,MDT,MET,META,MGM,MKC,MLM,MMM,MNST,MO,MOH,MOS,MPC,MPWR,MRK,MRNA,MRSH,MS,MSCI,MSFT,MSI,MTB,MTCH,MTD,MU,NCLH,NDAQ,NDSN,NEE,NEM,NFLX,NI,NKE,NOC,NOW,NRG,NSC,NTAP,NTRS,NUE,NVDA,NVR,NWS,NWSA,NXPI,O,ODFL,OKE,OMC,ON,ORCL,ORLY,OTIS,OXY,PANW,PAYC,PAYX,PCAR,PCG,PEG,PEP,PFE,PFG,PG,PGR,PH,PHM,PKG,PLD,PM,PNC,PNR,PNW,PODD,POOL,PPG,PPL,PRU,PSA,PSKY,PSX,PTC,PWR,PYPL,QCOM,RCL,REG,REGN,RF,RJF,RL,RMD,ROK,ROL,ROP,ROST,RSG,RTX,RVTY,SBAC,SBUX,SCHW,SHW,SJM,SLB,SNA,SNPS,SO,SPG,SPGI,SRE,STE,STLD,STT,STX,STZ,SW,SWK,SWKS,SYF,SYK,SYY,T,TAP,TDG,TDY,TECH,TEL,TER,TFC,TGT,TJX,TMO,TMUS,TPR,TRGP,TRMB,TROW,TRV,TSCO,TSLA,TSN,TT,TTWO,TXN,TXT,TYL,UAL,UDR,UHS,ULTA,UNH,UNP,UPS,URI,USB,V,VICI,VLO,VLTO,VMC,VRSK,VRSN,VRTX,VTR,VTRS,VZ,WAB,WAT,WBD,WDC,WEC,WELL,WFC,WM,WMB,WMT,WRB,WST,WTW,WY,WYNN,XEL,XOM,XYL,YUM,ZBH,ZBRA,ZTS"
2023-11-30,"A,AAPL,ABBV,ABNB,ABT,ACGL,ACN,ADBE,ADI,ADM,ADP,ADSK,AEE,AEP,AES,AFL,AIG,AIZ,AJG,AKAM,ALB,ALGN,ALL,ALLE,AMAT,AMCR,AMD,AME,AMGN,AMP,AMT,AMZN,ANET,AON,AOS,APA,APD,APH,APTV,ARE,ATO,AVB,AVGO,AVY,AWK,AXON,AXP,AZO,BA,BAC,BALL,BAX,BBY,BDX,BEN,BF-B,BG,BIIB,BK,BKNG,BKR,BLDR,BLK,BMY,BR,BRK-B,BRO,BSX,BX,BXP,C,CAG,CAH,CARR,CAT,CB,CBOE,CBRE,CCI,CCL,CDNS,CDW,CEG,CF,CFG,CHD,CHRW,CHTR,CI,CINF,CL,CLX,CMCSA,CME,CMG,CMI,CMS,CNC,CNP,COF,COO,COP,COR,COST,CPAY,CPB,CPRT,CPT,CRH,CRL,CRM,CSCO,CSGP,CSX,CTAS,CTRA,CTSH,CTVA,CVS,CVX,D,DAL,DD,DE,DG,DGX,DHI,DHR,DIS,DLR,DLTR,DOC,DOV,DOW,DPZ,DRI,DTE,DUK,DVA,DVN,DXCM,EA,EBAY,ECL,ED,EFX,EG,EIX,EL,ELV,EMR,EOG,EPAM,EQIX,EQR,EQT,ES,ESS,ETN,ETR,EVRG,EW,EXC,EXPD,EXPE,EXR,F,FANG,FAST,FCX,FDS,FDX,FE,FFIV,FICO,FIS,FISV,FITB,FOX,FOXA,FRT,FSLR,FTNT,FTV,GD,GE,GEHC,GEN,GILD,GIS,GL,GLW,GM,GNRC,GOOG,GOOGL,GPC,GPN,GRMN,GS,GWW,HAL,HAS,HBAN,HCA,HD,HIG,HII,HLT,HOLX,HON,HPE,HPQ,HRL,HSIC,HST,HSY,HUBB,HUM,HWM,IBM,ICE,IDXX,IEX,IFF,INCY,INTC,INTU,INVH,IP,IQV,IR,IRM,ISRG,IT,ITW,IVZ,J,JBHT,JBL,JCI,JKHY,JNJ,JPM,KDP,KEY,KEYS,KHC,KIM,KKR,KLAC,KMB,KMI,KO,KR,KVUE,L,LDOS,LEN,LH,LHX,LIN,LLY,LMT,LNT,LOW,LRCX,LULU,LUV,LVS,LW,LYB,LYV,MA,MAA,MAR,MAS,MCD,MCHP,MCK,MCO,MDLZ,MDT,MET,META,MGM,MKC,MLM,MMM,MNST,MO,MOH,MOS,MPC,MPWR,MRK,MRNA,MRSH,MS,MSCI,MSFT,MSI,MTB,MTCH,MTD,MU,NCLH,NDAQ,NDSN,NEE,NEM,NFLX,NI,NKE,NOC,NOW,NRG,NSC,NTAP,NTRS,NUE,NVDA,NVR,NWS,NWSA,NXPI,O,ODFL,OKE,OMC,ON,ORCL,ORLY,OTIS,OXY,PANW,PAYC,PAYX,PCAR,PCG,PEG,PEP,PFE,PFG,PG,PGR,PH,PHM,PKG,PLD,PM,PNC,PNR,PNW,PODD,POOL,PPG,PPL,PRU,PSA,PSKY,PSX,PTC,PWR,PYPL,QCOM,RCL,REG,REGN,RF,RJF,RL,RMD,ROK,ROL,ROP,ROST,RSG,RTX,RVTY,SBAC,SBUX,SCHW,SHW,SJM,SLB,SNA,SNPS,SO,SPG,SPGI,SRE,STE,STLD,STT,STX,STZ,SW,SWK,SWKS,SYF,SYK,SYY,T,TAP,TDG,TDY,TECH,TEL,TER,TFC,TGT,TJX,TMO,TMUS,TPR,TRGP,TRMB,TROW,TRV,TSCO,TSLA,TSN,TT,TTWO,TXN,TXT,TYL,UAL,UBER,UDR,UHS,ULTA,UNH,UNP,UPS,URI,USB,V,VICI,VLO,VLTO,VMC,VRSK,VRSN,VRTX,VTR,VTRS,VZ,WAB,WAT,WBD,WDC,WEC,WELL,WFC,WM,WMB,WMT,WRB,WST,WTW,WY,WYNN,XEL,XOM,XYL,YUM,ZBH,ZBRA,ZTS"
2023-12-31,"A,AAPL,ABBV,ABNB,ABT,ACGL,ACN,ADBE,ADI,ADM,ADP,ADSK,AEE,AEP,AES,AFL,AIG,AIZ,AJG,AKAM,ALB,ALGN,ALL,ALLE,AMAT,AMCR,AMD,AME,AMGN,AMP,AMT,AMZN,ANET,AON,AOS,APA,APD,APH,APO,APP,APTV,ARE,ARES,ATO,AVB,AVGO,AVY,AWK,AXON,AXP,AZO,BA,BAC,BALL,BAX,BBY,BDX,BEN,BF-B,BG,BIIB,BK,BKNG,BKR,BLDR,BLK,BMY,BR,BRK-B,BRO,BSX,BX,BXP,C,CAG,CAH,CARR,CAT,CB,CBOE,CBRE,CCI,CCL,CDNS,CDW,CEG,CF,CFG,CHD,CHRW,CHTR,CI,CIEN,CINF,CL,CLX,CMCSA,CME,CMG,CMI,CMS,CNC,CNP,COF,COIN,COO,COP,COR,COST,CPAY,CPB,CPRT,CPT,CRH,CRL,CRM,CRWD,CSCO,CSGP,CSX,CTAS,CTRA,CTSH,CTVA,CVNA,CVS,CVX,D,DAL,DASH,DD,DDOG,DE,DECK,DELL,DG,DGX,DHI,DHR,DIS,DLR,DLTR,DOC,DOV,DOW,DPZ,DRI,DTE,DUK,DVA,DVN,DXCM,EA,EBAY,ECL,ED,EFX,EG,EIX,EL,ELV,EME,EMR,EOG,EPAM,EQIX,EQR,EQT,ERIE,ES,ESS,ETN,ETR,EVRG,EW,EXC,EXE,EXPD,EXPE,EXR,F,FANG,FAST,FCX,FDS,FDX,FE,FFIV,FICO,FIS,FISV,FITB,FIX,FOX,FOXA,FRT,FSLR,FTNT,FTV,GD,GDDY,GE,GEHC,GEN,GEV,GILD,GIS,GL,GLW,GM,GNRC,GOOG,GOOGL,GPC,GPN,GRMN,GS,GWW,HAL,HAS,HBAN,HCA,HD,HIG,HII,HLT,HOLX,HON,HOOD,HPE,HPQ,HRL,HSIC,HST,HSY,HUBB,HUM,HWM,IBKR,IBM,ICE,IDXX,IEX,IFF,INCY,INTC,INTU,INVH,IP,IQV,IR,IRM,ISRG,IT,ITW,IVZ,J,JBHT,JBL,JCI,JKHY,JNJ,JPM,KDP,KEY,KEYS,KHC,KIM,KKR,KLAC,KMB,KMI,KO,KR,KVUE,L,LDOS,LEN,LH,LHX,LII,LIN,LLY,LMT,LNT,LOW,LRCX,LULU,LUV,LVS,LW,LYB,LYV,MA,MAA,MAR,MAS,MCD,MCHP,MCK,MCO,MDLZ,MDT,MET,META,MGM,MKC,MLM,MMM,MNST,MO,MOH,MOS,MPC,MPWR,MRK,MRNA,MRSH,MS,MSCI,MSFT,MSI,MTB,MTCH,MTD,MU,NCLH,NDAQ,NDSN,NEE,NEM,NFLX,NI,NKE,NOC,NOW,NRG,NSC,NTAP,NTRS,NUE,NVDA,NVR,NWS,NWSA,NXPI,O,ODFL,OKE,OMC,ON,ORCL,ORLY,OTIS,OXY,PANW,PAYC,PAYX,PCAR,PCG,PEG,PEP,PFE,PFG,PG,PGR,PH,PHM,PKG,PLD,PLTR,PM,PNC,PNR,PNW,PODD,POOL,PPG,PPL,PRU,PSA,PSKY,PSX,PTC,PWR,PYPL,Q,QCOM,RCL,REG,REGN,RF,RJF,RL,RMD,ROK,ROL,ROP,ROST,RSG,RTX,RVTY,SBAC,SBUX,SCHW,SHW,SJM,SLB,SMCI,SNA,SNDK,SNPS,SO,SOLV,SPG,SPGI,SRE,STE,STLD,STT,STX,STZ,SW,SWK,SWKS,SYF,SYK,SYY,T,TAP,TDG,TDY,TECH,TEL,TER,TFC,TGT,TJX,TKO,TMO,TMUS,TPL,TPR,TRGP,TRMB,TROW,TRV,TSCO,TSLA,TSN,TT,TTD,TTWO,TXN,TXT,TYL,UAL,UBER,UDR,UHS,ULTA,UNH,UNP,UPS,URI,USB,V,VICI,VLO,VLTO,VMC,VRSK,VRSN,VRTX,VST,VTR,VTRS,VZ,WAB,WAT,WBD,WDAY,WDC,WEC,WELL,WFC,WM,WMB,WMT,WRB,WSM,WST,WTW,WY,WYNN,XEL,XOM,XYL,XYZ,YUM,ZBH,ZBRA,ZTS"
